

CREATE TABLE `accounts` (
  `id` int(10) unsigned NOT NULL AUTO_INCREMENT,
  `account_no` varchar(191) COLLATE utf8mb4_unicode_ci NOT NULL,
  `name` varchar(191) COLLATE utf8mb4_unicode_ci NOT NULL,
  `initial_balance` double DEFAULT NULL,
  `total_balance` double NOT NULL,
  `note` text COLLATE utf8mb4_unicode_ci DEFAULT NULL,
  `is_default` tinyint(1) DEFAULT NULL,
  `is_active` tinyint(1) NOT NULL,
  `created_at` timestamp NULL DEFAULT NULL,
  `updated_at` timestamp NULL DEFAULT NULL,
  PRIMARY KEY (`id`)
) ENGINE=InnoDB AUTO_INCREMENT=4 DEFAULT CHARSET=utf8mb4 COLLATE=utf8mb4_unicode_ci;

INSERT INTO accounts VALUES("1","11111","Sales Account","500000","500000","رصيد افتاححي","1","1","2018-12-18 04:58:02","2021-11-28 10:47:21");



CREATE TABLE `adjustments` (
  `id` int(10) unsigned NOT NULL AUTO_INCREMENT,
  `reference_no` varchar(191) COLLATE utf8mb4_unicode_ci NOT NULL,
  `warehouse_id` int(11) NOT NULL,
  `document` varchar(191) COLLATE utf8mb4_unicode_ci DEFAULT NULL,
  `total_qty` double NOT NULL,
  `item` int(11) NOT NULL,
  `note` text COLLATE utf8mb4_unicode_ci DEFAULT NULL,
  `created_at` timestamp NULL DEFAULT NULL,
  `updated_at` timestamp NULL DEFAULT NULL,
  PRIMARY KEY (`id`)
) ENGINE=InnoDB AUTO_INCREMENT=3 DEFAULT CHARSET=utf8mb4 COLLATE=utf8mb4_unicode_ci;




CREATE TABLE `attendances` (
  `id` int(10) unsigned NOT NULL AUTO_INCREMENT,
  `date` date NOT NULL,
  `employee_id` int(11) NOT NULL,
  `user_id` int(11) NOT NULL,
  `checkin` varchar(191) COLLATE utf8mb4_unicode_ci NOT NULL,
  `checkout` varchar(191) COLLATE utf8mb4_unicode_ci NOT NULL,
  `status` int(11) NOT NULL,
  `note` text COLLATE utf8mb4_unicode_ci DEFAULT NULL,
  `created_at` timestamp NULL DEFAULT NULL,
  `updated_at` timestamp NULL DEFAULT NULL,
  PRIMARY KEY (`id`)
) ENGINE=InnoDB AUTO_INCREMENT=7 DEFAULT CHARSET=utf8mb4 COLLATE=utf8mb4_unicode_ci;




CREATE TABLE `billers` (
  `id` int(10) unsigned NOT NULL AUTO_INCREMENT,
  `name` varchar(191) COLLATE utf8mb4_unicode_ci NOT NULL,
  `image` varchar(191) COLLATE utf8mb4_unicode_ci DEFAULT NULL,
  `company_name` varchar(191) COLLATE utf8mb4_unicode_ci NOT NULL,
  `vat_number` varchar(191) COLLATE utf8mb4_unicode_ci DEFAULT NULL,
  `email` varchar(191) COLLATE utf8mb4_unicode_ci NOT NULL,
  `phone_number` varchar(191) COLLATE utf8mb4_unicode_ci NOT NULL,
  `address` varchar(191) COLLATE utf8mb4_unicode_ci NOT NULL,
  `city` varchar(191) COLLATE utf8mb4_unicode_ci NOT NULL,
  `state` varchar(191) COLLATE utf8mb4_unicode_ci DEFAULT NULL,
  `postal_code` varchar(191) COLLATE utf8mb4_unicode_ci DEFAULT NULL,
  `country` varchar(191) COLLATE utf8mb4_unicode_ci DEFAULT NULL,
  `is_active` tinyint(1) DEFAULT NULL,
  `created_at` timestamp NULL DEFAULT NULL,
  `updated_at` timestamp NULL DEFAULT NULL,
  PRIMARY KEY (`id`)
) ENGINE=InnoDB AUTO_INCREMENT=9 DEFAULT CHARSET=utf8mb4 COLLATE=utf8mb4_unicode_ci;

INSERT INTO billers VALUES("1","توب جفت",".jpg","شركة توب جفت","%0","info@top-gift.com","0910926785-0943402781","توب جفت","توب جفت","","","مصر","1","2018-05-13 00:49:30","2021-11-26 14:03:39");
INSERT INTO billers VALUES("2","tariq","","big tree","","tariq@bigtree.com","321312","khulshi","chittagong","","","","1","2018-05-13 00:57:54","2021-08-15 10:48:14");
INSERT INTO billers VALUES("3","test","","test","","test@test.com","3211","erewrwqre","afsf","","","","1","2018-05-30 05:38:58","2018-05-30 05:39:57");
INSERT INTO billers VALUES("5","modon","mogaTel.jpg","mogaTel","","modon@gmail.com","32321","nasirabad","chittagong","","","bd","0","2018-09-01 06:59:54","2022-01-26 12:57:46");
INSERT INTO billers VALUES("6","a","","a","","a@a.com","q","q","q","","","","1","2018-10-07 05:33:39","2018-10-07 05:34:18");
INSERT INTO billers VALUES("7","a","","a","","a@a.com","a","a","a","","","","1","2018-10-07 05:34:36","2018-10-07 05:36:07");
INSERT INTO billers VALUES("8","x","x.png","x","","x@x.com","x","x","x","","","","1","2019-03-18 13:02:42","2021-08-15 10:48:14");



CREATE TABLE `brands` (
  `id` int(10) unsigned NOT NULL AUTO_INCREMENT,
  `title` varchar(191) COLLATE utf8mb4_unicode_ci NOT NULL,
  `image` varchar(191) COLLATE utf8mb4_unicode_ci DEFAULT NULL,
  `is_active` tinyint(1) DEFAULT NULL,
  `created_at` timestamp NULL DEFAULT NULL,
  `updated_at` timestamp NULL DEFAULT NULL,
  PRIMARY KEY (`id`)
) ENGINE=InnoDB AUTO_INCREMENT=11 DEFAULT CHARSET=utf8mb4 COLLATE=utf8mb4_unicode_ci;

INSERT INTO brands VALUES("3","HP","HP.jpg","1","2018-05-12 12:06:14","2019-03-02 07:32:21");
INSERT INTO brands VALUES("4","samsung","samsung.jpg","1","2018-05-12 12:08:41","2018-07-04 06:38:37");
INSERT INTO brands VALUES("5","Apple","Apple.jpg","1","2018-09-01 02:34:49","2018-12-06 05:05:38");
INSERT INTO brands VALUES("6","jjjj","20201019093419.jpg","0","2020-10-19 18:33:52","2020-10-19 18:35:58");
INSERT INTO brands VALUES("7","Lotto","","1","2020-11-16 06:13:41","2020-11-16 06:13:41");
INSERT INTO brands VALUES("8","مستورد","","1","2021-08-15 11:36:12","2021-08-15 11:36:12");
INSERT INTO brands VALUES("9","standard","","1","2021-08-17 23:05:43","2021-08-17 23:05:43");
INSERT INTO brands VALUES("10","food","","1","2021-08-17 23:15:39","2021-08-17 23:15:39");



CREATE TABLE `cash_registers` (
  `id` int(10) unsigned NOT NULL AUTO_INCREMENT,
  `cash_in_hand` double NOT NULL,
  `user_id` int(11) NOT NULL,
  `warehouse_id` int(11) NOT NULL,
  `status` tinyint(1) NOT NULL,
  `created_at` timestamp NULL DEFAULT NULL,
  `updated_at` timestamp NULL DEFAULT NULL,
  PRIMARY KEY (`id`)
) ENGINE=InnoDB AUTO_INCREMENT=11 DEFAULT CHARSET=utf8mb4 COLLATE=utf8mb4_unicode_ci;

INSERT INTO cash_registers VALUES("9","0","1","2","1","2021-11-28 14:20:08","2021-11-28 14:20:08");
INSERT INTO cash_registers VALUES("10","0","1","1","1","2022-10-02 21:02:43","2022-10-02 21:02:43");



CREATE TABLE `categories` (
  `id` int(10) unsigned NOT NULL AUTO_INCREMENT,
  `name` varchar(191) COLLATE utf8mb4_unicode_ci NOT NULL,
  `image` varchar(191) COLLATE utf8mb4_unicode_ci DEFAULT NULL,
  `parent_id` int(11) DEFAULT NULL,
  `is_active` tinyint(1) DEFAULT NULL,
  `created_at` timestamp NULL DEFAULT NULL,
  `updated_at` timestamp NULL DEFAULT NULL,
  PRIMARY KEY (`id`)
) ENGINE=InnoDB AUTO_INCREMENT=8 DEFAULT CHARSET=utf8mb4 COLLATE=utf8mb4_unicode_ci;

INSERT INTO categories VALUES("1","عرايس سوفت","","","0","2021-10-10 20:57:56","2021-11-25 17:22:15");
INSERT INTO categories VALUES("2","بوكسات هدايا","","","1","2021-10-10 20:58:15","2021-10-10 20:58:15");
INSERT INTO categories VALUES("3","ورد صناعي وطبيعي","","","1","2021-12-27 17:47:10","2021-12-27 17:47:10");
INSERT INTO categories VALUES("4","اكياس هدايا","","","1","2021-12-30 14:07:55","2021-12-30 14:07:55");
INSERT INTO categories VALUES("5","نسترو","","","1","2021-12-30 14:08:07","2021-12-30 14:08:07");
INSERT INTO categories VALUES("6","ورق تغليف","","","1","2021-12-30 14:08:44","2021-12-30 14:08:44");
INSERT INTO categories VALUES("7","هدايا","","","1","2022-02-09 13:43:06","2022-02-09 13:43:06");



CREATE TABLE `coupons` (
  `id` int(10) unsigned NOT NULL AUTO_INCREMENT,
  `code` varchar(191) COLLATE utf8mb4_unicode_ci NOT NULL,
  `type` varchar(191) COLLATE utf8mb4_unicode_ci NOT NULL,
  `amount` double NOT NULL,
  `minimum_amount` double DEFAULT NULL,
  `quantity` int(11) NOT NULL,
  `used` int(11) NOT NULL,
  `expired_date` date NOT NULL,
  `user_id` int(11) NOT NULL,
  `is_active` tinyint(1) NOT NULL,
  `created_at` timestamp NULL DEFAULT NULL,
  `updated_at` timestamp NULL DEFAULT NULL,
  PRIMARY KEY (`id`)
) ENGINE=InnoDB AUTO_INCREMENT=3 DEFAULT CHARSET=utf8mb4 COLLATE=utf8mb4_unicode_ci;




CREATE TABLE `currencies` (
  `id` bigint(20) unsigned NOT NULL AUTO_INCREMENT,
  `name` varchar(191) COLLATE utf8mb4_unicode_ci NOT NULL,
  `code` varchar(191) COLLATE utf8mb4_unicode_ci NOT NULL,
  `exchange_rate` double NOT NULL,
  `created_at` timestamp NULL DEFAULT NULL,
  `updated_at` timestamp NULL DEFAULT NULL,
  PRIMARY KEY (`id`)
) ENGINE=InnoDB AUTO_INCREMENT=3 DEFAULT CHARSET=utf8mb4 COLLATE=utf8mb4_unicode_ci;

INSERT INTO currencies VALUES("1","دينار","دينار","1","2020-11-01 02:22:58","2022-03-12 20:26:18");
INSERT INTO currencies VALUES("2","Euro","Euro","0.85","2020-11-01 03:29:12","2020-11-11 01:15:34");



CREATE TABLE `customer_groups` (
  `id` int(10) unsigned NOT NULL AUTO_INCREMENT,
  `name` varchar(191) COLLATE utf8mb4_unicode_ci NOT NULL,
  `percentage` varchar(191) COLLATE utf8mb4_unicode_ci NOT NULL,
  `is_active` tinyint(1) DEFAULT NULL,
  `created_at` timestamp NULL DEFAULT NULL,
  `updated_at` timestamp NULL DEFAULT NULL,
  PRIMARY KEY (`id`)
) ENGINE=InnoDB AUTO_INCREMENT=6 DEFAULT CHARSET=utf8mb4 COLLATE=utf8mb4_unicode_ci;

INSERT INTO customer_groups VALUES("1","general","0","1","2018-05-12 11:09:36","2019-03-02 08:01:35");
INSERT INTO customer_groups VALUES("2","distributor","-10","1","2018-05-12 11:12:14","2019-03-02 08:02:12");
INSERT INTO customer_groups VALUES("3","reseller","5","1","2018-05-12 11:12:26","2018-05-30 04:18:14");
INSERT INTO customer_groups VALUES("4","test","12","0","2018-05-30 04:17:16","2018-05-30 04:17:57");
INSERT INTO customer_groups VALUES("5","test","0","0","2018-08-03 12:10:27","2018-08-03 12:10:34");



CREATE TABLE `customers` (
  `id` int(10) unsigned NOT NULL AUTO_INCREMENT,
  `customer_group_id` int(11) NOT NULL,
  `user_id` int(11) DEFAULT NULL,
  `name` varchar(191) COLLATE utf8mb4_unicode_ci NOT NULL,
  `company_name` varchar(191) COLLATE utf8mb4_unicode_ci DEFAULT NULL,
  `email` varchar(191) COLLATE utf8mb4_unicode_ci DEFAULT NULL,
  `phone_number` varchar(191) COLLATE utf8mb4_unicode_ci NOT NULL,
  `tax_no` varchar(191) COLLATE utf8mb4_unicode_ci DEFAULT NULL,
  `address` varchar(191) COLLATE utf8mb4_unicode_ci NOT NULL,
  `city` varchar(191) COLLATE utf8mb4_unicode_ci NOT NULL,
  `state` varchar(191) COLLATE utf8mb4_unicode_ci DEFAULT NULL,
  `postal_code` varchar(191) COLLATE utf8mb4_unicode_ci DEFAULT NULL,
  `country` varchar(191) COLLATE utf8mb4_unicode_ci DEFAULT NULL,
  `deposit` double DEFAULT NULL,
  `expense` double DEFAULT NULL,
  `is_active` tinyint(1) DEFAULT NULL,
  `created_at` timestamp NULL DEFAULT NULL,
  `updated_at` timestamp NULL DEFAULT NULL,
  PRIMARY KEY (`id`)
) ENGINE=InnoDB AUTO_INCREMENT=294 DEFAULT CHARSET=utf8mb4 COLLATE=utf8mb4_unicode_ci;

INSERT INTO customers VALUES("1","1","22","dhiman","lioncoders","dhiman@gmail.com","+8801111111101","","kajir deuri","chittagong","","","bd","190","20","0","2018-05-12 13:00:48","2021-08-18 22:56:48");
INSERT INTO customers VALUES("2","2","","moinul","lioncoders","","+8801200000001","","jamalkhan","chittagong","","","bd","100","20","0","2018-05-12 13:04:51","2021-08-18 22:56:48");
INSERT INTO customers VALUES("3","3","","tariq","big tree","","3424","","khulshi","chittagong","","","bd","","","0","2018-05-12 13:07:52","2021-08-18 22:56:48");
INSERT INTO customers VALUES("4","1","","test","","","4234","","frwerw","qwerwqr","","","","","","0","2018-05-30 04:35:28","2018-05-30 04:37:38");
INSERT INTO customers VALUES("8","1","","anwar","smart it","anwar@smartit.com","32321","","nasirabad","chittagong","","","bd","","","0","2018-09-01 06:26:13","2018-09-01 06:29:55");
INSERT INTO customers VALUES("11","1","","زائر ","","VISTOR@gmail.com","01.......","11111","بلبيس"," بلبيس","","","","","0","0","2018-09-02 04:30:54","2021-10-10 21:17:33");
INSERT INTO customers VALUES("15","1","","s","","","2","","s","3e","","","","","","0","2018-11-05 06:00:39","2018-11-08 05:37:08");
INSERT INTO customers VALUES("16","1","","asas","","","2121","","dasd","asdd","","","","","","0","2018-12-01 02:07:53","2018-12-03 23:55:46");
INSERT INTO customers VALUES("17","1","","sadman","","","312312","","khulshi","ctg","","","","","","0","2020-06-22 12:45:35","2020-06-22 12:45:51");
INSERT INTO customers VALUES("19","1","19","shakalaka","Digital image","shakalaka@gmail.com","1212","999","Andorkillah","Chittagong","Chittagong","1234","Bangladesh","","","0","2020-11-09 02:07:16","2021-08-18 22:56:48");
INSERT INTO customers VALUES("21","1","21","Modon Miya","modon company","modon@gmail.com","2222","","kuril road","Dhaka","","","","","","0","2020-11-13 09:12:11","2021-08-18 22:56:49");
INSERT INTO customers VALUES("24","1","","علاء ابو طالب","","","01016881514","","الموسكس","ز","","","","","","0","2021-10-10 21:10:55","2021-10-10 21:17:41");
INSERT INTO customers VALUES("25","1","","زائر","زائر","test@test.com","01002390299","0","0","0","0","0","","","-40","0","2021-10-15 12:03:02","2021-11-28 14:14:30");
INSERT INTO customers VALUES("26","1","","ابراهيم عين زاره","","","0915917771","","عين زاره\ شارع المشتل","عين زاره","","","","","","1","2021-11-28 14:11:08","2021-11-28 14:11:08");
INSERT INTO customers VALUES("27","1","","رواد مكتبه العلامه","قرطاسيه العلامه","","0910222255","","حي دمشق","طرابلس","","","","","","1","2021-11-28 14:12:36","2021-11-28 14:12:36");
INSERT INTO customers VALUES("28","1","","محمد عين زاره","","","0926291815","","اربع شوارع زواته","عين زاره","","","","","","1","2021-11-28 14:13:59","2021-11-28 14:13:59");
INSERT INTO customers VALUES("29","1","","طارق غريان","","","0927681590","","غريان","غريان","","","","","","1","2021-11-28 14:15:58","2021-11-28 14:15:58");
INSERT INTO customers VALUES("30","1","","انس","انس","","0910614650","","صرمان","صرمان","","","","","","1","2021-11-28 14:17:14","2021-11-28 14:17:14");
INSERT INTO customers VALUES("31","1","","هشام ازلتني","وافي","","0914671068","","سوق الجمعه","طرابلس","","","","","","1","2021-12-21 22:39:57","2021-12-21 22:39:57");
INSERT INTO customers VALUES("32","1","","محمد سوفانا","سوفانا","","0910375372","","شارع الظل","طرابلس","","","","","","1","2021-12-22 08:52:19","2021-12-22 08:52:19");
INSERT INTO customers VALUES("33","1","","محمد بالحاج","قرطاسيه اقلام الولي","","0928418234","","شارع الظل","طرابلس","عميل مميز","","","","","1","2021-12-22 08:53:52","2021-12-22 08:53:52");
INSERT INTO customers VALUES("34","1","","ذياد الزاويه","ذياد","","0911265755","","الزاويه","الزاويه","","","","","","1","2021-12-22 08:55:01","2021-12-22 08:55:01");
INSERT INTO customers VALUES("35","1","","يوسف النسمه","النسمه","","0920000418","","الزاويه","الزاويه","","","","","","1","2021-12-22 08:56:15","2021-12-22 08:56:15");
INSERT INTO customers VALUES("36","1","","حازم ارجوان","ارجوان","","0916339212","","تاجوراء","تاجوراء","","","","","","1","2021-12-22 08:57:54","2021-12-22 08:57:54");
INSERT INTO customers VALUES("37","1","","عبدالباري","عبدالباري","","0911552565","","الترسانه","سوق الجمعه","","","","","","1","2021-12-22 08:58:56","2021-12-22 08:58:56");
INSERT INTO customers VALUES("38","1","","محمد الطويل","الطويري","","0915550091","","الترسانه","سوق الجمعه","","","","","","1","2021-12-22 09:00:35","2021-12-22 09:00:35");
INSERT INTO customers VALUES("39","1","","طارق محل لقطه","طارق","","محل لقطه","","تاجوراء","تاجوراء","","","","","","1","2021-12-22 09:03:26","2021-12-22 09:03:26");
INSERT INTO customers VALUES("40","1","","محمد العبود","العبود","","0910211070","","الخمس","الخمس","","","","","","1","2021-12-22 09:04:45","2021-12-22 09:04:45");
INSERT INTO customers VALUES("41","1","","عبد الفتاح","عبدالفتاح","","8765576765","","تاالبل","الاتحاد","","","","","","0","2021-12-22 09:08:07","2022-05-05 16:18:00");
INSERT INTO customers VALUES("42","1","","ايوب شلبي","مكياجي","","0910307194","","الترسانه","سوق الجمعه","","","","","","1","2021-12-22 09:09:12","2021-12-22 09:09:12");
INSERT INTO customers VALUES("43","1","","حسام كريمه","حسام","","0911249199","","زليتن","زليتن","","","","","","1","2021-12-22 09:10:26","2021-12-22 09:10:26");
INSERT INTO customers VALUES("44","1","","admin","عبدالعزيز","","0917419418","","نالوت","نالوت","","","","","","1","2021-12-22 09:11:15","2022-04-25 16:57:43");
INSERT INTO customers VALUES("45","1","","محمد ضياف","فاشون ستايل","","0944624922","","البيفي","تاجوراء","","","","","","1","2021-12-22 09:12:41","2021-12-22 09:12:41");
INSERT INTO customers VALUES("46","1","","حسين","سحر العيون","","0925057571","","المطرد","المطرد","","","","","","1","2021-12-22 09:13:57","2021-12-22 09:13:57");
INSERT INTO customers VALUES("47","1","","محمد برستيج","برستيج","","0915616680","","ابوسته","ابوسته","","","","","","1","2021-12-22 09:15:02","2021-12-22 09:15:02");
INSERT INTO customers VALUES("48","1","","لطفي","مومنت","","0944091080","","شارع الظل","طرابلس","","","","","","1","2021-12-22 09:16:05","2021-12-22 09:16:05");
INSERT INTO customers VALUES("49","1","","ابراهيم الطويري","الطويري 2","","0914024131","","الترسانه","سوق الجمعه","","","","","","1","2021-12-22 09:17:14","2021-12-22 09:17:14");
INSERT INTO customers VALUES("50","1","","جباري","جباري","","0918757076","","جامع الجاسي","ابوسليم","","","","","","1","2021-12-22 09:19:08","2021-12-22 09:19:08");
INSERT INTO customers VALUES("51","1","","عماد","عماد","","0918518000","","الزاويه","الزاويه","","","","","","1","2021-12-22 09:20:11","2021-12-22 09:20:11");
INSERT INTO customers VALUES("52","1","","باسم الطيب","تاج الطيب","","0923199091","","المطرد","المطرد","","","","","","1","2021-12-22 09:21:06","2021-12-22 09:21:06");
INSERT INTO customers VALUES("53","1","","حاج سالم","سالم","","0927626081","","الزاويه","الزاويه","","","","618","","1","2021-12-22 09:22:08","2022-01-26 12:43:34");
INSERT INTO customers VALUES("54","1","","هيتم","هيتم","","0945366976","","ابوسليم","ابوسليم","","","","","","1","2021-12-22 09:24:22","2021-12-22 09:24:22");
INSERT INTO customers VALUES("55","1","","محمود الدقش","الدقش","","0925663226","","سبها","سبها","","","","","","1","2021-12-22 09:25:51","2021-12-22 09:25:51");
INSERT INTO customers VALUES("56","1","","احمد المدريدي","ماسه","","0915300052","","صبراته","صبراته","","","","","","1","2021-12-22 09:27:20","2021-12-22 09:27:20");
INSERT INTO customers VALUES("57","1","","استاذ اسامه","فكره","","0925961516","","صبراته","صبراته","","","","","","1","2021-12-22 09:28:27","2021-12-22 09:28:27");
INSERT INTO customers VALUES("58","1","","ريحانه سعيد","ريحانه","","0927634629","","نالوت","نالوت","","","","","","1","2021-12-22 09:30:05","2021-12-22 09:30:05");
INSERT INTO customers VALUES("59","1","","احمد الشيباني","الشيباني","","0915878485","","الترسانه","سوق الجمعه","","","","","","1","2021-12-22 09:32:11","2021-12-22 09:32:11");
INSERT INTO customers VALUES("60","1","","محمد احمد","محمد","","99766544","","ببل","طربلس","","","","","","1","2021-12-22 11:37:09","2021-12-22 11:37:09");
INSERT INTO customers VALUES("61","1","","عدنان","كادو","","0911292919","","الزاويه","الزويه","","","","","","1","2021-12-22 12:17:47","2021-12-22 12:17:47");
INSERT INTO customers VALUES("62","1","","محمد كادو صبراته","كادو","","0917336869","","صبراته","صبراته","","","","","","1","2021-12-25 12:10:08","2021-12-25 12:10:08");
INSERT INTO customers VALUES("63","1","","سمير","سمير","","0925696979","","العجيلات","العجيلات","","","","","","1","2021-12-25 12:13:40","2021-12-25 12:13:40");
INSERT INTO customers VALUES("64","1","","محمود بغدادي","بغداي","","0940000853","","جنزور","جنزور","","","","","","1","2021-12-25 14:51:28","2021-12-25 14:51:28");
INSERT INTO customers VALUES("65","1","","سيراج","سيراج","","0926457384","","تاجوراء","تاجوراء","","","","","","1","2021-12-26 11:48:17","2021-12-26 11:48:17");
INSERT INTO customers VALUES("66","1","","بدر","بدر","","0918337500","","تاجوراء","تاجوراء","","","","","","1","2021-12-26 11:50:29","2021-12-26 11:50:29");
INSERT INTO customers VALUES("67","1","","احمد العربي","كادو","","0922866140","","صرمان","صرمان","","","","","","1","2021-12-27 11:09:07","2021-12-27 11:09:07");
INSERT INTO customers VALUES("68","1","","خالد الغرياني","الغرياني","","0925036237","","الطاهره","طربلس","","","","","","1","2021-12-27 18:35:49","2021-12-27 18:35:49");
INSERT INTO customers VALUES("69","1","","ايوب  زهره ليبيا","زهره ليبيا","","091602006","","شارع الظل","طربلس","","","","","","1","2021-12-27 18:41:50","2021-12-27 18:41:50");
INSERT INTO customers VALUES("70","1","","ايمن ابوسليم","ايمن","","0915048580","","ابوسليم","طربلس","","","","","","1","2021-12-27 19:48:29","2021-12-27 19:48:29");
INSERT INTO customers VALUES("71","1","","محمد  ابوسته","ابوسته","","0988654333","","ابوسته","طربلس","","","","","","1","2021-12-27 20:28:30","2021-12-27 20:28:30");
INSERT INTO customers VALUES("72","1","","هشام عيسي","عيسي","","0924006463","","زواره","زواره","","","","","","1","2021-12-28 13:29:19","2021-12-28 13:29:19");
INSERT INTO customers VALUES("73","1","","فادي الهمالي","الهمالي","","0915153003","","الزاويه","الزاويه","","","","","","1","2021-12-29 10:19:43","2021-12-29 10:19:43");
INSERT INTO customers VALUES("74","1","","اصيل مسعودالترهوني","مسعود","","0912117707","","زاويه الدهماني","طلرابلس","","","","","","1","2021-12-30 13:47:43","2021-12-30 13:47:43");
INSERT INTO customers VALUES("75","1","","معاذ لمسات","لمسات","","0920405060","","ابوسليم","ابوسليم","","","","","","1","2022-01-03 12:53:25","2022-01-03 12:53:25");
INSERT INTO customers VALUES("76","1","","احمد معتوق","معتوق","","0923592112","","غريان","غريان","","","","","","1","2022-01-04 15:26:13","2022-01-04 15:26:13");
INSERT INTO customers VALUES("77","1","","احمد الشيخي","الشيخي","","0919787695","","درنه","درنه","","","","","","1","2022-01-04 18:44:17","2022-01-04 18:44:17");
INSERT INTO customers VALUES("78","1","","طارق الصيد","الصيد","","0913911918","","سبها","سبها","","","","","","1","2022-01-06 09:32:52","2022-01-06 09:32:52");
INSERT INTO customers VALUES("79","1","","احمد  العقبي","شغف","","0926875000","","المطرد","المطرد","","","","","","1","2022-01-12 10:32:44","2022-01-12 10:32:44");
INSERT INTO customers VALUES("80","1","","ايوب وردتي","وردتي","","0915058635","","سيتي مول","الدريببي","","","","","","1","2022-01-13 13:10:59","2022-01-13 13:10:59");
INSERT INTO customers VALUES("81","1","","يامن علاء","يامن","","0910926785","","باب بن غشير","طرابلس","","","","","","1","2022-01-15 13:38:00","2022-01-15 13:38:00");
INSERT INTO customers VALUES("82","1","","عمران شعيب","الماسه","","0914212129","","الزاويه","الزاويه","","","","","","1","2022-01-18 12:53:43","2022-01-18 12:53:43");
INSERT INTO customers VALUES("83","1","","معتز","معتز","","0910087711","","زليتن","زليتن","","","","","","1","2022-01-27 12:23:14","2022-01-27 12:23:14");
INSERT INTO customers VALUES("84","1","","محمود فيرونا","فيرونا","","0910042241","","شارع جرابه الجاعنين","طرابلس","","","","","","1","2022-02-08 09:27:10","2022-02-08 09:27:10");
INSERT INTO customers VALUES("85","1","","نوري صرمان","نوري","","0910425792","","صرمان","صرمان","","","","","","1","2022-02-09 11:07:28","2022-02-09 11:07:28");
INSERT INTO customers VALUES("86","1","","ايفين","ايفين","","0928630472","","ابوسليم","ابوسليم","","","","","","1","2022-02-10 15:22:02","2022-02-10 15:22:02");
INSERT INTO customers VALUES("87","1","","ايهم الميساوي","ايهم","","0917516832","","الزاويه","الزاويه","","","","","","1","2022-02-12 10:15:58","2022-02-12 10:15:58");
INSERT INTO customers VALUES("88","1","","علاء نور سان","نور سان","","0923282000","","المطرد","المطرد","","","","","","1","2022-02-12 10:17:18","2022-02-12 10:17:18");
INSERT INTO customers VALUES("89","1","","احمد الافندر","احمد","","0910626130","","صبراته","صبراته","","","","","","1","2022-02-12 10:18:51","2022-02-12 10:18:51");
INSERT INTO customers VALUES("90","1","","محل العنود","العنود","","0914507104","","بنغازي","بنغازي","","","","","","1","2022-02-12 10:20:03","2022-02-12 10:20:03");
INSERT INTO customers VALUES("91","1","","محمد حموده","حموده","","0923141282","","صبراته","صبراته","","","","","","1","2022-02-12 10:23:58","2022-02-12 10:23:58");
INSERT INTO customers VALUES("92","1","","محمد العنود","العنود","","0923878766","","الخمس","الخمس","","","","","","1","2022-02-12 12:14:09","2022-02-12 12:14:09");
INSERT INTO customers VALUES("93","1","","admin","ريفان","","918796692","","صبراته","صبراته","","","","","","1","2022-02-13 13:52:27","2022-07-27 18:08:54");
INSERT INTO customers VALUES("94","1","","مهند فور يو","","","0927947730","","المطرد","المطرد","","","","","","1","2022-02-13 13:56:14","2022-02-13 13:56:14");
INSERT INTO customers VALUES("95","1","","ياسين","ياسين","","86645576645587","","ميدان الشهداء","طرابلس","","","","","","1","2022-02-13 19:46:01","2022-02-13 19:46:01");
INSERT INTO customers VALUES("96","1","","خالد العالم","العالم","","0913216766","","الكريميه","طرابلس","","","","","","1","2022-02-14 11:12:29","2022-02-14 11:12:29");
INSERT INTO customers VALUES("97","1","","عميل","عميل","","87757565767","","القربولي","القربولي","","","","","","1","2022-02-26 15:15:52","2022-02-26 15:15:52");
INSERT INTO customers VALUES("98","1","","يوسف محمود سبها","يوسف","","0944650919","","سبها","سبها","","","","","","1","2022-03-27 14:56:34","2022-03-27 14:56:34");
INSERT INTO customers VALUES("99","1","","admin","ابوعزه","","0922005002","","الحشان","طرابلس","","","","","","1","2022-04-03 21:18:00","2022-05-09 19:49:06");
INSERT INTO customers VALUES("100","1","","مهند الهادي","فور يو","","0916635331","","المطرد","المطرد","","","","","","1","2022-04-04 10:56:04","2022-04-04 10:56:04");
INSERT INTO customers VALUES("101","1","","محمد اسباركل","اسباركل","","0945323260","","المطرد","المطرد","","","","","","1","2022-04-04 10:59:22","2022-04-04 10:59:22");
INSERT INTO customers VALUES("102","1","","ليث الصبراتي","فضانيتي","","0921431455","","صبراته","صبراته","","","","","","1","2022-04-04 21:36:24","2022-04-04 21:36:24");
INSERT INTO customers VALUES("103","1","","ايهاب","ايهاب","","0925949502","","صبراته","صبراته","","","","","","1","2022-04-06 12:49:44","2022-04-06 12:49:44");
INSERT INTO customers VALUES("104","1","","محمد عوينات","عوينات","alaaabo_taleb2000@yahoo.com","0945004893","","الدريبي","طرابلس","","","","","","1","2022-04-07 21:39:28","2022-04-07 21:39:28");
INSERT INTO customers VALUES("105","1","","نزار القراضي","نزار","","0925185354","","صرمان","صرمان","","","","","","1","2022-04-11 13:29:52","2022-04-11 13:29:52");
INSERT INTO customers VALUES("106","1","","سند","سند","alaaabo_taleb2000@yahoo.com","0914427002","","شارع عوتي","طرابلس","","","","","","1","2022-04-16 16:21:48","2022-04-16 16:21:48");
INSERT INTO customers VALUES("107","1","","احمد دويله","جويل","","0925527055","","الخمس","الخمس","","","","","","1","2022-04-17 10:42:51","2022-04-17 10:42:51");
INSERT INTO customers VALUES("108","1","","محمد ارض الجمال","ارض الجمال","","0922159592","","مصراته","مصراته","","","","","","1","2022-04-17 11:08:46","2022-04-17 11:08:46");
INSERT INTO customers VALUES("109","1","","بشير  الشاويش","بشير","","0928742173","","مصراته","مصراته","","","","","","1","2022-04-17 11:14:00","2022-04-17 11:14:00");
INSERT INTO customers VALUES("110","1","","استاذ احمد","احمد","","0910211071","","الخمس","الخمس","","","","","","1","2022-04-17 12:00:18","2022-04-17 12:00:18");
INSERT INTO customers VALUES("111","1","","محل نور","نور","","0913656916","","تاجوراء","طرابلس","","","","","","1","2022-04-21 16:17:19","2022-04-21 16:17:19");
INSERT INTO customers VALUES("112","1","","محمد وادي","وادي","","0913660890","","حي دمشق","طرابلس","","","","1000","","1","2022-04-22 15:57:09","2022-04-24 00:41:06");
INSERT INTO customers VALUES("113","1","","علي اسباركل","اسباركل","","0928248439","","المطرد","المطرد","","","","","","1","2022-04-24 10:48:56","2022-04-24 10:48:56");
INSERT INTO customers VALUES("114","1","","عبدالرؤوف الشيخ","الشيخ","","0913719180","","تاجوراء","طرابلس","","","","","","1","2022-04-25 10:32:55","2022-04-25 10:32:55");
INSERT INTO customers VALUES("115","1","","ادم  سربريس","سربريس","","0911889438","","بني وليد","بني وليد","","","","","","1","2022-04-25 14:02:37","2022-04-25 14:02:37");
INSERT INTO customers VALUES("116","1","","استاذ عبدالعزيز عمر","عمر","","917419418","","نالوت","نالوت","","","","","","1","2022-04-25 17:05:23","2022-04-25 17:05:23");
INSERT INTO customers VALUES("117","1","","احمد مهند","احمد","","0923030821","","ابوسليم","طرابلس","","","","","","1","2022-04-26 21:01:16","2022-04-26 21:01:16");
INSERT INTO customers VALUES("118","1","","عز الدين مسلاته","عز الدين","","0920598598","","مسلاته","مسلاته","","","","","","1","2022-04-27 10:52:27","2022-04-27 10:52:27");
INSERT INTO customers VALUES("119","1","","عبدالله الغول","الغول","","0914134051","","حي دمشق","طرابلس","","","","","","1","2022-04-27 12:43:07","2022-04-27 12:43:07");
INSERT INTO customers VALUES("120","1","","جبران الحصادى","الحصادي","","0917228885","","درنه","درنه","","","","","","1","2022-04-27 22:31:22","2022-04-27 22:31:22");
INSERT INTO customers VALUES("121","1","","محمود القصر","محمود","","0913218075","","قصر بن غشير","قصر بن غشير","","","","","","1","2022-04-28 10:01:26","2022-04-28 10:01:26");
INSERT INTO customers VALUES("122","1","","اسامه سرت","اسامه","","0924032569","","سرت","سرت","","","","","","1","2022-04-28 13:56:58","2022-04-28 13:56:58");
INSERT INTO customers VALUES("123","1","","علي البكوش","البكوش","","0910871275","","زويه الدهماني","طرابلس","","","","","","1","2022-04-29 11:54:29","2022-04-29 11:54:29");
INSERT INTO customers VALUES("124","1","","طارق هويسه","طارق","","0914909293","","ورشفانه","طرابلس","","","","","","1","2022-05-05 10:04:07","2022-05-05 10:04:07");
INSERT INTO customers VALUES("125","1","","ايوب نوري","ايوب","","0928022458","","سوق الخميس","طرابلس","","","","","","1","2022-05-05 10:31:42","2022-05-05 10:31:42");
INSERT INTO customers VALUES("126","1","","حيدر","حيدر","","0921309526","","تاجوراء","تاجوراء","","","","","","1","2022-05-05 14:15:24","2022-05-05 14:15:24");
INSERT INTO customers VALUES("127","1","","مسعود","مسعود","","0917577767","","تيجي","تيجي","","","","","","1","2022-05-07 09:25:02","2022-05-07 09:25:02");
INSERT INTO customers VALUES("128","1","","محمد ابوعزه","ابوعزه","","0910217194","","زناته","زناته","","","","","","1","2022-05-07 12:34:57","2022-05-07 12:34:57");
INSERT INTO customers VALUES("129","1","","احمد حمد امقرب","محل داماس","","0919741657","","جالو","جالو","","","","","","1","2022-05-08 15:11:40","2022-05-08 15:11:40");
INSERT INTO customers VALUES("130","1","","محل ايلين","ايلين","","0918881556","","بنغازي","بنغازي","","","","","","1","2022-05-08 16:45:17","2022-05-08 16:45:17");
INSERT INTO customers VALUES("131","1","","محمد رويال","رويال","","0922929230","","السراج","طرابلس","","","","","","1","2022-05-09 19:45:12","2022-05-09 19:45:12");
INSERT INTO customers VALUES("132","1","","فرج","فرج","","0917107912","","اجدابيا","اجدابيا","","","","","","1","2022-05-11 13:03:57","2022-05-11 13:03:57");
INSERT INTO customers VALUES("133","1","","كمال","كمال","","0923214151","","اجدابيا","اجدابيا","","","","","","1","2022-05-11 13:10:22","2022-05-11 13:10:22");
INSERT INTO customers VALUES("134","1","","عمر الطيب","الطيب","","0917216734","","ابوسليم","طرابلس","","","","","","1","2022-05-15 08:28:18","2022-05-15 08:28:18");
INSERT INTO customers VALUES("135","1","","عبدالواحد الصادق","نقش حنه","","0926388962","","القواسم","غريان","","","","","","1","2022-05-18 11:22:09","2022-05-18 11:22:09");
INSERT INTO customers VALUES("136","1","","عبدالسلام  الحوات","الحوات","","0927897883","","الخمس","الخمس","","","","","","1","2022-06-06 14:16:49","2022-06-06 14:16:49");
INSERT INTO customers VALUES("137","1","","مكتبه","مكتبه","","0912130914","","قرقارش ابونواس","طرابلس","","","","","","1","2022-06-07 17:43:11","2022-06-07 17:43:11");
INSERT INTO customers VALUES("138","1","","سالم سلامه","سلامه","","0944551816","","طبرق","طبرق","","","","","","1","2022-06-19 12:08:04","2022-06-19 12:08:04");
INSERT INTO customers VALUES("139","1","","عبد الهادي","ماي جيفت","","09100722375","","مصراته","مصراته","","","","","","1","2022-07-13 11:06:55","2022-07-13 11:06:55");
INSERT INTO customers VALUES("140","1","","استاذ لؤى","الميراس","","0913745540","","البيفي","طرابلس","","","","","","1","2022-07-14 10:41:29","2022-07-14 10:41:29");
INSERT INTO customers VALUES("141","1","","استاذ حماده","حماده","","0914842228","","الكريميه","طرابلس","","","","","","1","2022-07-14 11:17:15","2022-07-14 11:17:15");
INSERT INTO customers VALUES("142","1","","عبدالقادر الفخامه","برستيج الفخامه","","0915555670","","شارع القبطان","طرابلس","","","","","","1","2022-07-27 06:05:12","2022-07-27 06:05:12");
INSERT INTO customers VALUES("143","1","","استاذ حسين","ديزني","","0925065051","","شارع المشتل","عين زاره","","","","","","1","2022-07-27 06:06:12","2022-07-27 06:06:12");
INSERT INTO customers VALUES("144","1","","محمد البوعيشي","البوعيشي","","0925073405","","شارع الظل","طرابلس","","","","","","0","2022-07-27 06:07:28","2022-11-05 09:22:22");
INSERT INTO customers VALUES("145","1","","محمد ريفان 2","ريفان 2","","0925868700","","صبراته","صبراته","","","","","","1","2022-07-27 18:12:58","2022-07-27 18:12:58");
INSERT INTO customers VALUES("146","1","","ماهر","","","0927873875","","صرمان","صرمان","","","","","","1","2022-07-27 18:16:04","2022-07-27 18:16:04");
INSERT INTO customers VALUES("147","1","","فريد اللمعه","فريد","","0928804541","","صرمان","صرمان","","","","","","1","2022-07-27 18:17:48","2022-07-27 18:17:48");
INSERT INTO customers VALUES("148","1","","مراد سنتر نور","سنتر نور","","0929556712","","الزاويه","الزاويه","","","","","","1","2022-07-27 18:24:51","2022-07-27 18:24:51");
INSERT INTO customers VALUES("149","1","","عبدالرحمن بوكيه","بوكيه","","0926571663","","الزاويه","الزاويه","","","","","","1","2022-07-27 18:27:00","2022-07-27 18:27:00");
INSERT INTO customers VALUES("150","1","","احمد اللعبه","اللعبه","","0944087008","","الزاويه","الزاويه","","","","","","1","2022-07-27 18:29:14","2022-07-27 18:29:14");
INSERT INTO customers VALUES("151","1","","انس لورست","لورست","","0926834799","","الزاويه","الزاويه","","","","","","1","2022-07-27 18:31:54","2022-07-27 18:31:54");
INSERT INTO customers VALUES("152","1","","رمضان روييله","رمضان","","0927006357","","الخمس","الخمس","","","","","","1","2022-07-28 19:09:40","2022-07-28 19:09:40");
INSERT INTO customers VALUES("153","1","","حاج صالح","رواسي","","0922070500","","الخمس","الخمس","","","","","","1","2022-07-28 19:11:59","2022-07-28 19:11:59");
INSERT INTO customers VALUES("154","1","","زكريا محل اليين","اليين","","0914751269","","مصراته","مصراته","","","","","","1","2022-07-28 19:14:44","2022-07-28 19:14:44");
INSERT INTO customers VALUES("155","1","","محمد البيطه","ريبون","","0910936146","","مصراته","مصراته","","","","","","1","2022-07-28 19:15:59","2022-07-28 19:15:59");
INSERT INTO customers VALUES("156","1","","محمد محل ميرسي","ميرسي للعطور","","0910989466","","مصراته","مصراته","","","","","","1","2022-07-28 19:17:55","2022-07-28 19:17:55");
INSERT INTO customers VALUES("157","1","","شركه القمه","القمه","","0915551117","","القبطان","طرابلس","","","","","","1","2022-07-30 14:44:36","2022-07-30 14:44:36");
INSERT INTO customers VALUES("158","1","","محمد الحداد","الحداد","","0944312099","","القبطان","طرابلس","","","","","","1","2022-07-30 14:45:40","2022-07-30 14:45:40");
INSERT INTO customers VALUES("159","1","","احمد الشابك","الشابك","","0911417709","","طرابلس","طرابلس","","","","","","1","2022-07-31 07:27:56","2022-07-31 07:27:56");
INSERT INTO customers VALUES("160","1","","يوسف عيسي وردتي","وردتي","","0913616423","","سيتي مول","الدريبي","","","","","","1","2022-07-31 19:03:52","2022-07-31 19:03:52");
INSERT INTO customers VALUES("161","1","","محل فينالا","فينالا","","0923565940","","جنزور","جنزور","","","","","","1","2022-07-31 19:09:06","2022-07-31 19:09:06");
INSERT INTO customers VALUES("162","1","","محل عطار الملكه","عطار الملكه","","0925983845","","العجيلات","العجيلات","","","","","","1","2022-07-31 19:10:05","2022-07-31 19:10:05");
INSERT INTO customers VALUES("163","1","","محل دريم","دريم","","0924102022","","العجيلات","العجيلات","","","","","","1","2022-07-31 19:11:01","2022-07-31 19:11:01");
INSERT INTO customers VALUES("164","1","","محل لدونا","لدونا","","0927553522","","العجيلات","العجيلات","","","","","","1","2022-07-31 19:11:51","2022-07-31 19:11:51");
INSERT INTO customers VALUES("165","1","","مالك","جويل","","0911539797","","الدريبي","طرابلس","","","","","","1","2022-08-01 14:20:12","2022-08-01 14:20:12");
INSERT INTO customers VALUES("166","1","","يوسف  عيسي فيرونا","فيرونا","","0927367147","","جرابه","طرابلس","","","","","","1","2022-08-03 09:36:13","2022-08-03 09:36:13");
INSERT INTO customers VALUES("167","1","","علاء عبدالعظيم","علاء تلابل","","0943402781","","طرابلس","طرابلس","","","","","","1","2022-08-03 10:23:34","2022-08-03 10:23:34");
INSERT INTO customers VALUES("168","1","","عبدالباسط","عبدالباسط","","0910904664","","سوق السبت","قصر بن غشير","","","","","","1","2022-08-03 19:08:54","2022-08-03 19:08:54");
INSERT INTO customers VALUES("169","1","","علي الطالبي","علي","","0928064452","","اسبيعه","قصر بن غشير","","","","","","1","2022-08-03 19:10:26","2022-08-03 19:10:26");
INSERT INTO customers VALUES("170","1","","حسن القصر","حسين","","0919589763","","قصر بن غشير","قصر بن غشير","","","","","","1","2022-08-03 19:11:27","2022-08-03 19:11:27");
INSERT INTO customers VALUES("171","1","","حمزه بو غاليه","حمزه","","0915422024","","سرت","سرت","","","","","","1","2022-08-10 08:30:18","2022-08-10 08:30:18");
INSERT INTO customers VALUES("172","1","","علاء محمد","علاء","","0914032646","","سرت","سرت","","","","","","1","2022-08-10 08:31:19","2022-08-10 08:31:19");
INSERT INTO customers VALUES("173","1","","فرج بوخزام","فرج","","0918831110","","بنغازي","بنغازي","","","","","","1","2022-08-10 08:32:35","2022-08-10 08:32:35");
INSERT INTO customers VALUES("174","1","","مفتاح الصادق","الصادق","","0944309986","","امساعد \طبرق","امساعد","","","","","","1","2022-08-10 08:33:49","2022-08-10 08:33:49");
INSERT INTO customers VALUES("175","1","","ادم العوامي","الامل للزهور","","0923752532","","البيضاء","البيضاء","","","","","","1","2022-08-11 12:44:11","2022-08-11 12:44:11");
INSERT INTO customers VALUES("176","1","","عبدالسلام الواحه","الواحه","","0910033664","","طبرق","طبرق","","","","","","1","2022-08-13 13:18:37","2022-08-13 13:18:37");
INSERT INTO customers VALUES("177","1","","ادريس الشترة","محل مورينا","","0944389554","","اجدابيا","اجدابيا","","","","","","1","2022-08-13 17:12:04","2022-08-13 17:12:04");
INSERT INTO customers VALUES("178","1","","سنوسي الحصنى","الحصني","","0914667036","","درنه","درنه","","","","","","1","2022-08-14 12:01:51","2022-08-14 12:01:51");
INSERT INTO customers VALUES("179","1","","محمد موناكو","موناكو","","0913131231","","مصراته","مصراته","","","","","","1","2022-08-14 13:58:49","2022-08-14 13:58:49");
INSERT INTO customers VALUES("180","1","","احمد رحومه","رحومه","","0925421815","","طبرق","طبرق","","","","","","1","2022-08-16 10:35:48","2022-08-16 10:35:48");
INSERT INTO customers VALUES("181","1","","عبدالسلام رمضان","عبدالسلام","","0913737656","","طبرق","طبرق","","","","","","1","2022-08-16 11:00:15","2022-08-16 11:00:15");
INSERT INTO customers VALUES("182","1","","يوسف  الشولي","الشولي","","0923747682","","درنه","درنه","","","","","","1","2022-08-17 10:29:08","2022-08-17 10:29:08");
INSERT INTO customers VALUES("183","1","","فهد","بلانكا","","091201740","","الكفره","الكفره","","","","","","1","2022-08-22 12:42:39","2022-08-22 12:42:39");
INSERT INTO customers VALUES("184","1","","سيراج","سيراج","","0924845191","","طبرق","طبرق","","","","","","1","2022-08-22 14:26:53","2022-08-22 14:26:53");
INSERT INTO customers VALUES("185","1","","نسرين","نسرين","","0928480812","","درنه","درنه","","","","","","1","2022-08-22 14:28:47","2022-08-22 14:28:47");
INSERT INTO customers VALUES("186","1","","محمد بن خيال","محمد","","0927688891","","درنه","درنه","","","","","","1","2022-08-22 14:36:33","2022-08-22 14:36:33");
INSERT INTO customers VALUES("187","1","","سعد تغليفاتي","تغليفاتي","","0915909942","","شار الظل","طرابلس","","","","","","1","2022-08-22 16:07:08","2022-08-22 16:07:08");
INSERT INTO customers VALUES("188","1","","علي الصغير","الصغير","","0928379164","","سبها","سبها","","","","","","1","2022-08-23 10:33:53","2022-08-23 10:33:53");
INSERT INTO customers VALUES("189","1","","محمد صالح","محمد صالح","","0913158895","","درنه","درنه","","","","","","1","2022-08-24 10:17:50","2022-08-24 10:17:50");
INSERT INTO customers VALUES("190","1","","احمد عوض الصلابي","احمد","","0918774622","","البيضاء","البيضاء","","","","","","1","2022-08-24 10:25:16","2022-08-24 10:25:16");
INSERT INTO customers VALUES("191","1","","عمر الصرماني","عمر","","0910509678","","طبرق","طبرق","","","","","","1","2022-08-24 11:33:18","2022-08-24 11:33:18");
INSERT INTO customers VALUES("192","1","","صالح ادريس","صالح","","0925895639","","البيضاء","البيضاء","","","","","","1","2022-08-25 14:50:06","2022-08-25 14:50:06");
INSERT INTO customers VALUES("193","1","","سالم نوري","سالم","","0924312902","","بنغازي","بنغازي","","","","","","1","2022-08-28 12:57:20","2022-08-28 12:57:20");
INSERT INTO customers VALUES("194","1","","مهند العالم 2","العالم  ديزين","","0947776772","","زناته الجديده","طرابلس","","","","","","1","2022-08-29 13:18:15","2022-08-29 13:18:15");
INSERT INTO customers VALUES("195","1","","حسن محمد","القمه","","0923318283","","الخمس","الخمس","","","","","","1","2022-09-10 08:59:23","2022-09-10 08:59:23");
INSERT INTO customers VALUES("196","1","","محمد الحوات","الورده البيضاء","","0924032811","","الخمس","الحمس","","","","","","1","2022-09-10 09:04:07","2022-09-10 09:04:07");
INSERT INTO customers VALUES("197","1","","علاء الزوي","الماسه","","0928018230","","الكفره","الكفره","","","","","","1","2022-09-11 13:41:34","2022-09-11 13:41:34");
INSERT INTO customers VALUES("198","1","","ايوب نايس","محل نايس","","0922493648","","الزاويه","الزاويه","","","","","","1","2022-09-13 17:20:49","2022-09-13 17:20:49");
INSERT INTO customers VALUES("199","1","","محمد صاله جنا","صاله جنا","","0945969156","","مسلاته","مسلاته","","","","","","1","2022-09-14 07:46:03","2022-09-14 07:46:03");
INSERT INTO customers VALUES("200","1","","محمد سوق السبت","سما","","0924747431","","سوق السبت","سوق السبت","","","","","","1","2022-09-14 08:08:22","2022-09-14 08:08:22");
INSERT INTO customers VALUES("201","1","","اسامه جنزور","اسامه","","0923692283","","جنزور","جنزور","","","","","","1","2022-09-14 08:15:49","2022-09-14 08:15:49");
INSERT INTO customers VALUES("202","1","","ذياد كادبوري","كادبوري","","0923922148","","جنزور","جنزور","","","","","","1","2022-09-14 08:18:45","2022-09-14 08:18:45");
INSERT INTO customers VALUES("203","1","","ذياد القصر","الفراشه","","0926118910","","القصر","القصر","","","","","","1","2022-09-14 17:44:41","2022-09-14 17:44:41");
INSERT INTO customers VALUES("204","1","","حمزه","حمزه","","0928745960","","الساعديه","الساعديه","","","","","","1","2022-09-14 17:46:10","2022-09-14 17:46:10");
INSERT INTO customers VALUES("205","1","","حافظ","حافظ","","0926816142","","غريان","غريان","","","","","","1","2022-09-14 17:48:30","2022-09-14 17:48:30");
INSERT INTO customers VALUES("206","1","","مراد صالح","مراد","","0923123456","","تاجوراء","تاجوراء","","","","","","1","2022-09-20 11:23:51","2022-09-20 11:23:51");
INSERT INTO customers VALUES("207","1","","محل الين","عين زاره","","09238576868475","","عين زاره","عين زاره","","","","","","1","2022-09-21 10:30:56","2022-09-21 10:30:56");
INSERT INTO customers VALUES("208","1","","طه التاجوري","اللمسه الذهبيه","","0919605059","","تاجوراء","تاجوراء","","","","","","1","2022-09-21 10:31:46","2022-09-21 10:31:46");
INSERT INTO customers VALUES("209","1","","محمود صوله","صوله","","0926161816","","تاج مول","تاجوراء","","","","","","1","2022-09-21 10:33:15","2022-09-21 10:33:15");
INSERT INTO customers VALUES("210","1","","عبدالرؤف الصالحي","الصالحي","","0923362059","","السوق المسقوف","ابوسليم","","","","","","1","2022-09-22 15:40:56","2022-09-22 15:40:56");
INSERT INTO customers VALUES("211","1","","محل 212","محل 212","","0911534640","","زليتن","زليتن","","","","","","1","2022-09-25 11:50:28","2022-09-25 11:50:28");
INSERT INTO customers VALUES("212","1","","محل الجوهوه","الجوهره","","0911080109","","الاصابعه","الاصباعه","","","","","","1","2022-09-25 11:51:35","2022-09-25 11:51:35");
INSERT INTO customers VALUES("213","1","","محمد عمر","اساور","","0914016969","","زليتن","زليتن","","","","","","1","2022-09-26 10:04:29","2022-09-26 10:04:29");
INSERT INTO customers VALUES("214","1","","محمد الترهوني","محمد","","0926904748","","بنغازي","بنغازي","","","","","","1","2022-09-26 10:11:53","2022-09-26 10:11:53");
INSERT INTO customers VALUES("215","1","","احمد محل فله","فله","","0913338561","","زاويه الدهماني","طرابلس","","","","","","1","2022-10-01 15:00:00","2022-10-01 15:00:00");
INSERT INTO customers VALUES("216","1","","احمد الطويري","الطويري","","0945337992","","المعري","طرابلس","","","","","","1","2022-10-03 19:40:27","2022-10-03 19:40:27");
INSERT INTO customers VALUES("217","1","","وائل","لمسه","","0920006168","","صرمان","صرمان","","","","","","1","2022-10-04 13:54:50","2022-10-04 13:54:50");
INSERT INTO customers VALUES("218","1","","وليد الساحه","الساحه","","0924224181","","ساحه الشهداء","طرابلس","","","","","","1","2022-10-05 09:24:12","2022-10-05 09:24:12");
INSERT INTO customers VALUES("219","1","","مازن","محل تولين","","0923886044","","طرابلس","طرابلس","","","","","","1","2022-10-05 13:15:49","2022-10-05 13:15:49");
INSERT INTO customers VALUES("220","1","","علاء صوله","لمسه","","0916117623","","صبراته","صبراته","","","","","","1","2022-10-05 14:10:14","2022-10-05 14:10:14");
INSERT INTO customers VALUES("221","1","","ادهم","ادهم","","0919910580","","طرابلس","طرابلس","","","","","","1","2022-10-06 08:57:57","2022-10-06 08:57:57");
INSERT INTO customers VALUES("222","1","","admin","لافندر","","0913371750","","النوفلين","طرابلس","","","","","","0","2022-10-06 14:06:26","2022-10-15 19:05:26");
INSERT INTO customers VALUES("223","1","","علي لافندر","لافندر","","0923371750","","النوفلين","طرابلس","","","","","","1","2022-10-06 14:09:22","2022-10-06 14:09:22");
INSERT INTO customers VALUES("224","1","","عبد المالك","ملك الخواتم","","0922161179","","الخمس","الخمس","","","","","","1","2022-10-08 13:40:28","2022-10-08 13:40:28");
INSERT INTO customers VALUES("225","1","","احمد زناته","احمد","","0926443408","","زناته","طرابلس","","","","","","1","2022-10-09 12:49:51","2022-10-09 12:49:51");
INSERT INTO customers VALUES("226","1","","بهاء الدين","محا عطور","","0926414174","","البيضاء","البيضاء","","","","","","1","2022-10-10 13:30:41","2022-10-10 13:30:41");
INSERT INTO customers VALUES("227","1","","علي الشارف","المتوكل","","0911010167","","غوط الشعال","طرابلس","","","","","","1","2022-10-12 12:09:49","2022-10-12 12:09:49");
INSERT INTO customers VALUES("228","1","","ايوب روبين","روبين","","0945446013","","الهضبه البدري","طرابلس","","","","","","1","2022-10-15 19:02:50","2022-10-15 19:02:50");
INSERT INTO customers VALUES("229","1","","محمد","فيرونيكا","","0915303438","","الضهره","طرابلس","","","","","","1","2022-10-16 11:11:05","2022-10-16 11:11:05");
INSERT INTO customers VALUES("230","1","","ممدوح محل ايه وأميره جنزور","محل ايه واميره","","945367036","","جنزور","طرابلس","","","","","","1","2022-10-21 15:31:04","2022-10-21 15:31:04");
INSERT INTO customers VALUES("231","1","","احمد الفتوري","الفتوري","","0924677826","","صرمان","صرمان","","","","","","1","2022-10-23 15:53:27","2022-10-23 15:53:27");
INSERT INTO customers VALUES("232","1","","مصطفي الككلي","مصطفي الككلي","","0915447255","","الدريبي","طرابلس","","","","","","1","2022-10-25 19:02:58","2022-10-25 19:02:58");
INSERT INTO customers VALUES("233","1","","ليبيا تويز","ليبيا تويز","","0928607339","","طرابلس","طرابلس","","","","","","1","2022-11-03 10:19:15","2022-11-03 10:19:15");
INSERT INTO customers VALUES("234","1","","يونس","يونس اجدابيا","","0910951021","","اجدابيا","اجدابيا","","","","","","1","2022-11-03 15:03:21","2022-11-03 15:03:21");
INSERT INTO customers VALUES("235","1","","حسين محل برجوان","محل برجوان","","0919300819","","طرابلس","طرابلس","","","","","","1","2022-11-05 09:12:20","2022-11-05 09:12:20");
INSERT INTO customers VALUES("236","1","","مروان شارع القبطان","","","0911441171","","شارع القبطان","طرابلس","","","","","","1","2022-11-05 09:13:27","2022-11-05 09:13:27");
INSERT INTO customers VALUES("237","1","","محمد البوعيشي","البوعيشي","","0925073405","","شارع الظل","طرابلس","","","","","","1","2022-11-05 09:26:01","2022-11-05 09:26:01");
INSERT INTO customers VALUES("238","1","","عبدالسلام الورفلي","جوري","","0920377944","","بني وليد","بني وليد","","","","","","1","2022-11-07 11:55:22","2022-11-07 11:55:22");
INSERT INTO customers VALUES("239","1","","محمد","اسيل للعطور","","0917866275","","طرابلس","طرابلس","","","","","","1","2022-11-08 18:14:22","2022-11-08 18:14:22");
INSERT INTO customers VALUES("240","1","","محمد محل اسيل","اسيل للعطور","","917866275","","طرابلس","طرابلس","","","","","","1","2022-11-08 18:17:07","2022-11-08 18:17:07");
INSERT INTO customers VALUES("241","1","","عمر جيفت شوب","جيفت شوب","","0914811119","","مصراته","مصراته","","","","","","1","2022-11-09 15:40:29","2022-11-09 15:40:29");
INSERT INTO customers VALUES("242","1","","علي الجهنمي","الجهنمي","","0919545005","","مصراته","مصراته","","","","","","1","2022-11-09 15:50:23","2022-11-09 15:50:23");
INSERT INTO customers VALUES("243","1","","محمد قنونو زليتن","قنونو","","0916365342","","زليتن","زليتن","","","","","","1","2022-11-10 12:58:41","2022-11-10 12:58:41");
INSERT INTO customers VALUES("244","1","","مروان الحوان الخمس","","","0928404779","","الخمس","الخمس","","","","","","1","2022-11-10 14:47:06","2022-11-10 14:47:06");
INSERT INTO customers VALUES("245","1","","منير غيده","غيده","","0921000541","","القلعه الجبل","القلعه","","","","","","1","2022-11-14 09:17:24","2022-11-14 09:17:24");
INSERT INTO customers VALUES("246","1","","اسامه","اسامه","","0924808166","","ام الجرسان","ام الجرسان","","","","","","1","2022-11-14 09:20:24","2022-11-14 09:20:24");
INSERT INTO customers VALUES("247","1","","احمد الزنتاني","بوكسات الزنتان","","0910205854","","الزنتان","الزنتان","","","","","","1","2022-11-14 15:47:14","2022-11-14 15:47:14");
INSERT INTO customers VALUES("248","1","","خالد مكتبة الزنتان","مكتبة القلم الزنتان","","0945323806","","الزنتان","الزنتان","","","","","","1","2022-11-14 15:48:41","2022-11-14 15:48:41");
INSERT INTO customers VALUES("249","1","","عبد المالك محل فيونكة الزنتان","محل فيونكه الزنتان","","0926772716","","الزنتان","الزنتان","","","","","","1","2022-11-14 15:50:38","2022-11-14 15:50:38");
INSERT INTO customers VALUES("250","1","","علاء الثابت الزنتان","","","0919566266","","الزنتان","الزنتان","","","","","","1","2022-11-14 15:52:17","2022-11-14 15:52:17");
INSERT INTO customers VALUES("251","1","","معاذ الدرديري الزنتان","","","0919207518","","الزنتان","الزنتان","","","","","","1","2022-11-14 15:53:37","2022-11-14 15:53:37");
INSERT INTO customers VALUES("252","1","","عبد العزيز احمد نالوت","","","0910521608","","نالوت","نالوت","","","","","","1","2022-11-15 18:32:03","2022-11-15 18:32:03");
INSERT INTO customers VALUES("253","1","","محمد محل ديور نالوت","ديور","","0914447007","","نالوت","نالوت","","","","","","1","2022-11-15 18:33:18","2022-11-15 18:33:18");
INSERT INTO customers VALUES("254","1","","محمود الشيخ نالوت","","","0914159934","","نالوت","نالوت","","","","","","1","2022-11-15 18:34:04","2022-11-15 18:34:04");
INSERT INTO customers VALUES("255","1","","محمود ابو صاع تيجي","","","0911050509","","تيجي","تيجي","","","","","","1","2022-11-15 18:41:22","2022-11-15 18:41:22");
INSERT INTO customers VALUES("256","1","","احمد سر الجمال","سر الجمال","","0911377667","","تيجي","تيجي","","","","","","1","2022-11-16 16:07:29","2022-11-16 16:07:29");
INSERT INTO customers VALUES("257","1","","رامي وردة الشام","وردة الشام","","0914604304","","تيجي","تيجي","","","","","","1","2022-11-16 16:08:27","2022-11-16 16:08:27");
INSERT INTO customers VALUES("258","1","","خليفة بوكسات تيجي","","","0911193588","","تيجي","تيجي","","","","","","1","2022-11-16 16:09:19","2022-11-16 16:09:19");
INSERT INTO customers VALUES("259","1","","مبروك بيت الجمال تيجي","بيت الجمال","","0910852514","","تيجي","تيجي","","","","","","1","2022-11-16 16:10:06","2022-11-16 16:10:06");
INSERT INTO customers VALUES("260","1","","عز الدين بوكسات تيجي","","","0914065836","","تيجي","تيجي","","","","","","1","2022-11-16 16:10:52","2022-11-16 16:10:52");
INSERT INTO customers VALUES("261","1","","نبيل الطالبي تيجي","","","0918773118","","تيجي","تيجي","","","","","","1","2022-11-16 16:11:59","2022-11-16 16:11:59");
INSERT INTO customers VALUES("262","1","","عبد الكريم  الجبلي الرجبان","","","0911079201","","الرجبان","الرجبان","","","","","","1","2022-11-17 17:20:17","2022-11-17 17:20:17");
INSERT INTO customers VALUES("263","1","","فيراس محل الهدف الرجبان","الهدف","","0916085041","","الرجبان","الرجبان","","","","","","1","2022-11-17 17:23:30","2022-11-17 17:23:30");
INSERT INTO customers VALUES("264","1","","مهند محل فيكتوريا المرازيق","فيكتوريا","","0915472074","","المرازيق","قصر بن غشير","","","","","","1","2022-11-17 17:25:02","2022-11-17 17:25:02");
INSERT INTO customers VALUES("265","1","","فرج محل الطيب القصر","الطيب","","0913090530","","قصر بن غشير","القصر","","","","","","1","2022-11-17 17:26:26","2022-11-17 17:26:26");
INSERT INTO customers VALUES("266","1","","عبدالفتاح","عبدالفتاح","","0910523720","","طرابلس","طرابلس","","","","","","1","2022-11-19 18:17:01","2022-11-19 18:17:01");
INSERT INTO customers VALUES("267","1","","شريف","شريف","","0923181173","","طبرق","طبرق","","","","","","1","2022-11-20 12:10:55","2022-11-20 12:10:55");
INSERT INTO customers VALUES("268","1","","سراج محل لادونا العجيلات","محل لادونا","","0923508083","","العجيلات","العجيلات","","","","","","1","2022-11-22 14:33:29","2022-11-22 14:33:29");
INSERT INTO customers VALUES("269","1","","محمد صميدة بني وليد","","","0944298362","","بني وليد","بني وليد","","","","","","1","2022-11-23 12:58:12","2022-11-23 12:58:12");
INSERT INTO customers VALUES("270","1","","admin","لمسات العبسي","","0923876793","","بني وليد","بني وليد","","","","","","1","2022-11-23 14:07:00","2022-11-23 14:10:46");
INSERT INTO customers VALUES("271","1","","سلامة الورفلي","","","0924004530","","بني وليد","بني وليد","","","","","","1","2022-11-23 14:09:47","2022-11-23 14:09:47");
INSERT INTO customers VALUES("272","1","","محمود عبد الستار ترهونه","","","0910660368","","ترهونه","ترهونه","","","","","","1","2022-11-23 16:12:17","2022-11-23 16:12:17");
INSERT INTO customers VALUES("273","1","","معمر ترهونه","","","0919846376","","ترهونه","ترهونه","","","","","","1","2022-11-23 16:13:02","2022-11-23 16:13:02");
INSERT INTO customers VALUES("274","1","","سالم الغزاوي","الغزاوي","","0945172980","","الساحه الشهداء","طرابلس","","","","","","1","2022-11-24 08:39:25","2022-11-24 08:39:25");
INSERT INTO customers VALUES("275","1","","محمد غريبي الزنتان عالم الافراح","عالم الافراح","","0913818174","","الزنتان","الزنتان","","","","","","1","2022-12-03 18:02:39","2022-12-03 18:02:39");
INSERT INTO customers VALUES("276","1","","بالقاسم يفرن","","","0944436563","","يفرن","يفرن","","","","","","1","2022-12-03 18:03:39","2022-12-03 18:03:39");
INSERT INTO customers VALUES("277","1","","يونس يفرن","يونس","","0927201501","","يفرن","يفرن","","","","","","1","2022-12-08 10:46:55","2022-12-08 10:46:55");
INSERT INTO customers VALUES("278","1","","هيثم بيت العطور","بيت العطور","","0926006608","","القلعه","القلعه","","","","","","1","2022-12-08 10:51:04","2022-12-08 10:51:04");
INSERT INTO customers VALUES("279","1","","محرز","محرز","","0911331137","","الجميل","الجميل","","","","","","1","2022-12-08 12:26:58","2022-12-08 12:26:58");
INSERT INTO customers VALUES("280","1","","حسام الجميل","جنيف","","0918202018","","الجميل","الجميل","","","","","","1","2022-12-08 12:35:55","2022-12-08 12:35:55");
INSERT INTO customers VALUES("281","1","","محمد العباسي","العباسي","","0915333151","","الجميل","الجميل","","","","","","1","2022-12-08 12:37:29","2022-12-08 12:37:29");
INSERT INTO customers VALUES("282","1","","صلاح زهره الخليج","زهره الخليج عطريه","","0925626864","","الخمس","الخمس","","","","","","1","2022-12-08 12:50:45","2022-12-08 12:50:45");
INSERT INTO customers VALUES("283","1","","عبدالرحمن  الخضره","الامير","","092026006","","الخضره ترهونه","ترهونه","","","","","","1","2022-12-08 12:55:13","2022-12-08 12:55:13");
INSERT INTO customers VALUES("284","1","","حسام تيم","تيم","","0918402912","","ترهونه","ترهونه","","","","","","1","2022-12-08 13:10:54","2022-12-08 13:10:54");
INSERT INTO customers VALUES("285","1","","منتصر تغليفاتي","تغليفاتي","","0922485764","","سوق الخميس","الخمس","","","","","","1","2022-12-08 13:13:47","2022-12-08 13:13:47");
INSERT INTO customers VALUES("286","1","","مروان","مرولن","","0927704459","","جنزور","جنزور","","","","","","1","2022-12-08 13:18:37","2022-12-08 13:18:37");
INSERT INTO customers VALUES("287","1","","امجد بلم","بلم","","0916234945","","زواره","زواره","","","","","","1","2022-12-08 13:29:32","2022-12-08 13:29:32");
INSERT INTO customers VALUES("288","1","","محل الياقوته","الياقوته","","0918685793","","سوق السبت","القصر","","","","","","1","2022-12-08 17:30:31","2022-12-08 17:30:31");
INSERT INTO customers VALUES("289","1","","محمد القصر","محمد","","0916970789","","القصر","القصر","","","","","","1","2022-12-08 17:31:34","2022-12-08 17:31:34");
INSERT INTO customers VALUES("290","1","","محل  البي","البي","","0926783637","","القصر","القصر","","","","","","1","2022-12-08 17:33:16","2022-12-08 17:33:16");
INSERT INTO customers VALUES("291","1","","ارض الخيرات","ارض الخيرات","","0914181790","","الكحيلي","طرابلس","","","","","","1","2022-12-08 17:35:10","2022-12-08 17:35:10");
INSERT INTO customers VALUES("292","1","","محمد كشك المزدوجه","","","0918143007","","المزدوجه تاجورا","تاجورا","","","","","","1","2022-12-11 16:14:58","2022-12-11 16:14:58");
INSERT INTO customers VALUES("293","1","","عبد السلام توب جفت","","","914181790","","طرابلس","طرابلس","","","","","","1","2022-12-15 11:08:40","2022-12-15 11:08:40");



CREATE TABLE `deliveries` (
  `id` int(10) unsigned NOT NULL AUTO_INCREMENT,
  `reference_no` varchar(191) COLLATE utf8mb4_unicode_ci NOT NULL,
  `sale_id` int(11) NOT NULL,
  `user_id` int(11) NOT NULL,
  `address` text COLLATE utf8mb4_unicode_ci NOT NULL,
  `delivered_by` varchar(191) COLLATE utf8mb4_unicode_ci DEFAULT NULL,
  `recieved_by` varchar(191) COLLATE utf8mb4_unicode_ci DEFAULT NULL,
  `file` varchar(191) COLLATE utf8mb4_unicode_ci DEFAULT NULL,
  `note` varchar(191) COLLATE utf8mb4_unicode_ci DEFAULT NULL,
  `status` varchar(191) COLLATE utf8mb4_unicode_ci NOT NULL,
  `created_at` timestamp NULL DEFAULT NULL,
  `updated_at` timestamp NULL DEFAULT NULL,
  PRIMARY KEY (`id`)
) ENGINE=InnoDB AUTO_INCREMENT=5 DEFAULT CHARSET=utf8mb4 COLLATE=utf8mb4_unicode_ci;

INSERT INTO deliveries VALUES("2","dr-20181106-105936","88","1","mohammadpur dhaka","","","","","2","2018-11-06 06:59:43","2018-11-06 07:10:38");
INSERT INTO deliveries VALUES("3","dr-20181106-111321","79","1","mohammadpur dhaka","Harun","Amjad","","","3","2018-11-06 07:13:25","2020-09-26 16:22:11");



CREATE TABLE `departments` (
  `id` int(10) unsigned NOT NULL AUTO_INCREMENT,
  `name` varchar(191) COLLATE utf8mb4_unicode_ci NOT NULL,
  `is_active` tinyint(1) NOT NULL,
  `created_at` timestamp NULL DEFAULT NULL,
  `updated_at` timestamp NULL DEFAULT NULL,
  PRIMARY KEY (`id`)
) ENGINE=InnoDB AUTO_INCREMENT=3 DEFAULT CHARSET=utf8mb4 COLLATE=utf8mb4_unicode_ci;

INSERT INTO departments VALUES("1","Sale","1","2018-12-27 07:16:47","2018-12-27 12:40:23");
INSERT INTO departments VALUES("2","xyz","1","2018-12-27 12:28:47","2018-12-27 12:28:47");



CREATE TABLE `deposits` (
  `id` int(10) unsigned NOT NULL AUTO_INCREMENT,
  `amount` double NOT NULL,
  `customer_id` int(11) NOT NULL,
  `user_id` int(11) NOT NULL,
  `note` text COLLATE utf8mb4_unicode_ci DEFAULT NULL,
  `created_at` timestamp NULL DEFAULT NULL,
  `updated_at` timestamp NULL DEFAULT NULL,
  PRIMARY KEY (`id`)
) ENGINE=InnoDB AUTO_INCREMENT=8 DEFAULT CHARSET=utf8mb4 COLLATE=utf8mb4_unicode_ci;

INSERT INTO deposits VALUES("1","90","1","1","first deposit","2018-08-26 01:48:23","2018-08-26 04:18:55");
INSERT INTO deposits VALUES("3","100","2","1","","2018-08-26 03:53:16","2018-08-27 00:42:39");
INSERT INTO deposits VALUES("4","50","1","1","","2018-09-05 01:56:19","2018-09-05 01:56:19");
INSERT INTO deposits VALUES("5","50","1","1","","2018-09-10 03:08:40","2018-09-10 03:08:40");
INSERT INTO deposits VALUES("6","618","53","1","","2022-01-26 12:43:34","2022-01-26 12:43:34");
INSERT INTO deposits VALUES("7","1000","112","1","","2022-04-24 00:41:06","2022-04-24 00:41:06");



CREATE TABLE `employees` (
  `id` int(10) unsigned NOT NULL AUTO_INCREMENT,
  `name` varchar(191) COLLATE utf8mb4_unicode_ci NOT NULL,
  `email` varchar(191) COLLATE utf8mb4_unicode_ci NOT NULL,
  `phone_number` varchar(191) COLLATE utf8mb4_unicode_ci NOT NULL,
  `department_id` int(11) NOT NULL,
  `user_id` int(11) DEFAULT NULL,
  `image` varchar(191) COLLATE utf8mb4_unicode_ci DEFAULT NULL,
  `address` varchar(191) COLLATE utf8mb4_unicode_ci DEFAULT NULL,
  `city` varchar(191) COLLATE utf8mb4_unicode_ci DEFAULT NULL,
  `country` varchar(191) COLLATE utf8mb4_unicode_ci DEFAULT NULL,
  `is_active` tinyint(1) NOT NULL,
  `created_at` timestamp NULL DEFAULT NULL,
  `updated_at` timestamp NULL DEFAULT NULL,
  PRIMARY KEY (`id`)
) ENGINE=InnoDB AUTO_INCREMENT=6 DEFAULT CHARSET=utf8mb4 COLLATE=utf8mb4_unicode_ci;

INSERT INTO employees VALUES("1","john","john@gmail.com","10001","2","12","johngmailcom.jpg","GEC","chittagong","Bangladesh","1","2018-12-30 02:48:37","2019-03-02 08:50:23");
INSERT INTO employees VALUES("3","tests","test@test.com","111","1","","","","","","1","2018-12-31 00:20:51","2019-01-03 02:03:54");



CREATE TABLE `expense_categories` (
  `id` int(10) unsigned NOT NULL AUTO_INCREMENT,
  `code` varchar(191) COLLATE utf8mb4_unicode_ci NOT NULL,
  `name` varchar(191) COLLATE utf8mb4_unicode_ci NOT NULL,
  `is_active` tinyint(1) NOT NULL,
  `created_at` timestamp NULL DEFAULT NULL,
  `updated_at` timestamp NULL DEFAULT NULL,
  PRIMARY KEY (`id`)
) ENGINE=InnoDB AUTO_INCREMENT=11 DEFAULT CHARSET=utf8mb4 COLLATE=utf8mb4_unicode_ci;

INSERT INTO expense_categories VALUES("1","16718342","washing","0","2018-08-16 03:32:48","2021-11-28 10:48:29");
INSERT INTO expense_categories VALUES("2","60128975","electric bill","0","2018-08-16 03:39:18","2021-11-28 10:48:29");
INSERT INTO expense_categories VALUES("3","83954970","test","0","2018-08-16 03:50:28","2018-08-16 03:51:40");
INSERT INTO expense_categories VALUES("4","1234","snacks","0","2018-09-01 05:40:04","2021-11-28 10:48:29");
INSERT INTO expense_categories VALUES("5","70031625","طعام","1","2022-01-26 13:00:12","2022-01-26 13:00:12");
INSERT INTO expense_categories VALUES("6","30802756","نقل","1","2022-01-26 13:00:25","2022-01-26 13:00:25");
INSERT INTO expense_categories VALUES("7","18057119","رواتب","1","2022-01-26 13:00:40","2022-01-26 13:00:40");
INSERT INTO expense_categories VALUES("8","97604350","هدايا عينيه","1","2022-01-26 13:00:59","2022-01-26 13:00:59");
INSERT INTO expense_categories VALUES("9","80256941","صيانه","1","2022-01-26 13:01:15","2022-01-26 13:01:15");
INSERT INTO expense_categories VALUES("10","46990141","نثريات","1","2022-01-26 13:01:38","2022-01-26 13:01:38");



CREATE TABLE `expenses` (
  `id` int(10) unsigned NOT NULL AUTO_INCREMENT,
  `reference_no` varchar(191) COLLATE utf8mb4_unicode_ci NOT NULL,
  `expense_category_id` int(11) NOT NULL,
  `warehouse_id` int(11) NOT NULL,
  `account_id` int(11) NOT NULL,
  `user_id` int(11) NOT NULL,
  `cash_register_id` int(11) DEFAULT NULL,
  `amount` int(11) NOT NULL,
  `note` text COLLATE utf8mb4_unicode_ci DEFAULT NULL,
  `created_at` timestamp NULL DEFAULT NULL,
  `updated_at` timestamp NULL DEFAULT NULL,
  PRIMARY KEY (`id`)
) ENGINE=InnoDB AUTO_INCREMENT=35 DEFAULT CHARSET=utf8mb4 COLLATE=utf8mb4_unicode_ci;




CREATE TABLE `failed_jobs` (
  `id` bigint(20) unsigned NOT NULL AUTO_INCREMENT,
  `connection` text COLLATE utf8mb4_unicode_ci NOT NULL,
  `queue` text COLLATE utf8mb4_unicode_ci NOT NULL,
  `payload` longtext COLLATE utf8mb4_unicode_ci NOT NULL,
  `exception` longtext COLLATE utf8mb4_unicode_ci NOT NULL,
  `failed_at` timestamp NOT NULL DEFAULT current_timestamp(),
  PRIMARY KEY (`id`)
) ENGINE=InnoDB DEFAULT CHARSET=utf8mb4 COLLATE=utf8mb4_unicode_ci;




CREATE TABLE `general_settings` (
  `id` int(10) unsigned NOT NULL AUTO_INCREMENT,
  `site_title` varchar(191) COLLATE utf8mb4_unicode_ci NOT NULL,
  `site_logo` varchar(191) COLLATE utf8mb4_unicode_ci DEFAULT NULL,
  `currency` varchar(191) COLLATE utf8mb4_unicode_ci NOT NULL,
  `staff_access` varchar(191) COLLATE utf8mb4_unicode_ci NOT NULL,
  `date_format` varchar(191) COLLATE utf8mb4_unicode_ci NOT NULL,
  `developed_by` varchar(191) COLLATE utf8mb4_unicode_ci NOT NULL,
  `invoice_format` varchar(191) COLLATE utf8mb4_unicode_ci DEFAULT NULL,
  `state` int(11) DEFAULT NULL,
  `theme` varchar(191) COLLATE utf8mb4_unicode_ci NOT NULL,
  `created_at` timestamp NULL DEFAULT NULL,
  `updated_at` timestamp NULL DEFAULT NULL,
  `currency_position` varchar(191) COLLATE utf8mb4_unicode_ci NOT NULL,
  PRIMARY KEY (`id`)
) ENGINE=InnoDB AUTO_INCREMENT=2 DEFAULT CHARSET=utf8mb4 COLLATE=utf8mb4_unicode_ci;

INSERT INTO general_settings VALUES("1","توب جفت","Artboard 2-8.png","1","own","d/m/Y","محمد ابراهيم 01149880297","standard","1","default.css","2018-07-06 09:13:11","2021-11-26 14:11:02","prefix");



CREATE TABLE `gift_card_recharges` (
  `id` int(10) unsigned NOT NULL AUTO_INCREMENT,
  `gift_card_id` int(11) NOT NULL,
  `amount` double NOT NULL,
  `user_id` int(11) NOT NULL,
  `created_at` timestamp NULL DEFAULT NULL,
  `updated_at` timestamp NULL DEFAULT NULL,
  PRIMARY KEY (`id`)
) ENGINE=InnoDB AUTO_INCREMENT=12 DEFAULT CHARSET=utf8mb4 COLLATE=utf8mb4_unicode_ci;

INSERT INTO gift_card_recharges VALUES("1","2","100","1","2018-08-25 02:08:29","2018-08-25 02:08:29");
INSERT INTO gift_card_recharges VALUES("2","1","200","1","2018-08-25 02:08:50","2018-08-25 02:08:50");
INSERT INTO gift_card_recharges VALUES("3","1","100","1","2018-09-05 02:50:41","2018-09-05 02:50:41");
INSERT INTO gift_card_recharges VALUES("4","1","50","1","2018-09-05 02:51:38","2018-09-05 02:51:38");
INSERT INTO gift_card_recharges VALUES("5","1","50","1","2018-09-05 02:53:36","2018-09-05 02:53:36");
INSERT INTO gift_card_recharges VALUES("6","2","50","1","2018-09-05 02:54:34","2018-09-05 02:54:34");
INSERT INTO gift_card_recharges VALUES("7","5","10","1","2018-09-30 03:19:48","2018-09-30 03:19:48");
INSERT INTO gift_card_recharges VALUES("8","5","10","1","2018-09-30 03:20:04","2018-09-30 03:20:04");
INSERT INTO gift_card_recharges VALUES("9","2","100","1","2018-10-07 06:13:05","2018-10-07 06:13:05");
INSERT INTO gift_card_recharges VALUES("10","1","200","1","2018-10-07 06:13:39","2018-10-07 06:13:39");
INSERT INTO gift_card_recharges VALUES("11","1","300","1","2018-10-23 03:22:49","2018-10-23 03:22:49");



CREATE TABLE `gift_cards` (
  `id` int(10) unsigned NOT NULL AUTO_INCREMENT,
  `card_no` varchar(191) COLLATE utf8mb4_unicode_ci NOT NULL,
  `amount` double NOT NULL,
  `expense` double NOT NULL,
  `customer_id` int(11) DEFAULT NULL,
  `user_id` int(11) DEFAULT NULL,
  `expired_date` date DEFAULT NULL,
  `created_by` int(11) NOT NULL,
  `is_active` tinyint(1) NOT NULL,
  `created_at` timestamp NULL DEFAULT NULL,
  `updated_at` timestamp NULL DEFAULT NULL,
  PRIMARY KEY (`id`)
) ENGINE=InnoDB AUTO_INCREMENT=8 DEFAULT CHARSET=utf8mb4 COLLATE=utf8mb4_unicode_ci;

INSERT INTO gift_cards VALUES("1","3571097513020486","1400","50","1","","2020-12-31","1","1","2018-08-18 04:57:40","2021-11-28 10:45:55");
INSERT INTO gift_cards VALUES("2","0452297501931931","370","0","2","","2020-12-31","1","1","2018-08-18 05:46:43","2021-11-28 10:45:55");
INSERT INTO gift_cards VALUES("3","123","13123","0","1","","2018-08-19","1","0","2018-08-19 01:38:21","2018-08-19 01:38:28");
INSERT INTO gift_cards VALUES("4","1862381252690499","100","0","","1","2018-10-04","1","0","2018-09-30 03:16:28","2018-09-30 03:17:21");
INSERT INTO gift_cards VALUES("5","2300813717254199","143","0","","1","2018-10-04","1","0","2018-09-30 03:18:49","2018-09-30 03:20:20");
INSERT INTO gift_cards VALUES("6","8327019475026421","1","0","1","","2018-10-07","1","0","2018-10-07 06:12:41","2018-10-07 06:12:55");
INSERT INTO gift_cards VALUES("7","2063379780590151","1","0","1","","2018-10-23","1","0","2018-10-23 03:23:22","2018-10-23 03:23:39");



CREATE TABLE `holidays` (
  `id` int(10) unsigned NOT NULL AUTO_INCREMENT,
  `user_id` int(11) NOT NULL,
  `from_date` date NOT NULL,
  `to_date` date NOT NULL,
  `note` text COLLATE utf8mb4_unicode_ci DEFAULT NULL,
  `is_approved` tinyint(1) NOT NULL,
  `created_at` timestamp NULL DEFAULT NULL,
  `updated_at` timestamp NULL DEFAULT NULL,
  PRIMARY KEY (`id`)
) ENGINE=InnoDB AUTO_INCREMENT=12 DEFAULT CHARSET=utf8mb4 COLLATE=utf8mb4_unicode_ci;




CREATE TABLE `hrm_settings` (
  `id` int(10) unsigned NOT NULL AUTO_INCREMENT,
  `checkin` varchar(191) COLLATE utf8mb4_unicode_ci NOT NULL,
  `checkout` varchar(191) COLLATE utf8mb4_unicode_ci NOT NULL,
  `created_at` timestamp NULL DEFAULT NULL,
  `updated_at` timestamp NULL DEFAULT NULL,
  PRIMARY KEY (`id`)
) ENGINE=InnoDB AUTO_INCREMENT=2 DEFAULT CHARSET=utf8mb4 COLLATE=utf8mb4_unicode_ci;

INSERT INTO hrm_settings VALUES("1","10:00am","6:00pm","2019-01-02 04:20:08","2019-01-02 06:20:53");



CREATE TABLE `languages` (
  `id` int(10) unsigned NOT NULL AUTO_INCREMENT,
  `code` varchar(191) COLLATE utf8mb4_unicode_ci NOT NULL,
  `created_at` timestamp NULL DEFAULT NULL,
  `updated_at` timestamp NULL DEFAULT NULL,
  PRIMARY KEY (`id`)
) ENGINE=InnoDB AUTO_INCREMENT=2 DEFAULT CHARSET=utf8mb4 COLLATE=utf8mb4_unicode_ci;

INSERT INTO languages VALUES("1","en","2018-07-08 01:59:17","2019-12-24 19:34:20");



CREATE TABLE `migrations` (
  `id` int(10) unsigned NOT NULL AUTO_INCREMENT,
  `migration` varchar(191) COLLATE utf8mb4_unicode_ci NOT NULL,
  `batch` int(11) NOT NULL,
  PRIMARY KEY (`id`)
) ENGINE=InnoDB AUTO_INCREMENT=120 DEFAULT CHARSET=utf8mb4 COLLATE=utf8mb4_unicode_ci;

INSERT INTO migrations VALUES("1","2014_10_12_000000_create_users_table","1");
INSERT INTO migrations VALUES("2","2014_10_12_100000_create_password_resets_table","1");
INSERT INTO migrations VALUES("3","2018_02_17_060412_create_categories_table","1");
INSERT INTO migrations VALUES("4","2018_02_20_035727_create_brands_table","1");
INSERT INTO migrations VALUES("5","2018_02_25_100635_create_suppliers_table","1");
INSERT INTO migrations VALUES("6","2018_02_27_101619_create_warehouse_table","1");
INSERT INTO migrations VALUES("7","2018_03_03_040448_create_units_table","1");
INSERT INTO migrations VALUES("8","2018_03_04_041317_create_taxes_table","1");
INSERT INTO migrations VALUES("9","2018_03_10_061915_create_customer_groups_table","1");
INSERT INTO migrations VALUES("10","2018_03_10_090534_create_customers_table","1");
INSERT INTO migrations VALUES("11","2018_03_11_095547_create_billers_table","1");
INSERT INTO migrations VALUES("12","2018_04_05_054401_create_products_table","1");
INSERT INTO migrations VALUES("13","2018_04_06_133606_create_purchases_table","1");
INSERT INTO migrations VALUES("14","2018_04_06_154600_create_product_purchases_table","1");
INSERT INTO migrations VALUES("15","2018_04_06_154915_create_product_warhouse_table","1");
INSERT INTO migrations VALUES("16","2018_04_10_085927_create_sales_table","1");
INSERT INTO migrations VALUES("17","2018_04_10_090133_create_product_sales_table","1");
INSERT INTO migrations VALUES("18","2018_04_10_090254_create_payments_table","1");
INSERT INTO migrations VALUES("19","2018_04_10_090341_create_payment_with_cheque_table","1");
INSERT INTO migrations VALUES("20","2018_04_10_090509_create_payment_with_credit_card_table","1");
INSERT INTO migrations VALUES("21","2018_04_13_121436_create_quotation_table","1");
INSERT INTO migrations VALUES("22","2018_04_13_122324_create_product_quotation_table","1");
INSERT INTO migrations VALUES("23","2018_04_14_121802_create_transfers_table","1");
INSERT INTO migrations VALUES("24","2018_04_14_121913_create_product_transfer_table","1");
INSERT INTO migrations VALUES("25","2018_05_13_082847_add_payment_id_and_change_sale_id_to_payments_table","2");
INSERT INTO migrations VALUES("26","2018_05_13_090906_change_customer_id_to_payment_with_credit_card_table","3");
INSERT INTO migrations VALUES("27","2018_05_20_054532_create_adjustments_table","4");
INSERT INTO migrations VALUES("28","2018_05_20_054859_create_product_adjustments_table","4");
INSERT INTO migrations VALUES("29","2018_05_21_163419_create_returns_table","5");
INSERT INTO migrations VALUES("30","2018_05_21_163443_create_product_returns_table","5");
INSERT INTO migrations VALUES("31","2018_06_02_050905_create_roles_table","6");
INSERT INTO migrations VALUES("32","2018_06_02_073430_add_columns_to_users_table","7");
INSERT INTO migrations VALUES("33","2018_06_03_053738_create_permission_tables","8");
INSERT INTO migrations VALUES("36","2018_06_21_063736_create_pos_setting_table","9");
INSERT INTO migrations VALUES("37","2018_06_21_094155_add_user_id_to_sales_table","10");
INSERT INTO migrations VALUES("38","2018_06_21_101529_add_user_id_to_purchases_table","11");
INSERT INTO migrations VALUES("39","2018_06_21_103512_add_user_id_to_transfers_table","12");
INSERT INTO migrations VALUES("40","2018_06_23_061058_add_user_id_to_quotations_table","13");
INSERT INTO migrations VALUES("41","2018_06_23_082427_add_is_deleted_to_users_table","14");
INSERT INTO migrations VALUES("42","2018_06_25_043308_change_email_to_users_table","15");
INSERT INTO migrations VALUES("43","2018_07_06_115449_create_general_settings_table","16");
INSERT INTO migrations VALUES("44","2018_07_08_043944_create_languages_table","17");
INSERT INTO migrations VALUES("45","2018_07_11_102144_add_user_id_to_returns_table","18");
INSERT INTO migrations VALUES("46","2018_07_11_102334_add_user_id_to_payments_table","18");
INSERT INTO migrations VALUES("47","2018_07_22_130541_add_digital_to_products_table","19");
INSERT INTO migrations VALUES("49","2018_07_24_154250_create_deliveries_table","20");
INSERT INTO migrations VALUES("50","2018_08_16_053336_create_expense_categories_table","21");
INSERT INTO migrations VALUES("51","2018_08_17_115415_create_expenses_table","22");
INSERT INTO migrations VALUES("55","2018_08_18_050418_create_gift_cards_table","23");
INSERT INTO migrations VALUES("56","2018_08_19_063119_create_payment_with_gift_card_table","24");
INSERT INTO migrations VALUES("57","2018_08_25_042333_create_gift_card_recharges_table","25");
INSERT INTO migrations VALUES("58","2018_08_25_101354_add_deposit_expense_to_customers_table","26");
INSERT INTO migrations VALUES("59","2018_08_26_043801_create_deposits_table","27");
INSERT INTO migrations VALUES("60","2018_09_02_044042_add_keybord_active_to_pos_setting_table","28");
INSERT INTO migrations VALUES("61","2018_09_09_092713_create_payment_with_paypal_table","29");
INSERT INTO migrations VALUES("62","2018_09_10_051254_add_currency_to_general_settings_table","30");
INSERT INTO migrations VALUES("63","2018_10_22_084118_add_biller_and_store_id_to_users_table","31");
INSERT INTO migrations VALUES("65","2018_10_26_034927_create_coupons_table","32");
INSERT INTO migrations VALUES("66","2018_10_27_090857_add_coupon_to_sales_table","33");
INSERT INTO migrations VALUES("67","2018_11_07_070155_add_currency_position_to_general_settings_table","34");
INSERT INTO migrations VALUES("68","2018_11_19_094650_add_combo_to_products_table","35");
INSERT INTO migrations VALUES("69","2018_12_09_043712_create_accounts_table","36");
INSERT INTO migrations VALUES("70","2018_12_17_112253_add_is_default_to_accounts_table","37");
INSERT INTO migrations VALUES("71","2018_12_19_103941_add_account_id_to_payments_table","38");
INSERT INTO migrations VALUES("72","2018_12_20_065900_add_account_id_to_expenses_table","39");
INSERT INTO migrations VALUES("73","2018_12_20_082753_add_account_id_to_returns_table","40");
INSERT INTO migrations VALUES("74","2018_12_26_064330_create_return_purchases_table","41");
INSERT INTO migrations VALUES("75","2018_12_26_144210_create_purchase_product_return_table","42");
INSERT INTO migrations VALUES("76","2018_12_26_144708_create_purchase_product_return_table","43");
INSERT INTO migrations VALUES("77","2018_12_27_110018_create_departments_table","44");
INSERT INTO migrations VALUES("78","2018_12_30_054844_create_employees_table","45");
INSERT INTO migrations VALUES("79","2018_12_31_125210_create_payrolls_table","46");
INSERT INTO migrations VALUES("80","2018_12_31_150446_add_department_id_to_employees_table","47");
INSERT INTO migrations VALUES("81","2019_01_01_062708_add_user_id_to_expenses_table","48");
INSERT INTO migrations VALUES("82","2019_01_02_075644_create_hrm_settings_table","49");
INSERT INTO migrations VALUES("83","2019_01_02_090334_create_attendances_table","50");
INSERT INTO migrations VALUES("84","2019_01_27_160956_add_three_columns_to_general_settings_table","51");
INSERT INTO migrations VALUES("85","2019_02_15_183303_create_stock_counts_table","52");
INSERT INTO migrations VALUES("86","2019_02_17_101604_add_is_adjusted_to_stock_counts_table","53");
INSERT INTO migrations VALUES("87","2019_04_13_101707_add_tax_no_to_customers_table","54");
INSERT INTO migrations VALUES("89","2019_10_14_111455_create_holidays_table","55");
INSERT INTO migrations VALUES("90","2019_11_13_145619_add_is_variant_to_products_table","56");
INSERT INTO migrations VALUES("91","2019_11_13_150206_create_product_variants_table","57");
INSERT INTO migrations VALUES("92","2019_11_13_153828_create_variants_table","57");
INSERT INTO migrations VALUES("93","2019_11_25_134041_add_qty_to_product_variants_table","58");
INSERT INTO migrations VALUES("94","2019_11_25_134922_add_variant_id_to_product_purchases_table","58");
INSERT INTO migrations VALUES("95","2019_11_25_145341_add_variant_id_to_product_warehouse_table","58");
INSERT INTO migrations VALUES("96","2019_11_29_182201_add_variant_id_to_product_sales_table","59");
INSERT INTO migrations VALUES("97","2019_12_04_121311_add_variant_id_to_product_quotation_table","60");
INSERT INTO migrations VALUES("98","2019_12_05_123802_add_variant_id_to_product_transfer_table","61");
INSERT INTO migrations VALUES("100","2019_12_08_114954_add_variant_id_to_product_returns_table","62");
INSERT INTO migrations VALUES("101","2019_12_08_203146_add_variant_id_to_purchase_product_return_table","63");
INSERT INTO migrations VALUES("102","2020_02_28_103340_create_money_transfers_table","64");
INSERT INTO migrations VALUES("103","2020_07_01_193151_add_image_to_categories_table","65");
INSERT INTO migrations VALUES("105","2020_09_26_130426_add_user_id_to_deliveries_table","66");
INSERT INTO migrations VALUES("107","2020_10_11_125457_create_cash_registers_table","67");
INSERT INTO migrations VALUES("108","2020_10_13_155019_add_cash_register_id_to_sales_table","68");
INSERT INTO migrations VALUES("109","2020_10_13_172624_add_cash_register_id_to_returns_table","69");
INSERT INTO migrations VALUES("110","2020_10_17_212338_add_cash_register_id_to_payments_table","70");
INSERT INTO migrations VALUES("111","2020_10_18_124200_add_cash_register_id_to_expenses_table","71");
INSERT INTO migrations VALUES("112","2020_10_21_121632_add_developed_by_to_general_settings_table","72");
INSERT INTO migrations VALUES("113","2019_08_19_000000_create_failed_jobs_table","73");
INSERT INTO migrations VALUES("114","2020_10_30_135557_create_notifications_table","73");
INSERT INTO migrations VALUES("115","2020_11_01_044954_create_currencies_table","74");
INSERT INTO migrations VALUES("116","2020_11_01_140736_add_price_to_product_warehouse_table","75");
INSERT INTO migrations VALUES("117","2020_11_02_050633_add_is_diff_price_to_products_table","76");
INSERT INTO migrations VALUES("118","2020_11_09_055222_add_user_id_to_customers_table","77");
INSERT INTO migrations VALUES("119","2020_11_17_054806_add_invoice_format_to_general_settings_table","78");



CREATE TABLE `money_transfers` (
  `id` int(10) unsigned NOT NULL AUTO_INCREMENT,
  `reference_no` varchar(191) COLLATE utf8mb4_unicode_ci NOT NULL,
  `from_account_id` int(11) NOT NULL,
  `to_account_id` int(11) NOT NULL,
  `amount` double NOT NULL,
  `created_at` timestamp NULL DEFAULT NULL,
  `updated_at` timestamp NULL DEFAULT NULL,
  PRIMARY KEY (`id`)
) ENGINE=InnoDB AUTO_INCREMENT=3 DEFAULT CHARSET=utf8mb4 COLLATE=utf8mb4_unicode_ci;

INSERT INTO money_transfers VALUES("2","mtr-20200228-071852","1","3","100","2020-02-28 15:18:52","2020-02-28 15:18:52");



CREATE TABLE `notifications` (
  `id` char(36) COLLATE utf8mb4_unicode_ci NOT NULL,
  `type` varchar(191) COLLATE utf8mb4_unicode_ci NOT NULL,
  `notifiable_type` varchar(191) COLLATE utf8mb4_unicode_ci NOT NULL,
  `notifiable_id` bigint(20) unsigned NOT NULL,
  `data` text COLLATE utf8mb4_unicode_ci NOT NULL,
  `read_at` timestamp NULL DEFAULT NULL,
  `created_at` timestamp NULL DEFAULT NULL,
  `updated_at` timestamp NULL DEFAULT NULL,
  PRIMARY KEY (`id`),
  KEY `notifications_notifiable_type_notifiable_id_index` (`notifiable_type`,`notifiable_id`)
) ENGINE=InnoDB DEFAULT CHARSET=utf8mb4 COLLATE=utf8mb4_unicode_ci;

INSERT INTO notifications VALUES("249beded-5431-40a3-ba1e-d255ffb047a3","App\Notifications\SendNotification","App\User","9","{"message":"Please delete all pending purchase."}","2020-11-01 03:33:32","2020-11-01 03:33:07","2020-11-01 03:33:32");



CREATE TABLE `password_resets` (
  `email` varchar(191) COLLATE utf8mb4_unicode_ci NOT NULL,
  `token` varchar(191) COLLATE utf8mb4_unicode_ci NOT NULL,
  `created_at` timestamp NULL DEFAULT NULL,
  KEY `password_resets_email_index` (`email`)
) ENGINE=InnoDB DEFAULT CHARSET=utf8mb4 COLLATE=utf8mb4_unicode_ci;




CREATE TABLE `payment_with_cheque` (
  `id` int(10) unsigned NOT NULL AUTO_INCREMENT,
  `payment_id` int(11) NOT NULL,
  `cheque_no` varchar(191) COLLATE utf8mb4_unicode_ci NOT NULL,
  `created_at` timestamp NULL DEFAULT NULL,
  `updated_at` timestamp NULL DEFAULT NULL,
  PRIMARY KEY (`id`)
) ENGINE=InnoDB AUTO_INCREMENT=16 DEFAULT CHARSET=utf8mb4 COLLATE=utf8mb4_unicode_ci;




CREATE TABLE `payment_with_credit_card` (
  `id` int(10) unsigned NOT NULL AUTO_INCREMENT,
  `payment_id` int(11) NOT NULL,
  `customer_id` int(11) DEFAULT NULL,
  `customer_stripe_id` varchar(191) COLLATE utf8mb4_unicode_ci DEFAULT NULL,
  `charge_id` varchar(191) COLLATE utf8mb4_unicode_ci NOT NULL,
  `created_at` timestamp NULL DEFAULT NULL,
  `updated_at` timestamp NULL DEFAULT NULL,
  PRIMARY KEY (`id`)
) ENGINE=InnoDB AUTO_INCREMENT=5 DEFAULT CHARSET=utf8mb4 COLLATE=utf8mb4_unicode_ci;




CREATE TABLE `payment_with_gift_card` (
  `id` int(10) unsigned NOT NULL AUTO_INCREMENT,
  `payment_id` int(11) NOT NULL,
  `gift_card_id` int(11) NOT NULL,
  `created_at` timestamp NULL DEFAULT NULL,
  `updated_at` timestamp NULL DEFAULT NULL,
  PRIMARY KEY (`id`)
) ENGINE=InnoDB AUTO_INCREMENT=9 DEFAULT CHARSET=utf8mb4 COLLATE=utf8mb4_unicode_ci;




CREATE TABLE `payment_with_paypal` (
  `id` int(10) unsigned NOT NULL AUTO_INCREMENT,
  `payment_id` int(11) NOT NULL,
  `transaction_id` varchar(191) COLLATE utf8mb4_unicode_ci NOT NULL,
  `created_at` timestamp NULL DEFAULT NULL,
  `updated_at` timestamp NULL DEFAULT NULL,
  PRIMARY KEY (`id`)
) ENGINE=InnoDB DEFAULT CHARSET=utf8mb4 COLLATE=utf8mb4_unicode_ci;




CREATE TABLE `payments` (
  `id` int(10) unsigned NOT NULL AUTO_INCREMENT,
  `payment_reference` varchar(191) COLLATE utf8mb4_unicode_ci NOT NULL,
  `user_id` int(11) NOT NULL,
  `purchase_id` int(11) DEFAULT NULL,
  `sale_id` int(11) DEFAULT NULL,
  `cash_register_id` int(11) DEFAULT NULL,
  `account_id` int(11) NOT NULL,
  `amount` double NOT NULL,
  `change` double NOT NULL,
  `paying_method` varchar(191) COLLATE utf8mb4_unicode_ci NOT NULL,
  `payment_note` text COLLATE utf8mb4_unicode_ci DEFAULT NULL,
  `created_at` timestamp NULL DEFAULT NULL,
  `updated_at` timestamp NULL DEFAULT NULL,
  PRIMARY KEY (`id`)
) ENGINE=InnoDB AUTO_INCREMENT=1056 DEFAULT CHARSET=utf8mb4 COLLATE=utf8mb4_unicode_ci;

INSERT INTO payments VALUES("415","spr-20211221-101814","1","","21","9","1","4400","0","Cash","","2021-12-21 22:18:14","2021-12-21 22:18:14");
INSERT INTO payments VALUES("416","spr-20211221-105011","1","","22","9","1","4464","0","Cash","","2021-12-21 22:50:11","2021-12-21 22:50:11");
INSERT INTO payments VALUES("417","spr-20211221-110520","1","","23","9","1","80","0","Cash","","2021-12-21 23:05:20","2021-12-21 23:05:20");
INSERT INTO payments VALUES("418","spr-20211222-093757","1","","24","9","1","1580","0","Cash","","2021-12-22 09:37:57","2021-12-22 09:37:57");
INSERT INTO payments VALUES("419","spr-20211222-094501","1","","25","9","1","900","0","Cash","","2021-12-22 09:45:01","2021-12-22 09:45:01");
INSERT INTO payments VALUES("420","spr-20211222-095103","1","","26","9","1","1700","100","Cash","","2021-12-22 09:51:03","2021-12-22 09:51:03");
INSERT INTO payments VALUES("421","spr-20211222-095309","1","","27","9","1","3000","0","Cash","","2021-12-22 09:53:09","2021-12-22 09:53:09");
INSERT INTO payments VALUES("422","spr-20211222-095612","1","","28","9","1","1000","0","Cash","","2021-12-22 09:56:12","2021-12-22 09:56:12");
INSERT INTO payments VALUES("423","spr-20211222-100337","1","","30","9","1","3240","0","Cash","","2021-12-22 10:03:37","2021-12-22 10:03:37");
INSERT INTO payments VALUES("424","spr-20211222-100528","1","","31","9","1","1540","0","Cash","","2021-12-22 10:05:28","2021-12-22 10:05:28");
INSERT INTO payments VALUES("425","spr-20211222-100937","1","","32","9","1","1480","0","Cash","","2021-12-22 10:09:37","2021-12-22 10:09:37");
INSERT INTO payments VALUES("426","spr-20211222-101126","1","","33","9","1","165","0","Cash","","2021-12-22 10:11:26","2021-12-22 10:11:26");
INSERT INTO payments VALUES("427","spr-20211222-101219","1","","34","9","1","360","0","Cash","","2021-12-22 10:12:19","2021-12-22 10:12:19");
INSERT INTO payments VALUES("428","spr-20211222-101400","1","","35","9","1","935","0","Cash","","2021-12-22 10:14:00","2021-12-22 10:14:00");
INSERT INTO payments VALUES("429","spr-20211222-101618","1","","36","9","1","1550","0","Cash","","2021-12-22 10:16:18","2021-12-22 10:16:18");
INSERT INTO payments VALUES("430","spr-20211222-101856","1","","37","9","1","400","0","Cash","","2021-12-22 10:18:56","2021-12-22 10:18:56");
INSERT INTO payments VALUES("431","spr-20211222-102046","1","","38","9","1","850","0","Cash","","2021-12-22 10:20:46","2021-12-22 10:20:46");
INSERT INTO payments VALUES("432","spr-20211222-102155","1","","39","9","1","1165","0","Cash","","2021-12-22 10:21:55","2021-12-22 10:21:55");
INSERT INTO payments VALUES("433","spr-20211222-102409","1","","40","9","1","3402","0","Cash","","2021-12-22 10:24:09","2021-12-22 10:24:09");
INSERT INTO payments VALUES("434","spr-20211222-102736","1","","41","9","1","1800","0","Cash","","2021-12-22 10:27:36","2021-12-22 10:27:36");
INSERT INTO payments VALUES("435","spr-20211222-104058","1","","42","9","1","1405","0","Cash","","2021-12-22 10:40:58","2021-12-22 10:40:58");
INSERT INTO payments VALUES("436","spr-20211222-104208","1","","43","9","1","765","0","Cash","","2021-12-22 10:42:08","2021-12-22 10:42:08");
INSERT INTO payments VALUES("437","spr-20211222-104304","1","","44","9","1","585","0","Cash","","2021-12-22 10:43:04","2021-12-22 10:43:04");
INSERT INTO payments VALUES("438","spr-20211222-104403","1","","45","9","1","760","0","Cash","","2021-12-22 10:44:03","2021-12-22 10:44:03");
INSERT INTO payments VALUES("439","spr-20211222-104615","1","","46","9","1","620","0","Cash","","2021-12-22 10:46:15","2021-12-22 10:46:15");
INSERT INTO payments VALUES("440","spr-20211222-105403","1","","47","9","1","720","0","Cash","","2021-12-22 10:54:03","2021-12-22 10:54:03");
INSERT INTO payments VALUES("441","spr-20211222-105450","1","","48","9","1","530","0","Cash","","2021-12-22 10:54:50","2021-12-22 10:54:50");
INSERT INTO payments VALUES("442","spr-20211222-110256","1","","49","9","1","1480","401","Cash","","2021-12-22 11:02:56","2021-12-22 11:02:56");
INSERT INTO payments VALUES("443","spr-20211222-110411","1","","50","9","1","415","0","Cash","","2021-12-22 11:04:11","2021-12-22 11:04:11");
INSERT INTO payments VALUES("444","spr-20211222-110647","1","","52","9","1","330","0","Cash","","2021-12-22 11:06:47","2021-12-22 11:06:47");
INSERT INTO payments VALUES("445","spr-20211222-111318","1","","54","9","1","2934","0","Cash","","2021-12-22 11:13:18","2021-12-22 11:13:18");
INSERT INTO payments VALUES("446","spr-20211222-111430","1","","55","9","1","1030","100","Cash","","2021-12-22 11:14:30","2021-12-22 11:14:30");
INSERT INTO payments VALUES("447","spr-20211222-111659","1","","56","9","1","630","0","Cash","","2021-12-22 11:16:59","2021-12-22 11:16:59");
INSERT INTO payments VALUES("448","spr-20211222-111849","1","","57","9","1","3177","0","Cash","","2021-12-22 11:18:49","2021-12-22 11:18:49");
INSERT INTO payments VALUES("449","spr-20211222-112032","1","","58","9","1","380","320","Cash","","2021-12-22 11:20:32","2021-12-22 11:20:32");
INSERT INTO payments VALUES("450","spr-20211222-112537","1","","59","9","1","4356","0","Cash","","2021-12-22 11:25:37","2021-12-22 11:25:37");
INSERT INTO payments VALUES("451","spr-20211222-113019","1","","60","9","1","3033","0","Cash","","2021-12-22 11:30:19","2021-12-22 11:30:19");
INSERT INTO payments VALUES("452","spr-20211222-113317","1","","61","9","1","465","0","Cash","","2021-12-22 11:33:17","2021-12-22 11:33:17");
INSERT INTO payments VALUES("453","spr-20211222-113828","1","","62","9","1","400","0","Cash","","2021-12-22 11:38:28","2021-12-22 11:38:28");
INSERT INTO payments VALUES("454","spr-20211222-114030","1","","63","9","1","345","0","Cash","","2021-12-22 11:40:30","2021-12-22 11:40:30");
INSERT INTO payments VALUES("455","spr-20211222-114156","1","","64","9","1","5679","0","Cash","","2021-12-22 11:41:56","2021-12-22 11:41:56");
INSERT INTO payments VALUES("456","spr-20211222-114314","1","","65","9","1","1025","0","Cash","","2021-12-22 11:43:14","2021-12-22 11:43:14");
INSERT INTO payments VALUES("457","spr-20211222-114921","1","","66","9","1","1466","217","Cash","","2021-12-22 11:49:21","2021-12-22 11:49:21");
INSERT INTO payments VALUES("458","spr-20211222-122346","1","","67","9","1","1220","0","Cash","","2021-12-22 12:23:46","2021-12-22 12:23:46");
INSERT INTO payments VALUES("459","spr-20211222-122459","1","","68","9","1","200","0","Cash","","2021-12-22 12:24:59","2021-12-22 12:24:59");
INSERT INTO payments VALUES("460","spr-20211222-010535","1","","69","9","1","2775","0","Cash","","2021-12-22 13:05:35","2021-12-22 13:05:35");
INSERT INTO payments VALUES("461","spr-20211225-121116","1","","70","9","1","560","0","Cash","","2021-12-25 12:11:16","2021-12-25 12:11:16");
INSERT INTO payments VALUES("462","spr-20211225-121531","1","","71","9","1","1080","0","Cash","","2021-12-25 12:15:31","2021-12-25 12:15:31");
INSERT INTO payments VALUES("463","spr-20211225-025948","1","","72","9","1","1825","0","Cash","","2021-12-25 14:59:48","2021-12-25 14:59:48");
INSERT INTO payments VALUES("464","spr-20211226-114922","1","","73","9","1","355","0","Cash","","2021-12-26 11:49:22","2021-12-26 11:49:22");
INSERT INTO payments VALUES("465","spr-20211226-115108","1","","74","9","1","370","0","Cash","","2021-12-26 11:51:08","2021-12-26 11:51:08");
INSERT INTO payments VALUES("466","spr-20211227-110950","1","","75","9","1","560","0","Cash","","2021-12-27 11:09:50","2021-12-27 11:09:50");
INSERT INTO payments VALUES("467","spr-20211227-063629","1","","76","9","1","240","0","Cash","","2021-12-27 18:36:29","2021-12-27 18:36:29");
INSERT INTO payments VALUES("468","spr-20211227-064329","1","","77","9","1","370","0","Cash","","2021-12-27 18:43:29","2021-12-27 18:43:29");
INSERT INTO payments VALUES("469","spr-20211227-064749","1","","78","9","1","1320","0","Cash","","2021-12-27 18:47:49","2021-12-27 18:47:49");
INSERT INTO payments VALUES("470","spr-20211227-073208","1","","79","9","1","325","0","Cash","","2021-12-27 19:32:08","2021-12-27 19:32:08");
INSERT INTO payments VALUES("471","spr-20211227-073634","1","","80","9","1","80","0","Cash","","2021-12-27 19:36:34","2021-12-27 19:36:34");
INSERT INTO payments VALUES("472","spr-20211227-074939","1","","81","9","1","290","0","Cash","","2021-12-27 19:49:39","2021-12-27 19:49:39");
INSERT INTO payments VALUES("473","spr-20211227-075530","1","","82","9","1","632","0","Cash","","2021-12-27 19:55:30","2021-12-27 19:55:30");
INSERT INTO payments VALUES("474","spr-20211227-075740","1","","83","9","1","65","0","Cash","","2021-12-27 19:57:40","2021-12-27 19:57:40");
INSERT INTO payments VALUES("475","spr-20211227-075903","1","","84","9","1","100","0","Cash","","2021-12-27 19:59:03","2021-12-27 19:59:03");
INSERT INTO payments VALUES("476","spr-20211227-080046","1","","85","9","1","600","0","Cash","","2021-12-27 20:00:46","2021-12-27 20:00:46");
INSERT INTO payments VALUES("477","spr-20211227-081405","1","","86","9","1","1285","0","Cash","","2021-12-27 20:14:05","2021-12-27 20:14:05");
INSERT INTO payments VALUES("478","spr-20211227-081612","1","","87","9","1","355","0","Cash","","2021-12-27 20:16:12","2021-12-27 20:16:12");
INSERT INTO payments VALUES("479","spr-20211227-082131","1","","88","9","1","1010","0","Cash","","2021-12-27 20:21:31","2021-12-27 20:21:31");
INSERT INTO payments VALUES("480","spr-20211227-082413","1","","89","9","1","1800","0","Cash","","2021-12-27 20:24:13","2021-12-27 20:24:13");
INSERT INTO payments VALUES("481","spr-20211227-083433","1","","90","9","1","984","0","Cash","","2021-12-27 20:34:33","2021-12-27 20:34:33");
INSERT INTO payments VALUES("482","spr-20211228-013038","1","","91","9","1","490","0","Cash","","2021-12-28 13:30:38","2021-12-28 13:30:38");
INSERT INTO payments VALUES("483","spr-20211229-102229","1","","92","9","1","645","0","Cash","","2021-12-29 10:22:29","2021-12-29 10:22:29");
INSERT INTO payments VALUES("484","spr-20220101-053651","1","","53","9","1","3500","172","Cash","","2022-01-01 17:36:51","2022-01-01 17:36:51");
INSERT INTO payments VALUES("485","spr-20220101-075451","1","","94","9","1","40","0","Cash","","2022-01-01 19:54:51","2022-01-01 19:54:51");
INSERT INTO payments VALUES("486","spr-20220102-092822","1","","95","9","1","690","0","Cash","","2022-01-02 09:28:22","2022-01-02 09:28:22");
INSERT INTO payments VALUES("487","spr-20220103-125735","1","","96","9","1","510","0","Cash","","2022-01-03 12:57:35","2022-01-03 12:57:35");
INSERT INTO payments VALUES("488","spr-20220103-011405","1","","97","9","1","620","0","Cash","","2022-01-03 13:14:05","2022-01-03 13:14:05");
INSERT INTO payments VALUES("489","spr-20220104-032800","1","","98","9","1","1098","0","Cash","","2022-01-04 15:28:00","2022-01-04 15:28:00");
INSERT INTO payments VALUES("490","spr-20220104-065220","1","","99","9","1","850","0","Cash","","2022-01-04 18:52:20","2022-01-04 18:52:20");
INSERT INTO payments VALUES("491","spr-20220105-014747","1","","100","9","1","255","0","Cash","","2022-01-05 13:47:47","2022-01-05 13:47:47");
INSERT INTO payments VALUES("492","spr-20220106-093406","1","","101","9","1","2952","0","Cash","","2022-01-06 09:34:06","2022-01-06 09:34:06");
INSERT INTO payments VALUES("493","spr-20220106-065228","1","","102","9","1","40","0","Cash","","2022-01-06 18:52:28","2022-01-06 18:52:28");
INSERT INTO payments VALUES("494","spr-20220110-102948","1","","103","9","1","100","0","Cash","","2022-01-10 10:29:48","2022-01-10 10:29:48");
INSERT INTO payments VALUES("495","spr-20220110-102950","1","","104","9","1","100","0","Cash","","2022-01-10 10:29:50","2022-01-10 10:29:50");
INSERT INTO payments VALUES("496","spr-20220112-105955","1","","105","9","1","1310","0","Cash","","2022-01-12 10:59:55","2022-01-12 10:59:55");
INSERT INTO payments VALUES("497","spr-20220112-044143","1","","106","9","1","100","300","Cash","","2022-01-12 16:41:43","2022-01-12 16:41:43");
INSERT INTO payments VALUES("498","spr-20220113-013957","1","","107","9","1","685","0","Cash","","2022-01-13 13:39:57","2022-01-13 13:39:57");
INSERT INTO payments VALUES("499","spr-20220115-014127","1","","108","9","1","90","0","Cash","","2022-01-15 13:41:27","2022-01-15 13:41:27");
INSERT INTO payments VALUES("500","spr-20220118-125555","1","","109","9","1","1021","0","Cash","","2022-01-18 12:55:55","2022-01-18 12:55:55");
INSERT INTO payments VALUES("501","spr-20220123-120847","1","","110","9","1","710","0","Cash","","2022-01-23 12:08:47","2022-01-23 12:08:47");
INSERT INTO payments VALUES("502","spr-20220125-021346","1","","111","9","1","90","0","Cash","","2022-01-25 14:13:46","2022-01-25 14:13:46");
INSERT INTO payments VALUES("503","spr-20220129-095307","1","","112","9","1","445","0","Cash","","2022-01-29 09:53:07","2022-01-29 09:53:07");
INSERT INTO payments VALUES("504","spr-20220131-104824","1","","113","9","1","2700","0","Cash","","2022-01-31 10:48:24","2022-01-31 10:48:24");
INSERT INTO payments VALUES("505","spr-20220205-060309","1","","115","9","1","900","0","Cash","","2022-02-05 18:03:09","2022-02-05 18:03:09");
INSERT INTO payments VALUES("506","spr-20220207-114828","1","","116","9","1","2916","0","Cash","","2022-02-07 11:48:28","2022-02-07 11:48:28");
INSERT INTO payments VALUES("507","spr-20220207-045001","1","","117","9","1","800","0","Cash","","2022-02-07 16:50:01","2022-02-07 16:50:01");
INSERT INTO payments VALUES("508","spr-20220207-073041","1","","118","9","1","180","0","Cash","","2022-02-07 19:30:41","2022-02-07 19:30:41");
INSERT INTO payments VALUES("509","spr-20220208-092445","1","","119","9","1","507","0","Cash","","2022-02-08 09:24:45","2022-02-08 09:24:45");
INSERT INTO payments VALUES("510","spr-20220208-093301","1","","120","9","1","605","0","Cash","","2022-02-08 09:33:01","2022-02-08 09:33:01");
INSERT INTO payments VALUES("511","spr-20220208-093415","1","","121","9","1","100","0","Cash","","2022-02-08 09:34:15","2022-02-08 09:34:15");
INSERT INTO payments VALUES("512","spr-20220208-094024","1","","122","9","1","40","0","Cash","","2022-02-08 09:40:24","2022-02-08 09:40:24");
INSERT INTO payments VALUES("513","spr-20220208-094746","1","","123","9","1","2430","0","Cash","","2022-02-08 09:47:46","2022-02-08 09:47:46");
INSERT INTO payments VALUES("514","spr-20220208-043103","1","","124","9","1","970","0","Cash","","2022-02-08 16:31:03","2022-02-08 16:31:03");
INSERT INTO payments VALUES("515","spr-20220208-052351","1","","125","9","1","200","160","Cash","","2022-02-08 17:23:51","2022-02-08 17:23:51");
INSERT INTO payments VALUES("516","spr-20220209-101908","1","","126","9","1","480","0","Cash","","2022-02-09 10:19:08","2022-02-09 10:19:08");
INSERT INTO payments VALUES("517","spr-20220209-110819","1","","127","9","1","370","0","Cash","","2022-02-09 11:08:19","2022-02-09 11:08:19");
INSERT INTO payments VALUES("518","spr-20220209-121112","1","","128","9","1","260","280","Cash","","2022-02-09 12:11:12","2022-02-09 12:11:12");
INSERT INTO payments VALUES("519","spr-20220209-122659","1","","93","9","1","80","0","Cash","","2022-02-09 12:26:59","2022-02-09 12:26:59");
INSERT INTO payments VALUES("520","spr-20220209-122731","1","","114","9","1","486","0","Cash","","2022-02-09 12:27:31","2022-02-09 12:27:31");
INSERT INTO payments VALUES("521","spr-20220209-122751","1","","106","9","1","300","0","Cash","","2022-02-09 12:27:51","2022-02-09 12:27:51");
INSERT INTO payments VALUES("522","spr-20220209-122834","1","","66","9","1","217","0","Cash","","2022-02-09 12:28:34","2022-02-09 12:28:34");
INSERT INTO payments VALUES("523","spr-20220209-122944","1","","49","9","1","401","0","Cash","","2022-02-09 12:29:44","2022-02-09 12:29:44");
INSERT INTO payments VALUES("524","spr-20220209-123036","1","","29","9","1","400","0","Cash","","2022-02-09 12:30:36","2022-02-09 12:30:36");
INSERT INTO payments VALUES("525","spr-20220209-123120","1","","51","9","1","130","0","Cash","","2022-02-09 12:31:20","2022-02-09 12:31:20");
INSERT INTO payments VALUES("526","spr-20220209-123444","1","","58","9","1","185","135","Cash","","2022-02-09 12:34:44","2022-02-09 12:34:44");
INSERT INTO payments VALUES("527","spr-20220209-040206","1","","129","9","1","90","0","Cash","","2022-02-09 16:02:06","2022-02-09 16:02:06");
INSERT INTO payments VALUES("528","spr-20220209-040351","1","","130","9","1","43","0","Cash","","2022-02-09 16:03:51","2022-02-09 16:03:51");
INSERT INTO payments VALUES("529","spr-20220210-032249","1","","131","9","1","450","0","Cash","","2022-02-10 15:22:49","2022-02-10 15:22:49");
INSERT INTO payments VALUES("530","spr-20220210-081348","1","","132","9","1","90","0","Cash","","2022-02-10 20:13:48","2022-02-10 20:13:48");
INSERT INTO payments VALUES("531","spr-20220210-081349","1","","133","9","1","90","0","Cash","","2022-02-10 20:13:49","2022-02-10 20:13:49");
INSERT INTO payments VALUES("532","spr-20220212-113828","1","","134","9","1","1078","0","Cash","","2022-02-12 11:38:28","2022-02-12 11:38:28");
INSERT INTO payments VALUES("533","spr-20220212-114537","1","","135","9","1","450","0","Cash","","2022-02-12 11:45:37","2022-02-12 11:45:37");
INSERT INTO payments VALUES("534","spr-20220212-121903","1","","136","9","1","253","0","Cash","","2022-02-12 12:19:03","2022-02-12 12:19:03");
INSERT INTO payments VALUES("535","spr-20220212-123517","1","","137","9","1","678","0","Cash","","2022-02-12 12:35:17","2022-02-12 12:35:17");
INSERT INTO payments VALUES("536","spr-20220212-124231","1","","138","9","1","300","0","Cash","","2022-02-12 12:42:31","2022-02-12 12:42:31");
INSERT INTO payments VALUES("537","spr-20220212-125923","1","","139","9","1","390","0","Cash","","2022-02-12 12:59:23","2022-02-12 12:59:23");
INSERT INTO payments VALUES("538","spr-20220212-020614","1","","140","9","1","90","0","Cash","","2022-02-12 14:06:14","2022-02-12 14:06:14");
INSERT INTO payments VALUES("539","spr-20220212-020714","1","","141","9","1","270","0","Cash","","2022-02-12 14:07:14","2022-02-12 14:07:14");
INSERT INTO payments VALUES("540","spr-20220213-105348","1","","142","9","1","206","0","Cash","","2022-02-13 10:53:48","2022-02-13 10:53:48");
INSERT INTO payments VALUES("541","spr-20220213-112056","1","","143","9","1","2592","0","Cash","","2022-02-13 11:20:56","2022-02-13 11:20:56");
INSERT INTO payments VALUES("542","spr-20220213-011431","1","","144","9","1","1002","0","Cash","","2022-02-13 13:14:31","2022-02-13 13:14:31");
INSERT INTO payments VALUES("543","spr-20220213-015308","1","","145","9","1","390","0","Cash","","2022-02-13 13:53:08","2022-02-13 13:53:08");
INSERT INTO payments VALUES("544","spr-20220213-020039","1","","146","9","1","295","0","Cash","","2022-02-13 14:00:39","2022-02-13 14:00:39");
INSERT INTO payments VALUES("545","spr-20220213-022649","1","","147","9","1","334","0","Cash","","2022-02-13 14:26:49","2022-02-13 14:26:49");
INSERT INTO payments VALUES("546","spr-20220213-045524","1","","148","9","1","360","0","Cash","","2022-02-13 16:55:24","2022-02-13 16:55:24");
INSERT INTO payments VALUES("547","spr-20220213-074628","1","","149","9","1","180","0","Cash","","2022-02-13 19:46:28","2022-02-13 19:46:28");
INSERT INTO payments VALUES("548","spr-20220214-112629","1","","150","9","1","810","0","Cash","","2022-02-14 11:26:29","2022-02-14 11:26:29");
INSERT INTO payments VALUES("549","spr-20220214-112954","1","","151","9","1","90","0","Cash","","2022-02-14 11:29:54","2022-02-14 11:29:54");
INSERT INTO payments VALUES("550","spr-20220214-023608","1","","152","9","1","140","0","Cash","","2022-02-14 14:36:08","2022-02-14 14:36:08");
INSERT INTO payments VALUES("551","spr-20220219-112231","1","","154","9","1","270","0","Cash","","2022-02-19 11:22:31","2022-02-19 11:22:31");
INSERT INTO payments VALUES("552","spr-20220219-112351","1","","155","9","1","1134","0","Cash","","2022-02-19 11:23:51","2022-02-19 11:23:51");
INSERT INTO payments VALUES("553","spr-20220221-012640","1","","156","9","1","90","0","Cash","","2022-02-21 13:26:40","2022-02-21 13:26:40");
INSERT INTO payments VALUES("554","spr-20220221-040200","1","","157","9","1","117","0","Cash","","2022-02-21 16:02:00","2022-02-21 16:02:00");
INSERT INTO payments VALUES("555","spr-20220221-060913","1","","158","9","1","180","0","Cash","","2022-02-21 18:09:13","2022-02-21 18:09:13");
INSERT INTO payments VALUES("556","spr-20220221-072249","1","","159","9","1","80","0","Cash","","2022-02-21 19:22:49","2022-02-21 19:22:49");
INSERT INTO payments VALUES("557","spr-20220221-080938","1","","160","9","1","450","0","Cash","","2022-02-21 20:09:38","2022-02-21 20:09:38");
INSERT INTO payments VALUES("558","spr-20220222-023508","1","","161","9","1","290","0","Cash","","2022-02-22 14:35:08","2022-02-22 14:35:08");
INSERT INTO payments VALUES("559","spr-20220223-060550","1","","162","9","1","180","0","Cash","","2022-02-23 18:05:50","2022-02-23 18:05:50");
INSERT INTO payments VALUES("560","spr-20220224-041848","1","","163","9","1","180","0","Cash","","2022-02-24 16:18:48","2022-02-24 16:18:48");
INSERT INTO payments VALUES("561","spr-20220226-031645","1","","164","9","1","240","0","Cash","","2022-02-26 15:16:45","2022-02-26 15:16:45");
INSERT INTO payments VALUES("562","spr-20220310-055556","1","","167","9","1","90","0","Cash","","2022-03-10 17:55:56","2022-03-10 17:55:56");
INSERT INTO payments VALUES("563","spr-20220317-054950","1","","168","9","1","414","0","Cash","","2022-03-17 17:49:50","2022-03-17 17:49:50");
INSERT INTO payments VALUES("564","spr-20220321-034116","1","","169","9","1","90","0","Cash","","2022-03-21 15:41:16","2022-03-21 15:41:16");
INSERT INTO payments VALUES("565","spr-20220323-085641","1","","170","9","1","198","0","Cash","","2022-03-23 08:56:41","2022-03-23 08:56:41");
INSERT INTO payments VALUES("566","spr-20220324-015817","1","","171","9","1","285","0","Cash","","2022-03-24 13:58:17","2022-03-24 13:58:17");
INSERT INTO payments VALUES("567","spr-20220326-015538","1","","172","9","1","221","0","Cash","","2022-03-26 13:55:38","2022-03-26 13:55:38");
INSERT INTO payments VALUES("569","spr-20220402-014300","1","","178","9","1","885","0","Cash","","2022-04-02 13:43:00","2022-04-02 13:43:00");
INSERT INTO payments VALUES("570","spr-20220402-015515","1","","165","9","1","1704","0","Cash","","2022-04-02 13:55:15","2022-04-02 13:55:15");
INSERT INTO payments VALUES("571","spr-20220402-015604","1","","128","9","1","280","0","Cash","","2022-04-02 13:56:04","2022-04-02 13:56:04");
INSERT INTO payments VALUES("572","spr-20220402-024409","1","","179","9","1","1150","0","Cash","","2022-04-02 14:44:09","2022-04-02 14:44:09");
INSERT INTO payments VALUES("573","spr-20220402-024635","1","","153","9","1","107","0","Cash","","2022-04-02 14:46:35","2022-04-02 14:46:35");
INSERT INTO payments VALUES("574","spr-20220402-084159","1","","180","9","1","18540","0","Cash","","2022-04-02 20:41:59","2022-04-02 20:41:59");
INSERT INTO payments VALUES("575","spr-20220403-020037","1","","181","9","1","1920","0","Cash","","2022-04-03 14:00:37","2022-04-03 14:00:37");
INSERT INTO payments VALUES("576","spr-20220403-091901","1","","183","9","1","1380","0","Cash","","2022-04-03 21:19:01","2022-04-03 21:19:01");
INSERT INTO payments VALUES("577","spr-20220403-092931","1","","182","9","1","505","0","Cash","","2022-04-03 21:29:31","2022-04-03 21:29:31");
INSERT INTO payments VALUES("579","spr-20220403-111704","1","","185","9","1","11880","0","Cash","","2022-04-03 23:17:04","2022-04-03 23:17:04");
INSERT INTO payments VALUES("580","spr-20220404-105644","1","","186","9","1","160","0","Cash","","2022-04-04 10:56:44","2022-04-04 10:56:44");
INSERT INTO payments VALUES("581","spr-20220404-110248","1","","187","9","1","620","0","Cash","","2022-04-04 11:02:48","2022-04-04 11:02:48");
INSERT INTO payments VALUES("582","spr-20220404-014930","1","","188","9","1","830","0","Cash","","2022-04-04 13:49:30","2022-04-04 13:49:30");
INSERT INTO payments VALUES("583","spr-20220404-015619","1","","189","9","1","1090","0","Cash","","2022-04-04 13:56:19","2022-04-04 13:56:19");
INSERT INTO payments VALUES("584","spr-20220404-093743","1","","190","9","1","420","0","Cash","","2022-04-04 21:37:43","2022-04-04 21:37:43");
INSERT INTO payments VALUES("585","spr-20220405-124243","1","","191","9","1","830","0","Cash","","2022-04-05 12:42:43","2022-04-05 12:42:43");
INSERT INTO payments VALUES("586","spr-20220406-010205","1","","192","9","1","670","0","Cash","","2022-04-06 13:02:05","2022-04-06 13:02:05");
INSERT INTO payments VALUES("587","spr-20220407-120335","1","","193","9","1","510","0","Cash","","2022-04-07 12:03:35","2022-04-07 12:03:35");
INSERT INTO payments VALUES("588","spr-20220407-122507","1","","194","9","1","155","0","Cash","","2022-04-07 12:25:07","2022-04-07 12:25:07");
INSERT INTO payments VALUES("589","spr-20220407-094045","1","","195","9","1","1020","0","Cash","","2022-04-07 21:40:45","2022-04-07 21:40:45");
INSERT INTO payments VALUES("590","spr-20220407-094426","1","","196","9","1","140","0","Cash","","2022-04-07 21:44:26","2022-04-07 21:44:26");
INSERT INTO payments VALUES("591","spr-20220409-024539","1","","197","9","1","1980","0","Cash","","2022-04-09 14:45:39","2022-04-09 14:45:39");
INSERT INTO payments VALUES("592","spr-20220410-032412","1","","198","9","1","450","0","Cash","","2022-04-10 15:24:12","2022-04-10 15:24:12");
INSERT INTO payments VALUES("593","spr-20220411-120523","1","","199","9","1","4860","0","Cash","","2022-04-11 12:05:23","2022-04-11 12:05:23");
INSERT INTO payments VALUES("594","spr-20220411-013333","1","","200","9","1","625","0","Cash","","2022-04-11 13:33:33","2022-04-11 13:33:33");
INSERT INTO payments VALUES("595","spr-20220414-111532","1","","202","9","1","2457","0","Cash","","2022-04-14 11:15:32","2022-04-14 11:15:32");
INSERT INTO payments VALUES("596","spr-20220416-123035","1","","203","9","1","4698","0","Cash","","2022-04-16 12:30:35","2022-04-16 12:30:35");
INSERT INTO payments VALUES("598","spr-20220416-042300","1","","205","9","1","300","0","Cash","","2022-04-16 16:23:00","2022-04-16 16:23:00");
INSERT INTO payments VALUES("599","spr-20220416-081445","1","","206","9","1","100","0","Cash","","2022-04-16 20:14:45","2022-04-16 20:14:45");
INSERT INTO payments VALUES("600","spr-20220417-104356","1","","207","9","1","450","0","Cash","","2022-04-17 10:43:56","2022-04-17 10:43:56");
INSERT INTO payments VALUES("602","spr-20220417-110914","1","","209","9","1","380","0","Cash","","2022-04-17 11:09:14","2022-04-17 11:09:14");
INSERT INTO payments VALUES("603","spr-20220417-111821","1","","210","9","1","940","0","Cash","","2022-04-17 11:18:21","2022-04-17 11:18:21");
INSERT INTO payments VALUES("604","spr-20220417-120046","1","","211","9","1","600","0","Cash","","2022-04-17 12:00:46","2022-04-17 12:00:46");
INSERT INTO payments VALUES("606","spr-20220417-020314","1","","213","9","1","700","0","Cash","","2022-04-17 14:03:14","2022-04-17 14:03:14");
INSERT INTO payments VALUES("607","spr-20220419-101325","1","","214","9","1","3645","450","Cash","","2022-04-19 22:13:25","2022-04-19 22:13:25");
INSERT INTO payments VALUES("609","spr-20220420-092218","1","","216","9","1","380","0","Cash","","2022-04-20 21:22:18","2022-04-20 21:22:18");
INSERT INTO payments VALUES("610","spr-20220421-041757","1","","217","9","1","200","0","Cash","","2022-04-21 16:17:57","2022-04-21 16:17:57");
INSERT INTO payments VALUES("611","spr-20220422-042834","1","","220","9","1","560","600","Cash","","2022-04-22 16:28:34","2022-04-22 16:28:34");
INSERT INTO payments VALUES("612","spr-20220422-114441","1","","221","9","1","450","20","Cash","","2022-04-22 23:44:41","2022-04-22 23:44:41");
INSERT INTO payments VALUES("613","spr-20220424-124938","1","","219","9","1","1000","930","Cash","","2022-04-24 00:49:38","2022-04-24 00:49:38");
INSERT INTO payments VALUES("614","spr-20220424-125116","1","","201","9","1","870","1000","Cash","","2022-04-24 00:51:16","2022-04-24 00:51:16");
INSERT INTO payments VALUES("615","spr-20220424-105107","1","","222","9","1","195","85","Cash","","2022-04-24 10:51:07","2022-04-24 10:51:07");
INSERT INTO payments VALUES("616","spr-20220424-112157","1","","223","9","1","610","0","Cash","","2022-04-24 11:21:57","2022-04-24 11:21:57");
INSERT INTO payments VALUES("617","spr-20220424-010820","1","","224","9","1","1000","560","Cash","","2022-04-24 13:08:20","2022-04-24 13:08:20");
INSERT INTO payments VALUES("618","spr-20220424-030942","1","","225","9","1","1145","0","Cash","","2022-04-24 15:09:42","2022-04-24 15:09:42");
INSERT INTO payments VALUES("620","spr-20220424-101656","1","","227","9","1","2005","0","Cash","","2022-04-24 22:16:56","2022-04-24 22:16:56");
INSERT INTO payments VALUES("621","spr-20220425-095544","1","","228","9","1","500","0","Cash","","2022-04-25 09:55:44","2022-04-25 09:55:44");
INSERT INTO payments VALUES("624","spr-20220425-101203","1","","231","9","1","2220","0","Cash","","2022-04-25 10:12:03","2022-04-25 10:12:03");
INSERT INTO payments VALUES("625","spr-20220425-103804","1","","232","9","1","1440","0","Cash","","2022-04-25 10:38:04","2022-04-25 10:38:04");
INSERT INTO payments VALUES("626","spr-20220425-020731","1","","233","9","1","420","0","Cash","","2022-04-25 14:07:31","2022-04-25 14:07:31");
INSERT INTO payments VALUES("627","spr-20220425-051107","1","","234","9","1","700","0","Cash","","2022-04-25 17:11:07","2022-04-25 17:11:07");
INSERT INTO payments VALUES("628","spr-20220426-032755","1","","235","9","1","3816","0","Cash","","2022-04-26 15:27:55","2022-04-26 15:27:55");
INSERT INTO payments VALUES("629","spr-20220426-084056","1","","236","9","1","1330","550","Cash","","2022-04-26 20:40:56","2022-04-26 20:40:56");
INSERT INTO payments VALUES("630","spr-20220426-084808","1","","237","9","1","2000","1240","Cash","","2022-04-26 20:48:08","2022-04-26 20:48:08");
INSERT INTO payments VALUES("631","spr-20220427-105633","1","","240","9","1","846","0","Cash","","2022-04-27 10:56:33","2022-04-27 10:56:33");
INSERT INTO payments VALUES("632","spr-20220427-124336","1","","241","9","1","280","0","Cash","","2022-04-27 12:43:36","2022-04-27 12:43:36");
INSERT INTO payments VALUES("633","spr-20220427-085651","1","","242","9","1","308","0","Cash","","2022-04-27 20:56:51","2022-04-27 20:56:51");
INSERT INTO payments VALUES("634","spr-20220427-104409","1","","243","9","1","980","0","Cash","","2022-04-27 22:44:09","2022-04-27 22:44:09");
INSERT INTO payments VALUES("637","spr-20220427-114738","1","","246","9","1","513","0","Cash","","2022-04-27 23:47:38","2022-04-27 23:47:38");
INSERT INTO payments VALUES("638","spr-20220428-100301","1","","247","9","1","560","20","Cash","","2022-04-28 10:03:01","2022-04-28 10:03:01");
INSERT INTO payments VALUES("639","spr-20220428-104527","1","","248","9","1","300","193","Cash","","2022-04-28 10:45:27","2022-04-28 10:45:27");
INSERT INTO payments VALUES("641","spr-20220428-030956","1","","251","9","1","70","0","Cash","","2022-04-28 15:09:56","2022-04-28 15:09:56");
INSERT INTO payments VALUES("642","spr-20220429-115508","1","","252","9","1","1550","0","Cash","","2022-04-29 11:55:08","2022-04-29 11:55:08");
INSERT INTO payments VALUES("643","spr-20220429-044844","1","","250","9","1","540","0","Cash","","2022-04-29 16:48:44","2022-04-29 16:48:44");
INSERT INTO payments VALUES("644","spr-20220429-044931","1","","221","9","1","20","0","Cash","","2022-04-29 16:49:31","2022-04-29 16:49:31");
INSERT INTO payments VALUES("645","spr-20220430-012423","1","","237","9","1","1240","0","Cash","","2022-04-30 01:24:23","2022-04-30 01:24:23");
INSERT INTO payments VALUES("646","spr-20220430-071328","1","","201","9","1","1000","0","Cash","","2022-04-30 19:13:28","2022-04-30 19:13:28");
INSERT INTO payments VALUES("648","spr-20220430-102325","1","","220","9","1","600","0","Cash","","2022-04-30 22:23:25","2022-04-30 22:23:25");
INSERT INTO payments VALUES("649","spr-20220501-093929","1","","256","9","1","280","180","Cash","","2022-05-01 09:39:29","2022-05-01 09:39:29");
INSERT INTO payments VALUES("651","spr-20220505-101045","1","","258","9","1","610","0","Cash","","2022-05-05 10:10:45","2022-05-05 10:10:45");
INSERT INTO payments VALUES("652","spr-20220505-103501","1","","259","9","1","450","0","Cash","","2022-05-05 10:35:01","2022-05-05 10:35:01");
INSERT INTO payments VALUES("653","spr-20220505-021726","1","","260","9","1","480","0","Cash","","2022-05-05 14:17:26","2022-05-05 14:17:26");
INSERT INTO payments VALUES("654","spr-20220507-092659","1","","262","9","1","1060","0","Cash","","2022-05-07 09:26:59","2022-05-07 09:26:59");
INSERT INTO payments VALUES("655","spr-20220507-114055","1","","263","9","1","410","0","Cash","","2022-05-07 11:40:55","2022-05-07 11:40:55");
INSERT INTO payments VALUES("656","spr-20220507-123611","1","","265","9","1","300","0","Cash","","2022-05-07 12:36:11","2022-05-07 12:36:11");
INSERT INTO payments VALUES("657","spr-20220508-113715","1","","266","9","1","480","0","Cash","","2022-05-08 11:37:15","2022-05-08 11:37:15");
INSERT INTO payments VALUES("659","spr-20220508-033246","1","","268","9","1","1480","0","Cash","","2022-05-08 15:32:46","2022-05-08 15:32:46");
INSERT INTO payments VALUES("660","spr-20220508-044559","1","","269","9","1","540","0","Cash","","2022-05-08 16:45:59","2022-05-08 16:45:59");
INSERT INTO payments VALUES("661","spr-20220509-074042","1","","264","9","1","1800","0","Cash","","2022-05-09 19:40:42","2022-05-09 19:40:42");
INSERT INTO payments VALUES("662","spr-20220509-074122","1","","26","9","1","100","0","Cash","","2022-05-09 19:41:22","2022-05-09 19:41:22");
INSERT INTO payments VALUES("663","spr-20220509-074207","1","","214","9","1","450","0","Cash","","2022-05-09 19:42:07","2022-05-09 19:42:07");
INSERT INTO payments VALUES("664","spr-20220509-074225","1","","255","9","1","140","0","Cash","","2022-05-09 19:42:25","2022-05-09 19:42:25");
INSERT INTO payments VALUES("665","spr-20220509-074252","1","","224","9","1","560","0","Cash","","2022-05-09 19:42:52","2022-05-09 19:42:52");
INSERT INTO payments VALUES("666","spr-20220509-074603","1","","271","9","1","360","0","Cash","","2022-05-09 19:46:03","2022-05-09 19:46:03");
INSERT INTO payments VALUES("667","spr-20220509-075200","1","","247","9","1","20","0","Cash","","2022-05-09 19:52:00","2022-05-09 19:52:00");
INSERT INTO payments VALUES("668","spr-20220509-075849","1","","272","9","1","370","0","Cash","","2022-05-09 19:58:49","2022-05-09 19:58:49");
INSERT INTO payments VALUES("669","spr-20220510-122036","1","","273","9","1","80","0","Cash","","2022-05-10 12:20:36","2022-05-10 12:20:36");
INSERT INTO payments VALUES("670","spr-20220510-015421","1","","274","9","1","1710","0","Cash","","2022-05-10 13:54:21","2022-05-10 13:54:21");
INSERT INTO payments VALUES("671","spr-20220510-020333","1","","275","9","1","450","0","Cash","","2022-05-10 14:03:33","2022-05-10 14:03:33");
INSERT INTO payments VALUES("673","spr-20220511-013205","1","","277","9","1","360","0","Cash","","2022-05-11 13:32:05","2022-05-11 13:32:05");
INSERT INTO payments VALUES("675","spr-20220512-033228","1","","279","9","1","740","0","Cash","","2022-05-12 15:32:28","2022-05-12 15:32:28");
INSERT INTO payments VALUES("676","spr-20220514-124441","1","","280","9","1","630","0","Cash","","2022-05-14 12:44:41","2022-05-14 12:44:41");
INSERT INTO payments VALUES("679","spr-20220515-063001","1","","284","9","1","750","0","Cash","","2022-05-15 18:30:01","2022-05-15 18:30:01");
INSERT INTO payments VALUES("680","spr-20220515-071835","1","","285","9","1","1110","0","Cash","","2022-05-15 19:18:35","2022-05-15 19:18:35");
INSERT INTO payments VALUES("681","spr-20220516-044140","1","","286","9","1","720","0","Cash","","2022-05-16 16:41:40","2022-05-16 16:41:40");
INSERT INTO payments VALUES("682","spr-20220516-044231","1","","261","9","1","1320","0","Cash","","2022-05-16 16:42:31","2022-05-16 16:42:31");
INSERT INTO payments VALUES("683","spr-20220518-112348","1","","287","9","1","355","0","Cash","","2022-05-18 11:23:48","2022-05-18 11:23:48");
INSERT INTO payments VALUES("684","spr-20220519-094335","1","","289","9","1","425","0","Cash","","2022-05-19 09:43:35","2022-05-19 09:43:35");
INSERT INTO payments VALUES("685","spr-20220522-012537","1","","283","9","1","862","0","Cash","","2022-05-22 13:25:37","2022-05-22 13:25:37");
INSERT INTO payments VALUES("686","spr-20220522-021545","1","","270","9","1","1400","70","Cash","","2022-05-22 14:15:45","2022-05-22 14:15:45");
INSERT INTO payments VALUES("687","spr-20220525-105040","1","","290","9","1","360","0","Cash","","2022-05-25 10:50:40","2022-05-25 10:50:40");
INSERT INTO payments VALUES("688","spr-20220602-094118","1","","291","9","1","6240","0","Cash","","2022-06-02 09:41:18","2022-06-02 09:41:18");
INSERT INTO payments VALUES("689","spr-20220606-022345","1","","292","9","1","1170","0","Cash","","2022-06-06 14:23:45","2022-06-06 14:23:45");
INSERT INTO payments VALUES("690","spr-20220607-054417","1","","293","9","1","298","0","Cash","","2022-06-07 17:44:17","2022-06-07 17:44:17");
INSERT INTO payments VALUES("691","spr-20220611-065453","1","","219","9","1","930","0","Cash","","2022-06-11 18:54:53","2022-06-11 18:54:53");
INSERT INTO payments VALUES("692","spr-20220613-031410","1","","294","9","1","140","0","Cash","","2022-06-13 15:14:10","2022-06-13 15:14:10");
INSERT INTO payments VALUES("693","spr-20220613-031910","1","","144","9","1","54","0","Cash","","2022-06-13 15:19:10","2022-06-13 15:19:10");
INSERT INTO payments VALUES("694","spr-20220619-121658","1","","295","9","1","805","0","Cash","","2022-06-19 12:16:58","2022-06-19 12:16:58");
INSERT INTO payments VALUES("695","spr-20220619-022847","1","","296","9","1","360","0","Cash","","2022-06-19 14:28:47","2022-06-19 14:28:47");
INSERT INTO payments VALUES("696","spr-20220620-102603","1","","297","9","1","640","0","Cash","","2022-06-20 10:26:03","2022-06-20 10:26:03");
INSERT INTO payments VALUES("698","spr-20220620-123505","1","","300","9","1","392","0","Cash","","2022-06-20 12:35:05","2022-06-20 12:35:05");
INSERT INTO payments VALUES("699","spr-20220621-110626","1","","302","9","1","394","0","Cash","","2022-06-21 11:06:26","2022-06-21 11:06:26");
INSERT INTO payments VALUES("701","spr-20220621-085955","1","","304","9","1","230","0","Cash","","2022-06-21 20:59:55","2022-06-21 20:59:55");
INSERT INTO payments VALUES("702","spr-20220622-014036","1","","305","9","1","350","0","Cash","","2022-06-22 13:40:36","2022-06-22 13:40:36");
INSERT INTO payments VALUES("703","spr-20220623-023553","1","","306","9","1","670","0","Cash","","2022-06-23 14:35:53","2022-06-23 14:35:53");
INSERT INTO payments VALUES("704","spr-20220627-094531","1","","307","9","1","300","900","Cash","","2022-06-27 09:45:31","2022-06-27 09:45:31");
INSERT INTO payments VALUES("705","spr-20220627-102956","1","","301","9","1","740","0","Cash","","2022-06-27 10:29:56","2022-06-27 10:29:56");
INSERT INTO payments VALUES("706","spr-20220627-122537","1","","308","9","1","740","0","Cash","","2022-06-27 12:25:37","2022-06-27 12:25:37");
INSERT INTO payments VALUES("708","spr-20220702-074300","1","","311","9","1","760","984","Cash","","2022-07-02 19:43:00","2022-07-02 19:43:00");
INSERT INTO payments VALUES("710","spr-20220707-122148","1","","314","9","1","1540","405","Cash","","2022-07-07 12:21:48","2022-07-07 12:21:48");
INSERT INTO payments VALUES("711","spr-20220707-122722","1","","315","9","1","2160","0","Cash","","2022-07-07 12:27:22","2022-07-07 12:27:22");
INSERT INTO payments VALUES("712","spr-20220707-122801","1","","307","9","1","900","0","Cash","","2022-07-07 12:28:01","2022-07-07 12:28:01");
INSERT INTO payments VALUES("713","spr-20220713-110902","1","","316","9","1","270","0","Cash","","2022-07-13 11:09:02","2022-07-13 11:09:02");
INSERT INTO payments VALUES("720","spr-20220717-034957","1","","326","9","1","320","0","Cash","","2022-07-17 15:49:57","2022-07-17 15:49:57");
INSERT INTO payments VALUES("721","spr-20220717-035205","1","","311","9","1","500","484","Cash","","2022-07-17 15:52:05","2022-07-17 15:52:05");
INSERT INTO payments VALUES("722","spr-20220721-042111","1","","327","9","1","257","0","Cash","","2022-07-21 16:21:11","2022-07-21 16:21:11");
INSERT INTO payments VALUES("723","spr-20220721-043159","1","","328","9","1","1800","0","Cash","","2022-07-21 16:31:59","2022-07-21 16:31:59");
INSERT INTO payments VALUES("724","spr-20220725-080907","1","","331","9","1","270","0","Cash","","2022-07-25 08:09:07","2022-07-25 08:09:07");
INSERT INTO payments VALUES("726","spr-20220727-062737","1","","334","9","1","4000","0","Cash","","2022-07-27 06:27:37","2022-07-27 06:27:37");
INSERT INTO payments VALUES("728","spr-20220727-063134","1","","337","9","1","90","0","Cash","","2022-07-27 06:31:34","2022-07-27 06:31:34");
INSERT INTO payments VALUES("729","spr-20220727-063215","1","","338","9","1","480","0","Cash","","2022-07-27 06:32:15","2022-07-27 06:32:15");
INSERT INTO payments VALUES("730","spr-20220727-060510","1","","339","9","1","430","0","Cash","","2022-07-27 18:05:10","2022-07-27 18:05:10");
INSERT INTO payments VALUES("731","spr-20220727-061327","1","","340","9","1","450","0","Cash","","2022-07-27 18:13:27","2022-07-27 18:13:27");
INSERT INTO payments VALUES("732","spr-20220727-061459","1","","342","9","1","150","30","Cash","","2022-07-27 18:14:59","2022-07-27 18:14:59");
INSERT INTO payments VALUES("733","spr-20220727-061626","1","","343","9","1","90","0","Cash","","2022-07-27 18:16:26","2022-07-27 18:16:26");
INSERT INTO payments VALUES("734","spr-20220727-061825","1","","344","9","1","40","140","Cash","","2022-07-27 18:18:25","2022-07-27 18:18:25");
INSERT INTO payments VALUES("735","spr-20220727-061902","1","","345","9","1","250","0","Cash","","2022-07-27 18:19:02","2022-07-27 18:19:02");
INSERT INTO payments VALUES("736","spr-20220727-062120","1","","346","9","1","140","0","Cash","","2022-07-27 18:21:20","2022-07-27 18:21:20");
INSERT INTO payments VALUES("737","spr-20220727-062233","1","","347","9","1","535","0","Cash","","2022-07-27 18:22:33","2022-07-27 18:22:33");
INSERT INTO payments VALUES("738","spr-20220727-062537","1","","349","9","1","2080","0","Cash","","2022-07-27 18:25:37","2022-07-27 18:25:37");
INSERT INTO payments VALUES("739","spr-20220727-062736","1","","350","9","1","100","400","Cash","","2022-07-27 18:27:36","2022-07-27 18:27:36");
INSERT INTO payments VALUES("740","spr-20220727-062810","1","","351","9","1","70","0","Cash","","2022-07-27 18:28:10","2022-07-27 18:28:10");
INSERT INTO payments VALUES("741","spr-20220727-062957","1","","352","9","1","360","0","Cash","","2022-07-27 18:29:57","2022-07-27 18:29:57");
INSERT INTO payments VALUES("742","spr-20220727-063213","1","","353","9","1","180","0","Cash","","2022-07-27 18:32:13","2022-07-27 18:32:13");
INSERT INTO payments VALUES("743","spr-20220728-070814","1","","354","9","1","324","0","Cash","","2022-07-28 19:08:14","2022-07-28 19:08:14");
INSERT INTO payments VALUES("744","spr-20220728-071831","1","","355","9","1","530","0","Cash","","2022-07-28 19:18:31","2022-07-28 19:18:31");
INSERT INTO payments VALUES("745","spr-20220728-071911","1","","356","9","1","280","0","Cash","","2022-07-28 19:19:11","2022-07-28 19:19:11");
INSERT INTO payments VALUES("746","spr-20220728-072019","1","","357","9","1","1700","0","Cash","","2022-07-28 19:20:19","2022-07-28 19:20:19");
INSERT INTO payments VALUES("747","spr-20220728-072124","1","","358","9","1","160","0","Cash","","2022-07-28 19:21:24","2022-07-28 19:21:24");
INSERT INTO payments VALUES("748","spr-20220728-072208","1","","359","9","1","324","0","Cash","","2022-07-28 19:22:08","2022-07-28 19:22:08");
INSERT INTO payments VALUES("749","spr-20220728-072909","1","","361","9","1","1395","0","Cash","","2022-07-28 19:29:09","2022-07-28 19:29:09");
INSERT INTO payments VALUES("750","spr-20220730-071524","1","","321","9","1","4644","0","Cash","","2022-07-30 07:15:24","2022-07-30 07:15:24");
INSERT INTO payments VALUES("755","spr-20220731-120438","1","","368","9","1","2190","0","Cash","","2022-07-31 12:04:38","2022-07-31 12:04:38");
INSERT INTO payments VALUES("756","spr-20220731-071223","1","","370","9","1","160","0","Cash","","2022-07-31 19:12:23","2022-07-31 19:12:23");
INSERT INTO payments VALUES("757","spr-20220731-071304","1","","371","9","1","440","0","Cash","","2022-07-31 19:13:04","2022-07-31 19:13:04");
INSERT INTO payments VALUES("758","spr-20220731-071350","1","","372","9","1","470","0","Cash","","2022-07-31 19:13:50","2022-07-31 19:13:50");
INSERT INTO payments VALUES("759","spr-20220731-071425","1","","373","9","1","140","0","Cash","","2022-07-31 19:14:25","2022-07-31 19:14:25");
INSERT INTO payments VALUES("760","spr-20220801-090033","1","","374","9","1","600","0","Cash","","2022-08-01 09:00:33","2022-08-01 09:00:33");
INSERT INTO payments VALUES("765","spr-20220803-094411","1","","378","9","1","1320","400","Cash","","2022-08-03 09:44:11","2022-08-03 09:44:11");
INSERT INTO payments VALUES("767","spr-20220803-071201","1","","380","9","1","250","0","Cash","","2022-08-03 19:12:01","2022-08-03 19:12:01");
INSERT INTO payments VALUES("768","spr-20220803-071240","1","","381","9","1","260","0","Cash","","2022-08-03 19:12:40","2022-08-03 19:12:40");
INSERT INTO payments VALUES("769","spr-20220803-071324","1","","382","9","1","290","0","Cash","","2022-08-03 19:13:24","2022-08-03 19:13:24");
INSERT INTO payments VALUES("771","spr-20220804-100511","1","","384","9","1","990","0","Cash","","2022-08-04 10:05:11","2022-08-04 10:05:11");
INSERT INTO payments VALUES("772","spr-20220804-111425","1","","385","9","1","860","0","Cash","","2022-08-04 11:14:25","2022-08-04 11:14:25");
INSERT INTO payments VALUES("773","spr-20220804-124753","1","","386","9","1","5800","5000","Cash","","2022-08-04 12:47:53","2022-08-04 12:47:53");
INSERT INTO payments VALUES("774","spr-20220804-070956","1","","350","9","1","400","0","Cash","","2022-08-04 19:09:56","2022-08-04 19:09:56");
INSERT INTO payments VALUES("775","spr-20220804-071301","1","","329","9","1","720","0","Cash","","2022-08-04 19:13:01","2022-08-04 19:13:01");
INSERT INTO payments VALUES("776","spr-20220810-082902","1","","387","9","1","70","0","Cash","","2022-08-10 08:29:02","2022-08-10 08:29:02");
INSERT INTO payments VALUES("777","spr-20220810-082902","1","","388","9","1","70","0","Cash","","2022-08-10 08:29:02","2022-08-10 08:29:02");
INSERT INTO payments VALUES("779","spr-20220810-083617","1","","391","9","1","300","0","Cash","","2022-08-10 08:36:17","2022-08-10 08:36:17");
INSERT INTO payments VALUES("780","spr-20220810-083948","1","","386","9","1","5000","0","Cash","","2022-08-10 08:39:48","2022-08-10 08:39:48");
INSERT INTO payments VALUES("781","spr-20220810-025428","1","","393","9","1","980","0","Cash","","2022-08-10 14:54:28","2022-08-10 14:54:28");
INSERT INTO payments VALUES("782","spr-20220811-123633","1","","348","9","1","160","0","Cash","","2022-08-11 12:36:33","2022-08-11 12:36:33");
INSERT INTO payments VALUES("784","spr-20220813-011500","1","","397","9","1","397","0","Cash","","2022-08-13 13:15:00","2022-08-13 13:15:00");
INSERT INTO payments VALUES("785","spr-20220813-063904","1","","401","9","1","70","0","Cash","","2022-08-13 18:39:04","2022-08-13 18:39:04");
INSERT INTO payments VALUES("786","spr-20220814-020618","1","","403","9","1","2394","0","Cash","","2022-08-14 14:06:18","2022-08-14 14:06:18");
INSERT INTO payments VALUES("787","spr-20220814-021029","1","","396","9","1","3240","0","Cash","","2022-08-14 14:10:29","2022-08-14 14:10:29");
INSERT INTO payments VALUES("788","spr-20220814-022349","1","","344","9","1","140","0","Cash","","2022-08-14 14:23:49","2022-08-14 14:23:49");
INSERT INTO payments VALUES("789","spr-20220815-090127","1","","400","9","1","1000","0","Cash","","2022-08-15 09:01:27","2022-08-15 09:01:27");
INSERT INTO payments VALUES("790","spr-20220815-105203","1","","404","9","1","500","0","Cash","","2022-08-15 10:52:03","2022-08-15 10:52:03");
INSERT INTO payments VALUES("791","spr-20220816-103650","1","","405","9","1","2250","0","Cash","","2022-08-16 10:36:50","2022-08-16 10:36:50");
INSERT INTO payments VALUES("792","spr-20220816-110253","1","","406","9","1","2250","0","Cash","","2022-08-16 11:02:53","2022-08-16 11:02:53");
INSERT INTO payments VALUES("793","spr-20220817-094438","1","","256","9","1","140","40","Cash","","2022-08-17 09:44:38","2022-08-17 09:44:38");
INSERT INTO payments VALUES("794","spr-20220817-094457","1","","248","9","1","193","0","Cash","","2022-08-17 09:44:57","2022-08-17 09:44:57");
INSERT INTO payments VALUES("795","spr-20220817-094509","1","","222","9","1","85","0","Cash","","2022-08-17 09:45:09","2022-08-17 09:45:09");
INSERT INTO payments VALUES("796","spr-20220817-094736","1","","389","9","1","350","0","Cash","","2022-08-17 09:47:36","2022-08-17 09:47:36");
INSERT INTO payments VALUES("797","spr-20220817-102944","1","","408","9","1","270","0","Cash","","2022-08-17 10:29:44","2022-08-17 10:29:44");
INSERT INTO payments VALUES("798","spr-20220818-105804","1","","409","9","1","635","0","Cash","","2022-08-18 10:58:04","2022-08-18 10:58:04");
INSERT INTO payments VALUES("799","spr-20220820-121234","1","","410","9","1","2080","0","Cash","","2022-08-20 12:12:34","2022-08-20 12:12:34");
INSERT INTO payments VALUES("800","spr-20220821-014354","1","","399","9","1","832","0","Cash","","2022-08-21 13:43:54","2022-08-21 13:43:54");
INSERT INTO payments VALUES("801","spr-20220821-014609","1","","375","9","1","1200","0","Cash","","2022-08-21 13:46:09","2022-08-21 13:46:09");
INSERT INTO payments VALUES("802","spr-20220821-014705","1","","58","9","1","135","0","Cash","","2022-08-21 13:47:05","2022-08-21 13:47:05");
INSERT INTO payments VALUES("803","spr-20220821-014809","1","","311","9","1","484","0","Cash","","2022-08-21 13:48:09","2022-08-21 13:48:09");
INSERT INTO payments VALUES("804","spr-20220821-014826","1","","313","9","1","140","0","Cash","","2022-08-21 13:48:26","2022-08-21 13:48:26");
INSERT INTO payments VALUES("805","spr-20220821-045648","1","","411","9","1","700","0","Cash","","2022-08-21 16:56:48","2022-08-21 16:56:48");
INSERT INTO payments VALUES("806","spr-20220821-045927","1","","398","9","1","4410","0","Cash","","2022-08-21 16:59:27","2022-08-21 16:59:27");
INSERT INTO payments VALUES("808","spr-20220822-041652","1","","417","9","1","630","0","Cash","","2022-08-22 16:16:52","2022-08-22 16:16:52");
INSERT INTO payments VALUES("809","spr-20220823-103856","1","","418","9","1","500","0","Cash","","2022-08-23 10:38:56","2022-08-23 10:38:56");
INSERT INTO payments VALUES("811","spr-20220825-103855","1","","420","9","1","1080","0","Cash","","2022-08-25 10:38:55","2022-08-25 10:38:55");
INSERT INTO payments VALUES("813","spr-20220829-122810","1","","419","9","1","540","0","Cash","","2022-08-29 12:28:10","2022-08-29 12:28:10");
INSERT INTO payments VALUES("814","spr-20220829-012845","1","","430","9","1","700","0","Cash","","2022-08-29 13:28:45","2022-08-29 13:28:45");
INSERT INTO payments VALUES("815","spr-20220829-030124","1","","416","9","1","280","0","Cash","","2022-08-29 15:01:24","2022-08-29 15:01:24");
INSERT INTO payments VALUES("816","spr-20220829-030144","1","","414","9","1","540","0","Cash","","2022-08-29 15:01:44","2022-08-29 15:01:44");
INSERT INTO payments VALUES("817","spr-20220829-030200","1","","424","9","1","920","0","Cash","","2022-08-29 15:02:00","2022-08-29 15:02:00");
INSERT INTO payments VALUES("818","spr-20220829-030229","1","","412","9","1","500","0","Cash","","2022-08-29 15:02:29","2022-08-29 15:02:29");
INSERT INTO payments VALUES("819","spr-20220831-094437","1","","253","9","1","320","0","Cash","","2022-08-31 09:44:37","2022-08-31 09:44:37");
INSERT INTO payments VALUES("820","spr-20220831-094506","1","","125","9","1","160","0","Cash","","2022-08-31 09:45:06","2022-08-31 09:45:06");
INSERT INTO payments VALUES("822","spr-20220903-121554","1","","433","9","1","4050","0","Cash","","2022-09-03 12:15:54","2022-09-03 12:15:54");
INSERT INTO payments VALUES("823","spr-20220905-085620","1","","426","9","1","210","0","Cash","","2022-09-05 08:56:20","2022-09-05 08:56:20");
INSERT INTO payments VALUES("824","spr-20220905-090009","1","","55","9","1","100","0","Cash","","2022-09-05 09:00:09","2022-09-05 09:00:09");
INSERT INTO payments VALUES("825","spr-20220906-060417","1","","341","9","1","180","430","Cash","","2022-09-06 18:04:17","2022-09-06 18:04:17");
INSERT INTO payments VALUES("826","spr-20220906-061500","1","","436","9","1","590","0","Cash","","2022-09-06 18:15:00","2022-09-06 18:15:00");
INSERT INTO payments VALUES("827","spr-20220906-061530","1","","437","9","1","260","0","Cash","","2022-09-06 18:15:30","2022-09-06 18:15:30");
INSERT INTO payments VALUES("828","spr-20220906-061617","1","","438","9","1","110","500","Cash","","2022-09-06 18:16:17","2022-09-06 18:16:17");
INSERT INTO payments VALUES("829","spr-20220906-061712","1","","439","9","1","100","0","Cash","","2022-09-06 18:17:12","2022-09-06 18:17:12");
INSERT INTO payments VALUES("830","spr-20220906-062528","1","","378","9","1","300","100","Cash","","2022-09-06 18:25:28","2022-09-06 18:25:28");
INSERT INTO payments VALUES("831","spr-20220910-090220","1","","440","9","1","380","0","Cash","","2022-09-10 09:02:20","2022-09-10 09:02:20");
INSERT INTO payments VALUES("832","spr-20220910-090444","1","","441","9","1","190","0","Cash","","2022-09-10 09:04:44","2022-09-10 09:04:44");
INSERT INTO payments VALUES("833","spr-20220910-093806","1","","442","9","1","320","0","Cash","","2022-09-10 09:38:06","2022-09-10 09:38:06");
INSERT INTO payments VALUES("834","spr-20220910-122925","1","","429","9","1","900","0","Cash","","2022-09-10 12:29:25","2022-09-10 12:29:25");
INSERT INTO payments VALUES("835","spr-20220910-123002","1","","402","9","1","720","0","Cash","","2022-09-10 12:30:02","2022-09-10 12:30:02");
INSERT INTO payments VALUES("836","spr-20220910-123240","1","","443","9","1","170","0","Cash","","2022-09-10 12:32:40","2022-09-10 12:32:40");
INSERT INTO payments VALUES("837","spr-20220911-014404","1","","444","9","1","1330","0","Cash","","2022-09-11 13:44:04","2022-09-11 13:44:04");
INSERT INTO payments VALUES("839","spr-20220913-052129","1","","446","9","1","100","0","Cash","","2022-09-13 17:21:29","2022-09-13 17:21:29");
INSERT INTO payments VALUES("840","spr-20220913-052245","1","","447","9","1","350","100","Cash","","2022-09-13 17:22:45","2022-09-13 17:22:45");
INSERT INTO payments VALUES("841","spr-20220914-074436","1","","448","9","1","300","190","Cash","","2022-09-14 07:44:36","2022-09-14 07:44:36");
INSERT INTO payments VALUES("842","spr-20220914-074725","1","","449","9","1","180","0","Cash","","2022-09-14 07:47:25","2022-09-14 07:47:25");
INSERT INTO payments VALUES("843","spr-20220914-080946","1","","450","9","1","95","0","Cash","","2022-09-14 08:09:46","2022-09-14 08:09:46");
INSERT INTO payments VALUES("844","spr-20220914-081149","1","","451","9","1","220","200","Cash","","2022-09-14 08:11:49","2022-09-14 08:11:49");
INSERT INTO payments VALUES("845","spr-20220914-081402","1","","452","9","1","200","320","Cash","","2022-09-14 08:14:02","2022-09-14 08:14:02");
INSERT INTO payments VALUES("846","spr-20220914-081641","1","","453","9","1","170","0","Cash","","2022-09-14 08:16:41","2022-09-14 08:16:41");
INSERT INTO payments VALUES("847","spr-20220914-054305","1","","454","9","1","200","0","Cash","","2022-09-14 17:43:05","2022-09-14 17:43:05");
INSERT INTO payments VALUES("848","spr-20220914-055106","1","","455","9","1","475","0","Cash","","2022-09-14 17:51:06","2022-09-14 17:51:06");
INSERT INTO payments VALUES("849","spr-20220914-055325","1","","456","9","1","390","0","Cash","","2022-09-14 17:53:25","2022-09-14 17:53:25");
INSERT INTO payments VALUES("850","spr-20220914-055422","1","","457","9","1","175","0","Cash","","2022-09-14 17:54:22","2022-09-14 17:54:22");
INSERT INTO payments VALUES("851","spr-20220914-055715","1","","458","9","1","275","0","Cash","","2022-09-14 17:57:15","2022-09-14 17:57:15");
INSERT INTO payments VALUES("852","spr-20220914-055955","1","","459","9","1","255","0","Cash","","2022-09-14 17:59:55","2022-09-14 17:59:55");
INSERT INTO payments VALUES("853","spr-20220921-103516","1","","463","9","1","350","355","Cash","","2022-09-21 10:35:16","2022-09-21 10:35:16");
INSERT INTO payments VALUES("854","spr-20220921-103645","1","","465","9","1","180","0","Cash","","2022-09-21 10:36:45","2022-09-21 10:36:45");
INSERT INTO payments VALUES("855","spr-20220921-031750","1","","462","9","1","495","0","Cash","","2022-09-21 15:17:50","2022-09-21 15:17:50");
INSERT INTO payments VALUES("858","spr-20220922-110900","1","","472","9","1","1200","320","Cash","","2022-09-22 11:09:00","2022-09-22 11:09:00");
INSERT INTO payments VALUES("859","spr-20220922-033901","1","","473","9","1","180","0","Cash","","2022-09-22 15:39:01","2022-09-22 15:39:01");
INSERT INTO payments VALUES("860","spr-20220924-101526","1","","477","9","1","440","320","Cash","","2022-09-24 10:15:26","2022-09-24 10:15:26");
INSERT INTO payments VALUES("861","spr-20220924-102050","1","","469","9","1","865","2000","Cash","","2022-09-24 10:20:50","2022-09-24 10:20:50");
INSERT INTO payments VALUES("862","spr-20220924-102146","1","","435","9","1","470","0","Cash","","2022-09-24 10:21:46","2022-09-24 10:21:46");
INSERT INTO payments VALUES("863","spr-20220924-102209","1","","53","9","1","172","0","Cash","","2022-09-24 10:22:09","2022-09-24 10:22:09");
INSERT INTO payments VALUES("864","spr-20220924-102253","1","","438","9","1","200","300","Cash","","2022-09-24 10:22:53","2022-09-24 10:22:53");
INSERT INTO payments VALUES("865","spr-20220925-115205","1","","478","9","1","90","0","Cash","","2022-09-25 11:52:05","2022-09-25 11:52:05");
INSERT INTO payments VALUES("866","spr-20220925-115435","1","","479","9","1","255","0","Cash","","2022-09-25 11:54:35","2022-09-25 11:54:35");
INSERT INTO payments VALUES("867","spr-20220925-035242","1","","434","9","1","600","0","Cash","","2022-09-25 15:52:42","2022-09-25 15:52:42");
INSERT INTO payments VALUES("868","spr-20220927-030105","1","","480","9","1","720","0","Cash","","2022-09-27 15:01:05","2022-09-27 15:01:05");
INSERT INTO payments VALUES("869","spr-20220928-110432","1","","469","9","1","2000","0","Cash","","2022-09-28 11:04:32","2022-09-28 11:04:32");
INSERT INTO payments VALUES("870","spr-20220928-075154","1","","474","9","1","530","0","Cash","","2022-09-28 19:51:54","2022-09-28 19:51:54");
INSERT INTO payments VALUES("871","spr-20220929-104619","1","","482","9","1","940","235","Cash","","2022-09-29 10:46:19","2022-09-29 10:46:19");
INSERT INTO payments VALUES("872","spr-20220929-020836","1","","484","9","1","380","0","Cash","","2022-09-29 14:08:36","2022-09-29 14:08:36");
INSERT INTO payments VALUES("873","spr-20221003-071349","1","","485","9","1","840","0","Cash","","2022-10-03 19:13:49","2022-10-03 19:13:49");
INSERT INTO payments VALUES("874","spr-20221003-071520","1","","486","9","1","250","500","Cash","","2022-10-03 19:15:20","2022-10-03 19:15:20");
INSERT INTO payments VALUES("875","spr-20221003-072132","1","","487","9","1","1110","0","Cash","","2022-10-03 19:21:32","2022-10-03 19:21:32");
INSERT INTO payments VALUES("876","spr-20221003-073333","1","","488","9","1","10161","0","Cash","","2022-10-03 19:33:33","2022-10-03 19:33:33");
INSERT INTO payments VALUES("877","spr-20221003-073518","1","","489","9","1","4275","0","Cash","","2022-10-03 19:35:18","2022-10-03 19:35:18");
INSERT INTO payments VALUES("878","spr-20221003-074205","1","","490","9","1","525","0","Cash","","2022-10-03 19:42:05","2022-10-03 19:42:05");
INSERT INTO payments VALUES("879","spr-20221004-102906","1","","483","9","1","425","0","Cash","","2022-10-04 10:29:06","2022-10-04 10:29:06");
INSERT INTO payments VALUES("880","spr-20221004-105032","1","","492","9","1","540","0","Cash","","2022-10-04 10:50:32","2022-10-04 10:50:32");
INSERT INTO payments VALUES("882","spr-20221004-105343","1","","494","9","1","600","0","Cash","","2022-10-04 10:53:43","2022-10-04 10:53:43");
INSERT INTO payments VALUES("884","spr-20221004-015920","1","","497","9","1","1150","0","Cash","","2022-10-04 13:59:20","2022-10-04 13:59:20");
INSERT INTO payments VALUES("885","spr-20221004-055448","1","","451","9","1","200","0","Cash","","2022-10-04 17:54:48","2022-10-04 17:54:48");
INSERT INTO payments VALUES("886","spr-20221005-092517","1","","498","9","1","290","0","Cash","","2022-10-05 09:25:17","2022-10-05 09:25:17");
INSERT INTO payments VALUES("887","spr-20221005-105741","1","","499","9","1","570","0","Cash","","2022-10-05 10:57:41","2022-10-05 10:57:41");
INSERT INTO payments VALUES("888","spr-20221005-011642","1","","500","9","1","180","0","Cash","","2022-10-05 13:16:42","2022-10-05 13:16:42");
INSERT INTO payments VALUES("890","spr-20221005-022747","1","","504","9","1","2015","0","Cash","","2022-10-05 14:27:47","2022-10-05 14:27:47");
INSERT INTO payments VALUES("891","spr-20221006-115620","1","","395","9","1","180","0","Cash","","2022-10-06 11:56:20","2022-10-06 11:56:20");
INSERT INTO payments VALUES("893","spr-20221006-021002","1","","509","9","1","360","0","Cash","","2022-10-06 14:10:02","2022-10-06 14:10:02");
INSERT INTO payments VALUES("894","spr-20221006-034652","1","","508","9","1","650","0","Cash","","2022-10-06 15:46:52","2022-10-06 15:46:52");
INSERT INTO payments VALUES("895","spr-20221006-035122","1","","505","9","1","1020","0","Cash","","2022-10-06 15:51:22","2022-10-06 15:51:22");
INSERT INTO payments VALUES("896","spr-20221006-035943","1","","510","9","1","640","0","Cash","","2022-10-06 15:59:43","2022-10-06 15:59:43");
INSERT INTO payments VALUES("897","spr-20221007-015627","1","","511","9","1","510","0","Cash","","2022-10-07 13:56:27","2022-10-07 13:56:27");
INSERT INTO payments VALUES("898","spr-20221008-084003","1","","477","9","1","320","0","Cash","","2022-10-08 08:40:03","2022-10-08 08:40:03");
INSERT INTO payments VALUES("899","spr-20221008-084325","1","","512","9","1","1145","680","Cash","","2022-10-08 08:43:25","2022-10-08 08:43:25");
INSERT INTO payments VALUES("900","spr-20221008-052905","1","","514","9","1","180","0","Cash","","2022-10-08 17:29:05","2022-10-08 17:29:05");
INSERT INTO payments VALUES("901","spr-20221009-125023","1","","516","9","1","90","0","Cash","","2022-10-09 12:50:23","2022-10-09 12:50:23");
INSERT INTO payments VALUES("902","spr-20221010-054659","1","","314","9","1","200","205","Cash","","2022-10-10 17:46:59","2022-10-10 17:46:59");
INSERT INTO payments VALUES("903","spr-20221011-101730","1","","519","9","1","680","0","Cash","","2022-10-11 10:17:30","2022-10-11 10:17:30");
INSERT INTO payments VALUES("904","spr-20221012-104210","1","","520","9","1","600","0","Cash","","2022-10-12 10:42:10","2022-10-12 10:42:10");
INSERT INTO payments VALUES("905","spr-20221012-121128","1","","521","9","1","500","0","Cash","","2022-10-12 12:11:28","2022-10-12 12:11:28");
INSERT INTO payments VALUES("906","spr-20221013-085433","1","","476","9","1","3850","120","Cash","","2022-10-13 08:54:33","2022-10-13 08:54:33");
INSERT INTO payments VALUES("907","spr-20221013-091947","1","","513","9","1","450","0","Cash","","2022-10-13 09:19:47","2022-10-13 09:19:47");
INSERT INTO payments VALUES("908","spr-20221013-014447","1","","525","9","1","805","0","Cash","","2022-10-13 13:44:47","2022-10-13 13:44:47");
INSERT INTO payments VALUES("909","spr-20221015-031103","1","","526","9","1","559","0","Cash","","2022-10-15 15:11:03","2022-10-15 15:11:03");
INSERT INTO payments VALUES("910","spr-20221015-032301","1","","524","9","1","1260","0","Cash","","2022-10-15 15:23:01","2022-10-15 15:23:01");
INSERT INTO payments VALUES("911","spr-20221015-032310","1","","517","9","1","720","0","Cash","","2022-10-15 15:23:10","2022-10-15 15:23:10");
INSERT INTO payments VALUES("912","spr-20221016-112234","1","","527","9","1","625","0","Cash","","2022-10-16 11:22:34","2022-10-16 11:22:34");
INSERT INTO payments VALUES("913","spr-20221017-012620","1","","527","9","1","5","0","Cash","","2022-10-17 13:26:20","2022-10-17 13:26:20");
INSERT INTO payments VALUES("914","spr-20221017-012754","1","","518","9","1","270","0","Cash","","2022-10-17 13:27:54","2022-10-17 13:27:54");
INSERT INTO payments VALUES("915","spr-20221018-101756","1","","530","9","1","85","0","Cash","","2022-10-18 10:17:56","2022-10-18 10:17:56");
INSERT INTO payments VALUES("916","spr-20221020-094452","1","","481","9","1","190","0","Cash","","2022-10-20 09:44:52","2022-10-20 09:44:52");
INSERT INTO payments VALUES("918","spr-20221021-035033","1","","532","9","1","500","465","Cash","","2022-10-21 15:50:33","2022-10-21 15:50:33");
INSERT INTO payments VALUES("919","spr-20221022-085116","1","","533","9","1","510","720","Cash","","2022-10-22 08:51:16","2022-10-22 08:51:16");
INSERT INTO payments VALUES("920","spr-20221022-021246","1","","534","9","1","305","0","Cash","","2022-10-22 14:12:46","2022-10-22 14:12:46");
INSERT INTO payments VALUES("922","spr-20221023-035125","1","","536","9","1","805","0","Cash","","2022-10-23 15:51:25","2022-10-23 15:51:25");
INSERT INTO payments VALUES("923","spr-20221023-035408","1","","538","9","1","460","0","Cash","","2022-10-23 15:54:08","2022-10-23 15:54:08");
INSERT INTO payments VALUES("924","spr-20221023-035719","1","","515","9","1","670","0","Cash","","2022-10-23 15:57:19","2022-10-23 15:57:19");
INSERT INTO payments VALUES("925","spr-20221023-035758","1","","503","9","1","870","0","Cash","","2022-10-23 15:57:58","2022-10-23 15:57:58");
INSERT INTO payments VALUES("926","spr-20221023-035938","1","","491","9","1","400","80","Cash","","2022-10-23 15:59:38","2022-10-23 15:59:38");
INSERT INTO payments VALUES("927","spr-20221023-040049","1","","438","9","1","300","0","Cash","","2022-10-23 16:00:49","2022-10-23 16:00:49");
INSERT INTO payments VALUES("928","spr-20221023-040107","1","","486","9","1","500","0","Cash","","2022-10-23 16:01:07","2022-10-23 16:01:07");
INSERT INTO payments VALUES("929","spr-20221023-040122","1","","452","9","1","320","0","Cash","","2022-10-23 16:01:22","2022-10-23 16:01:22");
INSERT INTO payments VALUES("930","spr-20221023-040139","1","","482","9","1","235","0","Cash","","2022-10-23 16:01:39","2022-10-23 16:01:39");
INSERT INTO payments VALUES("931","spr-20221024-052656","1","","270","9","1","70","0","Cash","","2022-10-24 17:26:56","2022-10-24 17:26:56");
INSERT INTO payments VALUES("932","spr-20221024-052725","1","","270","9","1","70","0","Cash","","2022-10-24 17:27:25","2022-10-24 17:27:25");
INSERT INTO payments VALUES("933","spr-20221025-104020","1","","542","9","1","570","0","Cash","","2022-10-25 10:40:20","2022-10-25 10:40:20");
INSERT INTO payments VALUES("934","spr-20221025-113208","1","","543","9","1","600","250","Cash","","2022-10-25 11:32:08","2022-10-25 11:32:08");
INSERT INTO payments VALUES("935","spr-20221025-070541","1","","544","9","1","225","0","Cash","","2022-10-25 19:05:41","2022-10-25 19:05:41");
INSERT INTO payments VALUES("936","spr-20221031-021547","1","","545","9","1","100","0","Cash","","2022-10-31 14:15:47","2022-10-31 14:15:47");
INSERT INTO payments VALUES("937","spr-20221103-102116","1","","546","9","1","30","0","Cash","","2022-11-03 10:21:16","2022-11-03 10:21:16");
INSERT INTO payments VALUES("938","spr-20221103-102730","1","","547","9","1","1200","355","Cash","","2022-11-03 10:27:30","2022-11-03 10:27:30");
INSERT INTO payments VALUES("939","spr-20221103-103947","1","","548","9","1","644","0","Cash","","2022-11-03 10:39:47","2022-11-03 10:39:47");
INSERT INTO payments VALUES("940","spr-20221103-104056","1","","533","9","1","720","0","Cash","","2022-11-03 10:40:56","2022-11-03 10:40:56");
INSERT INTO payments VALUES("941","spr-20221103-104251","1","","523","9","1","2000","240","Cash","","2022-11-03 10:42:51","2022-11-03 10:42:51");
INSERT INTO payments VALUES("942","spr-20221103-104336","1","","512","9","1","280","400","Cash","","2022-11-03 10:43:36","2022-11-03 10:43:36");
INSERT INTO payments VALUES("943","spr-20221103-104731","1","","270","9","1","-70","0","Cash","","2022-11-03 10:47:31","2022-11-03 10:47:31");
INSERT INTO payments VALUES("944","spr-20221103-104925","1","","491","9","1","80","0","Cash","","2022-11-03 10:49:25","2022-11-03 10:49:25");
INSERT INTO payments VALUES("945","spr-20221103-110539","1","","468","9","1","810","0","Cash","","2022-11-03 11:05:39","2022-11-03 11:05:39");
INSERT INTO payments VALUES("946","spr-20221103-030406","1","","549","9","1","600","0","Cash","","2022-11-03 15:04:06","2022-11-03 15:04:06");
INSERT INTO payments VALUES("948","spr-20221105-091444","1","","551","9","1","180","0","Cash","","2022-11-05 09:14:44","2022-11-05 09:14:44");
INSERT INTO payments VALUES("949","spr-20221105-091539","1","","552","9","1","90","0","Cash","","2022-11-05 09:15:39","2022-11-05 09:15:39");
INSERT INTO payments VALUES("951","spr-20221105-102352","1","","336","9","1","500","0","Cash","","2022-11-05 10:23:52","2022-11-05 10:23:52");
INSERT INTO payments VALUES("952","spr-20221105-102405","1","","543","9","1","250","0","Cash","","2022-11-05 10:24:05","2022-11-05 10:24:05");
INSERT INTO payments VALUES("953","spr-20221105-102548","1","","555","9","1","1215","0","Cash","","2022-11-05 10:25:48","2022-11-05 10:25:48");
INSERT INTO payments VALUES("954","spr-20221106-121625","1","","512","9","1","400","0","Cash","","2022-11-06 12:16:25","2022-11-06 12:16:25");
INSERT INTO payments VALUES("955","spr-20221107-120012","1","","556","9","1","748","0","Cash","","2022-11-07 12:00:12","2022-11-07 12:00:12");
INSERT INTO payments VALUES("956","spr-20221108-080904","1","","557","9","1","210","0","Cash","","2022-11-08 08:09:04","2022-11-08 08:09:04");
INSERT INTO payments VALUES("957","spr-20221108-090813","1","","529","9","1","180","0","Cash","","2022-11-08 09:08:13","2022-11-08 09:08:13");
INSERT INTO payments VALUES("958","spr-20221109-034200","1","","559","9","1","260","0","Cash","","2022-11-09 15:42:00","2022-11-09 15:42:00");
INSERT INTO payments VALUES("959","spr-20221109-034536","1","","560","9","1","740","0","Cash","","2022-11-09 15:45:36","2022-11-09 15:45:36");
INSERT INTO payments VALUES("960","spr-20221109-035126","1","","561","9","1","185","0","Cash","","2022-11-09 15:51:26","2022-11-09 15:51:26");
INSERT INTO payments VALUES("961","spr-20221109-035315","1","","562","9","1","315","600","Cash","","2022-11-09 15:53:15","2022-11-09 15:53:15");
INSERT INTO payments VALUES("962","spr-20221110-081812","1","","460","9","1","690","0","Cash","","2022-11-10 08:18:12","2022-11-10 08:18:12");
INSERT INTO payments VALUES("963","spr-20221110-010005","1","","564","9","1","330","0","Cash","","2022-11-10 13:00:05","2022-11-10 13:00:05");
INSERT INTO payments VALUES("964","spr-20221110-024857","1","","565","9","1","381","0","Cash","","2022-11-10 14:48:57","2022-11-10 14:48:57");
INSERT INTO payments VALUES("965","spr-20221110-035638","1","","566","9","1","160","0","Cash","","2022-11-10 15:56:38","2022-11-10 15:56:38");
INSERT INTO payments VALUES("966","spr-20221110-035849","1","","567","9","1","270","0","Cash","","2022-11-10 15:58:49","2022-11-10 15:58:49");
INSERT INTO payments VALUES("967","spr-20221110-071355","1","","463","9","1","355","0","Cash","","2022-11-10 19:13:55","2022-11-10 19:13:55");
INSERT INTO payments VALUES("968","spr-20221113-083741","1","","541","9","1","665","0","Cash","","2022-11-13 08:37:41","2022-11-13 08:37:41");
INSERT INTO payments VALUES("970","spr-20221114-092213","1","","570","9","1","550","0","Cash","","2022-11-14 09:22:13","2022-11-14 09:22:13");
INSERT INTO payments VALUES("971","spr-20221114-092453","1","","571","9","1","280","0","Cash","","2022-11-14 09:24:53","2022-11-14 09:24:53");
INSERT INTO payments VALUES("972","spr-20221114-092603","1","","572","9","1","510","0","Cash","","2022-11-14 09:26:03","2022-11-14 09:26:03");
INSERT INTO payments VALUES("973","spr-20221114-062034","1","","573","9","1","190","0","Cash","","2022-11-14 18:20:34","2022-11-14 18:20:34");
INSERT INTO payments VALUES("974","spr-20221114-062227","1","","574","9","1","309","0","Cash","","2022-11-14 18:22:27","2022-11-14 18:22:27");
INSERT INTO payments VALUES("975","spr-20221114-062312","1","","575","9","1","85","0","Cash","","2022-11-14 18:23:12","2022-11-14 18:23:12");
INSERT INTO payments VALUES("976","spr-20221114-062433","1","","576","9","1","275","0","Cash","","2022-11-14 18:24:33","2022-11-14 18:24:33");
INSERT INTO payments VALUES("977","spr-20221114-062600","1","","577","9","1","265","0","Cash","","2022-11-14 18:26:00","2022-11-14 18:26:00");
INSERT INTO payments VALUES("978","spr-20221115-063818","1","","578","9","1","870","0","Cash","","2022-11-15 18:38:18","2022-11-15 18:38:18");
INSERT INTO payments VALUES("979","spr-20221115-063939","1","","579","9","1","275","0","Cash","","2022-11-15 18:39:39","2022-11-15 18:39:39");
INSERT INTO payments VALUES("980","spr-20221115-064215","1","","580","9","1","80","0","Cash","","2022-11-15 18:42:15","2022-11-15 18:42:15");
INSERT INTO payments VALUES("981","spr-20221115-072645","1","","581","9","1","440","0","Cash","","2022-11-15 19:26:45","2022-11-15 19:26:45");
INSERT INTO payments VALUES("982","spr-20221117-073038","1","","582","9","1","510","0","Cash","","2022-11-17 07:30:38","2022-11-17 07:30:38");
INSERT INTO payments VALUES("983","spr-20221117-073211","1","","583","9","1","180","0","Cash","","2022-11-17 07:32:11","2022-11-17 07:32:11");
INSERT INTO payments VALUES("984","spr-20221117-073929","1","","585","9","1","450","0","Cash","","2022-11-17 07:39:29","2022-11-17 07:39:29");
INSERT INTO payments VALUES("985","spr-20221117-051344","1","","586","9","1","390","0","Cash","","2022-11-17 17:13:44","2022-11-17 17:13:44");
INSERT INTO payments VALUES("986","spr-20221117-051513","1","","587","9","1","95","0","Cash","","2022-11-17 17:15:13","2022-11-17 17:15:13");
INSERT INTO payments VALUES("987","spr-20221117-053018","1","","588","9","1","425","0","Cash","","2022-11-17 17:30:18","2022-11-17 17:30:18");
INSERT INTO payments VALUES("988","spr-20221117-053539","1","","591","9","1","505","0","Cash","","2022-11-17 17:35:39","2022-11-17 17:35:39");
INSERT INTO payments VALUES("989","spr-20221117-053657","1","","592","9","1","145","0","Cash","","2022-11-17 17:36:57","2022-11-17 17:36:57");
INSERT INTO payments VALUES("990","spr-20221119-041941","1","","554","9","1","530","0","Cash","","2022-11-19 16:19:41","2022-11-19 16:19:41");
INSERT INTO payments VALUES("991","spr-20221119-061750","1","","593","9","1","100","0","Cash","","2022-11-19 18:17:50","2022-11-19 18:17:50");
INSERT INTO payments VALUES("992","spr-20221120-123041","1","","594","9","1","995","0","Cash","","2022-11-20 12:30:41","2022-11-20 12:30:41");
INSERT INTO payments VALUES("993","spr-20221122-023414","1","","596","9","1","340","0","Cash","","2022-11-22 14:34:14","2022-11-22 14:34:14");
INSERT INTO payments VALUES("994","spr-20221123-083140","1","","600","9","1","180","0","Cash","","2022-11-23 08:31:40","2022-11-23 08:31:40");
INSERT INTO payments VALUES("995","spr-20221123-125858","1","","601","9","1","180","0","Cash","","2022-11-23 12:58:58","2022-11-23 12:58:58");
INSERT INTO payments VALUES("996","spr-20221123-020812","1","","602","9","1","170","0","Cash","","2022-11-23 14:08:12","2022-11-23 14:08:12");
INSERT INTO payments VALUES("997","spr-20221123-021141","1","","603","9","1","80","0","Cash","","2022-11-23 14:11:41","2022-11-23 14:11:41");
INSERT INTO payments VALUES("998","spr-20221123-041416","1","","604","9","1","300","140","Cash","","2022-11-23 16:14:16","2022-11-23 16:14:16");
INSERT INTO payments VALUES("999","spr-20221123-041459","1","","605","9","1","160","0","Cash","","2022-11-23 16:14:59","2022-11-23 16:14:59");
INSERT INTO payments VALUES("1000","spr-20221124-084004","1","","606","9","1","145","0","Cash","","2022-11-24 08:40:04","2022-11-24 08:40:04");
INSERT INTO payments VALUES("1001","spr-20221124-103103","1","","558","9","1","650","0","Cash","","2022-11-24 10:31:03","2022-11-24 10:31:03");
INSERT INTO payments VALUES("1002","spr-20221124-072616","1","","607","9","1","80","0","Cash","","2022-11-24 19:26:16","2022-11-24 19:26:16");
INSERT INTO payments VALUES("1003","spr-20221128-123806","1","","608","9","1","270","0","Cash","","2022-11-28 12:38:06","2022-11-28 12:38:06");
INSERT INTO payments VALUES("1006","spr-20221130-110254","1","","547","9","1","355","0","Cash","","2022-11-30 11:02:54","2022-11-30 11:02:54");
INSERT INTO payments VALUES("1007","spr-20221130-110325","1","","597","9","1","645","65","Cash","","2022-11-30 11:03:25","2022-11-30 11:03:25");
INSERT INTO payments VALUES("1008","spr-20221130-112053","1","","568","9","1","200","640","Cash","","2022-11-30 11:20:53","2022-11-30 11:20:53");
INSERT INTO payments VALUES("1010","spr-20221203-061817","1","","616","9","1","80","0","Cash","","2022-12-03 18:18:17","2022-12-03 18:18:17");
INSERT INTO payments VALUES("1011","spr-20221208-083254","1","","609","9","1","1005","0","Cash","","2022-12-08 08:32:54","2022-12-08 08:32:54");
INSERT INTO payments VALUES("1012","spr-20221208-083304","1","","613","9","1","270","0","Cash","","2022-12-08 08:33:04","2022-12-08 08:33:04");
INSERT INTO payments VALUES("1013","spr-20221208-083350","1","","599","9","1","375","70","Cash","","2022-12-08 08:33:50","2022-12-08 08:33:50");
INSERT INTO payments VALUES("1014","spr-20221208-083404","1","","595","9","1","475","0","Cash","","2022-12-08 08:34:04","2022-12-08 08:34:04");
INSERT INTO payments VALUES("1015","spr-20221208-083430","1","","539","9","1","300","150","Cash","","2022-12-08 08:34:30","2022-12-08 08:34:30");
INSERT INTO payments VALUES("1016","spr-20221208-083602","1","","537","9","1","100","0","Cash","","2022-12-08 08:36:02","2022-12-08 08:36:02");
INSERT INTO payments VALUES("1017","spr-20221208-083625","1","","341","9","1","100","330","Cash","","2022-12-08 08:36:25","2022-12-08 08:36:25");
INSERT INTO payments VALUES("1018","spr-20221208-104449","1","","617","9","1","75","0","Cash","","2022-12-08 10:44:49","2022-12-08 10:44:49");
INSERT INTO payments VALUES("1019","spr-20221208-104851","1","","618","9","1","54","0","Cash","","2022-12-08 10:48:51","2022-12-08 10:48:51");
INSERT INTO payments VALUES("1020","spr-20221208-105211","1","","619","9","1","24","0","Cash","","2022-12-08 10:52:11","2022-12-08 10:52:11");
INSERT INTO payments VALUES("1021","spr-20221208-105731","1","","620","9","1","390","0","Cash","","2022-12-08 10:57:31","2022-12-08 10:57:31");
INSERT INTO payments VALUES("1022","spr-20221208-110200","1","","621","9","1","60","0","Cash","","2022-12-08 11:02:00","2022-12-08 11:02:00");
INSERT INTO payments VALUES("1023","spr-20221208-112436","1","","622","9","1","400","1443","Cash","","2022-12-08 11:24:36","2022-12-08 11:24:36");
INSERT INTO payments VALUES("1024","spr-20221208-112602","1","","623","9","1","560","0","Cash","","2022-12-08 11:26:02","2022-12-08 11:26:02");
INSERT INTO payments VALUES("1025","spr-20221208-122806","1","","624","9","1","80","0","Cash","","2022-12-08 12:28:06","2022-12-08 12:28:06");
INSERT INTO payments VALUES("1026","spr-20221208-122902","1","","625","9","1","66","0","Cash","","2022-12-08 12:29:02","2022-12-08 12:29:02");
INSERT INTO payments VALUES("1027","spr-20221208-123141","1","","627","9","1","365","0","Cash","","2022-12-08 12:31:41","2022-12-08 12:31:41");
INSERT INTO payments VALUES("1028","spr-20221208-124118","1","","628","9","1","330","0","Cash","","2022-12-08 12:41:18","2022-12-08 12:41:18");
INSERT INTO payments VALUES("1029","spr-20221208-124311","1","","629","9","1","233","0","Cash","","2022-12-08 12:43:11","2022-12-08 12:43:11");
INSERT INTO payments VALUES("1030","spr-20221208-124710","1","","630","9","1","195","0","Cash","","2022-12-08 12:47:10","2022-12-08 12:47:10");
INSERT INTO payments VALUES("1031","spr-20221208-125300","1","","631","9","1","156","0","Cash","","2022-12-08 12:53:00","2022-12-08 12:53:00");
INSERT INTO payments VALUES("1032","spr-20221208-125352","1","","632","9","1","260","0","Cash","","2022-12-08 12:53:52","2022-12-08 12:53:52");
INSERT INTO payments VALUES("1033","spr-20221208-010047","1","","633","9","1","377","0","Cash","","2022-12-08 13:00:47","2022-12-08 13:00:47");
INSERT INTO payments VALUES("1034","spr-20221208-010305","1","","634","9","1","108","0","Cash","","2022-12-08 13:03:05","2022-12-08 13:03:05");
INSERT INTO payments VALUES("1035","spr-20221208-011219","1","","637","9","1","60","0","Cash","","2022-12-08 13:12:19","2022-12-08 13:12:19");
INSERT INTO payments VALUES("1036","spr-20221208-011424","1","","638","9","1","240","0","Cash","","2022-12-08 13:14:24","2022-12-08 13:14:24");
INSERT INTO payments VALUES("1037","spr-20221208-011625","1","","639","9","1","290","0","Cash","","2022-12-08 13:16:25","2022-12-08 13:16:25");
INSERT INTO payments VALUES("1038","spr-20221208-012502","1","","641","9","1","278","174","Cash","","2022-12-08 13:25:02","2022-12-08 13:25:02");
INSERT INTO payments VALUES("1039","spr-20221208-012818","1","","642","9","1","708","0","Cash","","2022-12-08 13:28:18","2022-12-08 13:28:18");
INSERT INTO payments VALUES("1040","spr-20221208-013044","1","","643","9","1","230","0","Cash","","2022-12-08 13:30:44","2022-12-08 13:30:44");
INSERT INTO payments VALUES("1041","spr-20221208-013805","1","","314","9","1","205","0","Cash","","2022-12-08 13:38:05","2022-12-08 13:38:05");
INSERT INTO payments VALUES("1042","spr-20221208-051635","1","","590","9","1","500","350","Cash","","2022-12-08 17:16:35","2022-12-08 17:16:35");
INSERT INTO payments VALUES("1043","spr-20221208-053600","1","","644","9","1","54","0","Cash","","2022-12-08 17:36:00","2022-12-08 17:36:00");
INSERT INTO payments VALUES("1044","spr-20221208-053641","1","","645","9","1","24","0","Cash","","2022-12-08 17:36:41","2022-12-08 17:36:41");
INSERT INTO payments VALUES("1045","spr-20221208-053747","1","","646","9","1","90","0","Cash","","2022-12-08 17:37:47","2022-12-08 17:37:47");
INSERT INTO payments VALUES("1046","spr-20221208-054020","1","","647","9","1","170","0","Cash","","2022-12-08 17:40:20","2022-12-08 17:40:20");
INSERT INTO payments VALUES("1047","spr-20221210-011352","1","","648","9","1","630","0","Cash","","2022-12-10 13:13:52","2022-12-10 13:13:52");
INSERT INTO payments VALUES("1048","spr-20221211-041616","1","","649","9","1","500","0","Cash","","2022-12-11 16:16:16","2022-12-11 16:16:16");
INSERT INTO payments VALUES("1049","spr-20221212-010357","1","","562","9","1","600","0","Cash","","2022-12-12 13:03:57","2022-12-12 13:03:57");
INSERT INTO payments VALUES("1050","spr-20221213-100154","1","","636","9","1","368","32","Cash","","2022-12-13 10:01:54","2022-12-13 10:01:54");
INSERT INTO payments VALUES("1051","spr-20221215-011957","1","","652","9","1","234","0","Cash","","2022-12-15 13:19:57","2022-12-15 13:19:57");
INSERT INTO payments VALUES("1052","spr-20221215-042330","1","","622","9","1","250","1193","Cash","","2022-12-15 16:23:30","2022-12-15 16:23:30");
INSERT INTO payments VALUES("1053","spr-20221215-042359","1","","614","9","1","75","0","Cash","","2022-12-15 16:23:59","2022-12-15 16:23:59");
INSERT INTO payments VALUES("1054","spr-20221215-042418","1","","568","9","1","125","515","Cash","","2022-12-15 16:24:18","2022-12-15 16:24:18");
INSERT INTO payments VALUES("1055","spr-20221215-042658","1","","653","9","1","25","0","Cash","","2022-12-15 16:26:58","2022-12-15 16:26:58");



CREATE TABLE `payrolls` (
  `id` int(10) unsigned NOT NULL AUTO_INCREMENT,
  `reference_no` varchar(191) COLLATE utf8mb4_unicode_ci NOT NULL,
  `employee_id` int(11) NOT NULL,
  `account_id` int(11) NOT NULL,
  `user_id` int(11) NOT NULL,
  `amount` double NOT NULL,
  `paying_method` varchar(191) COLLATE utf8mb4_unicode_ci NOT NULL,
  `note` text COLLATE utf8mb4_unicode_ci DEFAULT NULL,
  `created_at` timestamp NULL DEFAULT NULL,
  `updated_at` timestamp NULL DEFAULT NULL,
  PRIMARY KEY (`id`)
) ENGINE=InnoDB AUTO_INCREMENT=10 DEFAULT CHARSET=utf8mb4 COLLATE=utf8mb4_unicode_ci;




CREATE TABLE `permissions` (
  `id` int(10) unsigned NOT NULL AUTO_INCREMENT,
  `name` varchar(191) COLLATE utf8mb4_unicode_ci NOT NULL,
  `guard_name` varchar(191) COLLATE utf8mb4_unicode_ci NOT NULL,
  `created_at` timestamp NULL DEFAULT NULL,
  `updated_at` timestamp NULL DEFAULT NULL,
  PRIMARY KEY (`id`)
) ENGINE=InnoDB AUTO_INCREMENT=105 DEFAULT CHARSET=utf8mb4 COLLATE=utf8mb4_unicode_ci;

INSERT INTO permissions VALUES("4","products-edit","web","2018-06-03 04:00:09","2018-06-03 04:00:09");
INSERT INTO permissions VALUES("5","products-delete","web","2018-06-04 01:54:22","2018-06-04 01:54:22");
INSERT INTO permissions VALUES("6","products-add","web","2018-06-04 03:34:14","2018-06-04 03:34:14");
INSERT INTO permissions VALUES("7","products-index","web","2018-06-04 06:34:27","2018-06-04 06:34:27");
INSERT INTO permissions VALUES("8","purchases-index","web","2018-06-04 11:03:19","2018-06-04 11:03:19");
INSERT INTO permissions VALUES("9","purchases-add","web","2018-06-04 11:12:25","2018-06-04 11:12:25");
INSERT INTO permissions VALUES("10","purchases-edit","web","2018-06-04 12:47:36","2018-06-04 12:47:36");
INSERT INTO permissions VALUES("11","purchases-delete","web","2018-06-04 12:47:36","2018-06-04 12:47:36");
INSERT INTO permissions VALUES("12","sales-index","web","2018-06-04 13:49:08","2018-06-04 13:49:08");
INSERT INTO permissions VALUES("13","sales-add","web","2018-06-04 13:49:52","2018-06-04 13:49:52");
INSERT INTO permissions VALUES("14","sales-edit","web","2018-06-04 13:49:52","2018-06-04 13:49:52");
INSERT INTO permissions VALUES("15","sales-delete","web","2018-06-04 13:49:53","2018-06-04 13:49:53");
INSERT INTO permissions VALUES("16","quotes-index","web","2018-06-05 01:05:10","2018-06-05 01:05:10");
INSERT INTO permissions VALUES("17","quotes-add","web","2018-06-05 01:05:10","2018-06-05 01:05:10");
INSERT INTO permissions VALUES("18","quotes-edit","web","2018-06-05 01:05:10","2018-06-05 01:05:10");
INSERT INTO permissions VALUES("19","quotes-delete","web","2018-06-05 01:05:10","2018-06-05 01:05:10");
INSERT INTO permissions VALUES("20","transfers-index","web","2018-06-05 01:30:03","2018-06-05 01:30:03");
INSERT INTO permissions VALUES("21","transfers-add","web","2018-06-05 01:30:03","2018-06-05 01:30:03");
INSERT INTO permissions VALUES("22","transfers-edit","web","2018-06-05 01:30:03","2018-06-05 01:30:03");
INSERT INTO permissions VALUES("23","transfers-delete","web","2018-06-05 01:30:03","2018-06-05 01:30:03");
INSERT INTO permissions VALUES("24","returns-index","web","2018-06-05 01:50:24","2018-06-05 01:50:24");
INSERT INTO permissions VALUES("25","returns-add","web","2018-06-05 01:50:24","2018-06-05 01:50:24");
INSERT INTO permissions VALUES("26","returns-edit","web","2018-06-05 01:50:25","2018-06-05 01:50:25");
INSERT INTO permissions VALUES("27","returns-delete","web","2018-06-05 01:50:25","2018-06-05 01:50:25");
INSERT INTO permissions VALUES("28","customers-index","web","2018-06-05 02:15:54","2018-06-05 02:15:54");
INSERT INTO permissions VALUES("29","customers-add","web","2018-06-05 02:15:55","2018-06-05 02:15:55");
INSERT INTO permissions VALUES("30","customers-edit","web","2018-06-05 02:15:55","2018-06-05 02:15:55");
INSERT INTO permissions VALUES("31","customers-delete","web","2018-06-05 02:15:55","2018-06-05 02:15:55");
INSERT INTO permissions VALUES("32","suppliers-index","web","2018-06-05 02:40:12","2018-06-05 02:40:12");
INSERT INTO permissions VALUES("33","suppliers-add","web","2018-06-05 02:40:12","2018-06-05 02:40:12");
INSERT INTO permissions VALUES("34","suppliers-edit","web","2018-06-05 02:40:12","2018-06-05 02:40:12");
INSERT INTO permissions VALUES("35","suppliers-delete","web","2018-06-05 02:40:12","2018-06-05 02:40:12");
INSERT INTO permissions VALUES("36","product-report","web","2018-06-25 02:05:33","2018-06-25 02:05:33");
INSERT INTO permissions VALUES("37","purchase-report","web","2018-06-25 02:24:56","2018-06-25 02:24:56");
INSERT INTO permissions VALUES("38","sale-report","web","2018-06-25 02:33:13","2018-06-25 02:33:13");
INSERT INTO permissions VALUES("39","customer-report","web","2018-06-25 02:36:51","2018-06-25 02:36:51");
INSERT INTO permissions VALUES("40","due-report","web","2018-06-25 02:39:52","2018-06-25 02:39:52");
INSERT INTO permissions VALUES("41","users-index","web","2018-06-25 03:00:10","2018-06-25 03:00:10");
INSERT INTO permissions VALUES("42","users-add","web","2018-06-25 03:00:10","2018-06-25 03:00:10");
INSERT INTO permissions VALUES("43","users-edit","web","2018-06-25 03:01:30","2018-06-25 03:01:30");
INSERT INTO permissions VALUES("44","users-delete","web","2018-06-25 03:01:30","2018-06-25 03:01:30");
INSERT INTO permissions VALUES("45","profit-loss","web","2018-07-15 00:50:05","2018-07-15 00:50:05");
INSERT INTO permissions VALUES("46","best-seller","web","2018-07-15 01:01:38","2018-07-15 01:01:38");
INSERT INTO permissions VALUES("47","daily-sale","web","2018-07-15 01:24:21","2018-07-15 01:24:21");
INSERT INTO permissions VALUES("48","monthly-sale","web","2018-07-15 01:30:41","2018-07-15 01:30:41");
INSERT INTO permissions VALUES("49","daily-purchase","web","2018-07-15 01:36:46","2018-07-15 01:36:46");
INSERT INTO permissions VALUES("50","monthly-purchase","web","2018-07-15 01:48:17","2018-07-15 01:48:17");
INSERT INTO permissions VALUES("51","payment-report","web","2018-07-15 02:10:41","2018-07-15 02:10:41");
INSERT INTO permissions VALUES("52","warehouse-stock-report","web","2018-07-15 02:16:55","2018-07-15 02:16:55");
INSERT INTO permissions VALUES("53","product-qty-alert","web","2018-07-15 02:33:21","2018-07-15 02:33:21");
INSERT INTO permissions VALUES("54","supplier-report","web","2018-07-30 06:00:01","2018-07-30 06:00:01");
INSERT INTO permissions VALUES("55","expenses-index","web","2018-09-05 04:07:10","2018-09-05 04:07:10");
INSERT INTO permissions VALUES("56","expenses-add","web","2018-09-05 04:07:10","2018-09-05 04:07:10");
INSERT INTO permissions VALUES("57","expenses-edit","web","2018-09-05 04:07:10","2018-09-05 04:07:10");
INSERT INTO permissions VALUES("58","expenses-delete","web","2018-09-05 04:07:11","2018-09-05 04:07:11");
INSERT INTO permissions VALUES("59","general_setting","web","2018-10-20 02:10:04","2018-10-20 02:10:04");
INSERT INTO permissions VALUES("60","mail_setting","web","2018-10-20 02:10:04","2018-10-20 02:10:04");
INSERT INTO permissions VALUES("61","pos_setting","web","2018-10-20 02:10:04","2018-10-20 02:10:04");
INSERT INTO permissions VALUES("62","hrm_setting","web","2019-01-02 12:30:23","2019-01-02 12:30:23");
INSERT INTO permissions VALUES("63","purchase-return-index","web","2019-01-02 23:45:14","2019-01-02 23:45:14");
INSERT INTO permissions VALUES("64","purchase-return-add","web","2019-01-02 23:45:14","2019-01-02 23:45:14");
INSERT INTO permissions VALUES("65","purchase-return-edit","web","2019-01-02 23:45:14","2019-01-02 23:45:14");
INSERT INTO permissions VALUES("66","purchase-return-delete","web","2019-01-02 23:45:14","2019-01-02 23:45:14");
INSERT INTO permissions VALUES("67","account-index","web","2019-01-03 00:06:13","2019-01-03 00:06:13");
INSERT INTO permissions VALUES("68","balance-sheet","web","2019-01-03 00:06:14","2019-01-03 00:06:14");
INSERT INTO permissions VALUES("69","account-statement","web","2019-01-03 00:06:14","2019-01-03 00:06:14");
INSERT INTO permissions VALUES("70","department","web","2019-01-03 00:30:01","2019-01-03 00:30:01");
INSERT INTO permissions VALUES("71","attendance","web","2019-01-03 00:30:01","2019-01-03 00:30:01");
INSERT INTO permissions VALUES("72","payroll","web","2019-01-03 00:30:01","2019-01-03 00:30:01");
INSERT INTO permissions VALUES("73","employees-index","web","2019-01-03 00:52:19","2019-01-03 00:52:19");
INSERT INTO permissions VALUES("74","employees-add","web","2019-01-03 00:52:19","2019-01-03 00:52:19");
INSERT INTO permissions VALUES("75","employees-edit","web","2019-01-03 00:52:19","2019-01-03 00:52:19");
INSERT INTO permissions VALUES("76","employees-delete","web","2019-01-03 00:52:19","2019-01-03 00:52:19");
INSERT INTO permissions VALUES("77","user-report","web","2019-01-16 08:48:18","2019-01-16 08:48:18");
INSERT INTO permissions VALUES("78","stock_count","web","2019-02-17 12:32:01","2019-02-17 12:32:01");
INSERT INTO permissions VALUES("79","adjustment","web","2019-02-17 12:32:02","2019-02-17 12:32:02");
INSERT INTO permissions VALUES("80","sms_setting","web","2019-02-22 07:18:03","2019-02-22 07:18:03");
INSERT INTO permissions VALUES("81","create_sms","web","2019-02-22 07:18:03","2019-02-22 07:18:03");
INSERT INTO permissions VALUES("82","print_barcode","web","2019-03-07 07:02:19","2019-03-07 07:02:19");
INSERT INTO permissions VALUES("83","empty_database","web","2019-03-07 07:02:19","2019-03-07 07:02:19");
INSERT INTO permissions VALUES("84","customer_group","web","2019-03-07 07:37:15","2019-03-07 07:37:15");
INSERT INTO permissions VALUES("85","unit","web","2019-03-07 07:37:15","2019-03-07 07:37:15");
INSERT INTO permissions VALUES("86","tax","web","2019-03-07 07:37:15","2019-03-07 07:37:15");
INSERT INTO permissions VALUES("87","gift_card","web","2019-03-07 08:29:38","2019-03-07 08:29:38");
INSERT INTO permissions VALUES("88","coupon","web","2019-03-07 08:29:38","2019-03-07 08:29:38");
INSERT INTO permissions VALUES("89","holiday","web","2019-10-19 11:57:15","2019-10-19 11:57:15");
INSERT INTO permissions VALUES("90","warehouse-report","web","2019-10-22 09:00:23","2019-10-22 09:00:23");
INSERT INTO permissions VALUES("91","warehouse","web","2020-02-26 08:47:32","2020-02-26 08:47:32");
INSERT INTO permissions VALUES("92","brand","web","2020-02-26 08:59:59","2020-02-26 08:59:59");
INSERT INTO permissions VALUES("93","billers-index","web","2020-02-26 09:11:15","2020-02-26 09:11:15");
INSERT INTO permissions VALUES("94","billers-add","web","2020-02-26 09:11:15","2020-02-26 09:11:15");
INSERT INTO permissions VALUES("95","billers-edit","web","2020-02-26 09:11:15","2020-02-26 09:11:15");
INSERT INTO permissions VALUES("96","billers-delete","web","2020-02-26 09:11:15","2020-02-26 09:11:15");
INSERT INTO permissions VALUES("97","money-transfer","web","2020-03-02 07:41:48","2020-03-02 07:41:48");
INSERT INTO permissions VALUES("98","category","web","2020-07-13 15:13:16","2020-07-13 15:13:16");
INSERT INTO permissions VALUES("99","delivery","web","2020-07-13 15:13:16","2020-07-13 15:13:16");
INSERT INTO permissions VALUES("100","send_notification","web","2020-10-31 08:21:31","2020-10-31 08:21:31");
INSERT INTO permissions VALUES("101","today_sale","web","2020-10-31 08:57:04","2020-10-31 08:57:04");
INSERT INTO permissions VALUES("102","today_profit","web","2020-10-31 08:57:04","2020-10-31 08:57:04");
INSERT INTO permissions VALUES("103","currency","web","2020-11-09 02:23:11","2020-11-09 02:23:11");
INSERT INTO permissions VALUES("104","backup_database","web","2020-11-15 02:16:55","2020-11-15 02:16:55");



CREATE TABLE `pos_setting` (
  `id` int(11) NOT NULL,
  `customer_id` int(11) NOT NULL,
  `warehouse_id` int(11) NOT NULL,
  `biller_id` int(11) NOT NULL,
  `product_number` int(11) NOT NULL,
  `keybord_active` tinyint(1) NOT NULL,
  `stripe_public_key` varchar(191) COLLATE utf8mb4_unicode_ci DEFAULT NULL,
  `stripe_secret_key` varchar(191) COLLATE utf8mb4_unicode_ci NOT NULL,
  `created_at` timestamp NULL DEFAULT NULL,
  `updated_at` timestamp NULL DEFAULT NULL,
  UNIQUE KEY `pos_setting_id_unique` (`id`)
) ENGINE=InnoDB DEFAULT CHARSET=utf8mb4 COLLATE=utf8mb4_unicode_ci;

INSERT INTO pos_setting VALUES("1","26","2","1","4","0","pk_test_ITN7KOYiIsHSCQ0UMRcgaYUB","sk_test_TtQQaawhEYRwa3mU9CzttrEy","2018-09-02 06:17:04","2021-11-28 15:09:38");



CREATE TABLE `product_adjustments` (
  `id` int(10) unsigned NOT NULL AUTO_INCREMENT,
  `adjustment_id` int(11) NOT NULL,
  `product_id` int(11) NOT NULL,
  `qty` double NOT NULL,
  `action` varchar(191) COLLATE utf8mb4_unicode_ci NOT NULL,
  `created_at` timestamp NULL DEFAULT NULL,
  `updated_at` timestamp NULL DEFAULT NULL,
  PRIMARY KEY (`id`)
) ENGINE=InnoDB AUTO_INCREMENT=3 DEFAULT CHARSET=utf8mb4 COLLATE=utf8mb4_unicode_ci;

INSERT INTO product_adjustments VALUES("1","1","13716","23","+","2021-09-01 03:40:01","2021-09-01 03:40:01");
INSERT INTO product_adjustments VALUES("2","2","13830","1","+","2021-09-01 05:35:27","2021-09-01 05:35:27");



CREATE TABLE `product_purchases` (
  `id` int(10) unsigned NOT NULL AUTO_INCREMENT,
  `purchase_id` int(11) NOT NULL,
  `product_id` int(11) NOT NULL,
  `variant_id` int(11) DEFAULT NULL,
  `qty` double NOT NULL,
  `recieved` double NOT NULL,
  `purchase_unit_id` int(11) NOT NULL,
  `net_unit_cost` double NOT NULL,
  `discount` double NOT NULL,
  `tax_rate` double NOT NULL,
  `tax` double NOT NULL,
  `total` double NOT NULL,
  `created_at` timestamp NULL DEFAULT NULL,
  `updated_at` timestamp NULL DEFAULT NULL,
  PRIMARY KEY (`id`)
) ENGINE=InnoDB AUTO_INCREMENT=137 DEFAULT CHARSET=utf8mb4 COLLATE=utf8mb4_unicode_ci;

INSERT INTO product_purchases VALUES("20","10","15","","480","480","1","50","0","0","0","24000","2021-12-21 22:11:08","2021-12-21 22:11:08");
INSERT INTO product_purchases VALUES("21","10","16","","60","60","1","175","0","0","0","10500","2021-12-21 22:11:09","2021-12-21 22:11:09");
INSERT INTO product_purchases VALUES("22","10","18","","240","240","1","30","0","0","0","7200","2021-12-21 22:11:10","2021-12-21 22:11:10");
INSERT INTO product_purchases VALUES("23","10","17","","396","396","1","60","0","0","0","23760","2021-12-21 22:11:10","2021-12-21 22:11:10");
INSERT INTO product_purchases VALUES("24","11","19","","10","10","1","30","0","0","0","300","2021-12-22 09:41:49","2021-12-22 09:41:49");
INSERT INTO product_purchases VALUES("25","12","20","","8","8","1","150","0","0","0","1200","2021-12-22 09:48:40","2021-12-22 09:48:40");
INSERT INTO product_purchases VALUES("26","13","20","","3","3","1","150","0","0","0","450","2021-12-22 13:49:36","2021-12-22 13:49:36");
INSERT INTO product_purchases VALUES("27","14","21","","50","50","1","19","0","0","0","950","2021-12-27 11:08:03","2021-12-27 11:08:03");
INSERT INTO product_purchases VALUES("28","15","22","","87","87","1","35","0","0","0","3045","2021-12-27 17:49:10","2021-12-27 17:49:10");
INSERT INTO product_purchases VALUES("29","16","23","","30","30","1","35","0","0","0","1050","2021-12-27 17:55:19","2021-12-27 17:55:19");
INSERT INTO product_purchases VALUES("30","17","24","","4","4","1","50","0","0","0","200","2021-12-27 18:07:51","2021-12-27 18:07:51");
INSERT INTO product_purchases VALUES("31","17","23","","7","7","1","35","0","0","0","245","2021-12-27 18:07:51","2021-12-27 18:07:51");
INSERT INTO product_purchases VALUES("32","18","22","","10","10","1","40","0","0","0","400","2021-12-27 18:10:00","2021-12-27 18:10:00");
INSERT INTO product_purchases VALUES("33","19","25","","4","4","1","55","0","0","0","220","2021-12-27 18:34:31","2021-12-27 18:34:31");
INSERT INTO product_purchases VALUES("34","20","26","","4","4","1","65","0","0","0","260","2021-12-27 18:42:27","2021-12-27 18:42:27");
INSERT INTO product_purchases VALUES("35","21","28","","4","4","1","10","0","0","0","40","2021-12-27 19:52:22","2021-12-27 19:52:22");
INSERT INTO product_purchases VALUES("36","22","30","","6","6","1","45","0","0","0","270","2021-12-27 20:08:37","2021-12-27 20:08:37");
INSERT INTO product_purchases VALUES("37","23","29","","3","3","1","45","0","0","0","135","2021-12-27 20:09:11","2021-12-27 20:09:11");
INSERT INTO product_purchases VALUES("38","24","31","","7","7","1","70","0","0","0","490","2021-12-27 20:20:06","2021-12-27 20:20:06");
INSERT INTO product_purchases VALUES("39","25","32","","30","30","1","35","0","0","0","1050","2021-12-27 20:32:10","2021-12-27 20:32:10");
INSERT INTO product_purchases VALUES("40","26","21","","9","9","1","19","0","0","0","171","2022-01-01 10:30:26","2022-01-01 10:30:26");
INSERT INTO product_purchases VALUES("41","27","39","","6","6","1","35","0","0","0","210","2022-01-02 14:59:27","2022-01-02 14:59:27");
INSERT INTO product_purchases VALUES("42","28","22","","19","19","1","35","0","0","0","665","2022-01-02 15:01:20","2022-01-02 15:01:20");
INSERT INTO product_purchases VALUES("43","29","21","","10","10","1","19","0","0","0","190","2022-01-13 13:38:15","2022-01-13 13:38:15");
INSERT INTO product_purchases VALUES("44","30","21","","50","50","1","19","0","0","0","950","2022-01-13 17:16:38","2022-01-13 17:16:38");
INSERT INTO product_purchases VALUES("45","31","15","","259","259","1","50","0","0","0","12950","2022-02-07 11:44:28","2022-02-07 11:44:28");
INSERT INTO product_purchases VALUES("46","32","40","","10","10","1","19.5","0","0","0","195","2022-02-09 14:31:53","2022-02-09 14:31:53");
INSERT INTO product_purchases VALUES("47","32","42","","5","5","1","22.5","0","0","0","112.5","2022-02-09 14:31:55","2022-02-09 14:31:55");
INSERT INTO product_purchases VALUES("48","32","44","","8","8","1","15","0","0","0","120","2022-02-09 14:31:55","2022-02-09 14:31:55");
INSERT INTO product_purchases VALUES("49","32","43","","10","10","1","17.5","0","0","0","175","2022-02-09 14:31:55","2022-02-09 14:31:55");
INSERT INTO product_purchases VALUES("50","32","45","","3","3","1","19","0","0","0","57","2022-02-09 14:31:56","2022-02-09 14:31:56");
INSERT INTO product_purchases VALUES("51","32","46","","3","3","1","19","0","0","0","57","2022-02-09 14:31:56","2022-02-09 14:31:56");
INSERT INTO product_purchases VALUES("52","32","47","","3","3","1","21","0","0","0","63","2022-02-09 14:31:57","2022-02-09 14:31:57");
INSERT INTO product_purchases VALUES("53","32","48","","3","3","1","21","0","0","0","63","2022-02-09 14:31:57","2022-02-09 14:31:57");
INSERT INTO product_purchases VALUES("54","32","49","","10","10","1","27","0","0","0","270","2022-02-09 14:31:58","2022-02-09 14:31:58");
INSERT INTO product_purchases VALUES("55","32","50","","5","5","1","20","0","0","0","100","2022-02-09 14:31:58","2022-02-09 14:31:58");
INSERT INTO product_purchases VALUES("56","32","51","","10","10","1","17","0","0","0","170","2022-02-09 14:31:58","2022-02-09 14:31:58");
INSERT INTO product_purchases VALUES("57","32","52","","10","10","1","24","0","0","0","240","2022-02-09 14:31:59","2022-02-09 14:31:59");
INSERT INTO product_purchases VALUES("58","32","53","","13","13","1","25","0","0","0","325","2022-02-09 14:31:59","2022-02-09 14:31:59");
INSERT INTO product_purchases VALUES("59","32","54","","7","7","1","25","0","0","0","175","2022-02-09 14:32:00","2022-02-09 14:32:00");
INSERT INTO product_purchases VALUES("60","32","55","","10","10","1","18","0","0","0","180","2022-02-09 14:32:01","2022-02-09 14:32:01");
INSERT INTO product_purchases VALUES("61","32","56","","8","8","1","25","0","0","0","200","2022-02-09 14:32:02","2022-02-09 14:32:02");
INSERT INTO product_purchases VALUES("62","32","57","","10","10","1","30","0","0","0","300","2022-02-09 14:32:02","2022-02-09 14:32:02");
INSERT INTO product_purchases VALUES("63","32","58","","12","12","1","24","0","0","0","288","2022-02-09 14:32:02","2022-02-09 14:32:02");
INSERT INTO product_purchases VALUES("64","32","59","","10","10","1","27","0","0","0","270","2022-02-09 14:32:04","2022-02-09 14:32:04");
INSERT INTO product_purchases VALUES("65","32","62","","10","10","1","25","0","0","0","250","2022-02-09 14:32:04","2022-02-09 14:32:04");
INSERT INTO product_purchases VALUES("66","32","61","","10","10","1","25","0","0","0","250","2022-02-09 14:32:05","2022-02-09 14:32:05");
INSERT INTO product_purchases VALUES("67","32","63","","15","15","1","21","0","0","0","315","2022-02-09 14:32:05","2022-02-09 14:32:05");
INSERT INTO product_purchases VALUES("68","32","64","","12","12","1","17","0","0","0","204","2022-02-09 14:32:06","2022-02-09 14:32:06");
INSERT INTO product_purchases VALUES("69","32","65","","11","11","1","32","0","0","0","352","2022-02-09 14:32:06","2022-02-09 14:32:06");
INSERT INTO product_purchases VALUES("70","33","67","","10","10","1","27","0","0","0","270","2022-02-13 13:57:58","2022-02-13 13:57:58");
INSERT INTO product_purchases VALUES("71","34","21","","106","106","1","17","0","0","0","1802","2022-03-07 10:58:52","2022-03-07 10:58:52");
INSERT INTO product_purchases VALUES("72","34","22","","25","25","1","34","0","0","0","850","2022-03-07 10:58:53","2022-03-07 10:58:53");
INSERT INTO product_purchases VALUES("73","35","68","","4","4","1","25","0","0","0","100","2022-03-17 19:34:18","2022-03-17 19:34:18");
INSERT INTO product_purchases VALUES("74","35","69","","4","4","1","45","0","0","0","180","2022-03-17 19:34:18","2022-03-17 19:34:18");
INSERT INTO product_purchases VALUES("75","35","70","","3","3","1","40","0","0","0","120","2022-03-17 19:34:18","2022-03-17 19:34:18");
INSERT INTO product_purchases VALUES("76","35","71","","3","3","1","45","0","0","0","135","2022-03-17 19:34:18","2022-03-17 19:34:18");
INSERT INTO product_purchases VALUES("77","35","72","","3","3","1","45","0","0","0","135","2022-03-17 19:34:18","2022-03-17 19:34:18");
INSERT INTO product_purchases VALUES("78","35","73","","5","5","1","45","0","0","0","225","2022-03-17 19:34:18","2022-03-17 19:34:18");
INSERT INTO product_purchases VALUES("79","35","74","","4","4","1","45","0","0","0","180","2022-03-17 19:34:18","2022-03-17 19:34:18");
INSERT INTO product_purchases VALUES("80","35","75","","4","4","1","45","0","0","0","180","2022-03-17 19:34:18","2022-03-17 19:34:18");
INSERT INTO product_purchases VALUES("81","35","76","","4","4","1","40","0","0","0","160","2022-03-17 19:34:18","2022-03-17 19:34:18");
INSERT INTO product_purchases VALUES("82","35","77","","3","3","1","55","0","0","0","165","2022-03-17 19:34:18","2022-03-17 19:34:18");
INSERT INTO product_purchases VALUES("83","35","78","","3","3","1","30","0","0","0","90","2022-03-17 19:34:18","2022-03-17 19:34:18");
INSERT INTO product_purchases VALUES("84","35","79","","3","3","1","35","0","0","0","105","2022-03-17 19:34:18","2022-03-17 19:34:18");
INSERT INTO product_purchases VALUES("85","35","80","","4","4","1","27","0","0","0","108","2022-03-17 19:34:18","2022-03-17 19:34:18");
INSERT INTO product_purchases VALUES("86","35","81","","3","3","1","40","0","0","0","120","2022-03-17 19:34:18","2022-03-17 19:34:18");
INSERT INTO product_purchases VALUES("87","35","82","","3","3","1","50","0","0","0","150","2022-03-17 19:34:18","2022-03-17 19:34:18");
INSERT INTO product_purchases VALUES("88","35","83","","4","4","1","45","0","0","0","180","2022-03-17 19:34:18","2022-03-17 19:34:18");
INSERT INTO product_purchases VALUES("89","35","85","","4","4","1","45","0","0","0","180","2022-03-17 19:34:18","2022-03-17 19:34:18");
INSERT INTO product_purchases VALUES("90","35","86","","3","3","1","45","0","0","0","135","2022-03-17 19:34:18","2022-03-17 19:34:18");
INSERT INTO product_purchases VALUES("91","35","87","","4","4","1","60","0","0","0","240","2022-03-17 19:34:18","2022-03-17 19:34:18");
INSERT INTO product_purchases VALUES("92","35","88","","2","2","1","30","0","0","0","60","2022-03-17 19:34:18","2022-03-17 19:34:18");
INSERT INTO product_purchases VALUES("93","36","89","","25","25","1","15","0","0","0","375","2022-03-27 14:59:45","2022-03-27 14:59:45");
INSERT INTO product_purchases VALUES("94","36","90","","10","10","1","15","0","0","0","150","2022-03-27 14:59:45","2022-03-27 14:59:45");
INSERT INTO product_purchases VALUES("95","37","18","","2","2","1","30","0","0","0","60","2022-03-27 15:01:18","2022-03-27 15:01:18");
INSERT INTO product_purchases VALUES("96","38","91","","3","3","1","21","0","0","0","63","2022-03-27 15:03:32","2022-03-27 15:03:32");
INSERT INTO product_purchases VALUES("100","40","21","","27","27","1","17","0","0","0","459","2022-04-02 14:33:43","2022-04-02 14:33:43");
INSERT INTO product_purchases VALUES("101","41","15","","280","280","1","40","0","0","0","11200","2022-04-09 15:46:29","2022-04-09 15:46:29");
INSERT INTO product_purchases VALUES("102","39","15","","240","240","1","50","0","0","0","12000","2022-04-10 09:55:09","2022-04-10 09:55:09");
INSERT INTO product_purchases VALUES("103","39","17","","288","288","1","60","0","0","0","17280","2022-04-10 09:55:09","2022-04-10 09:55:09");
INSERT INTO product_purchases VALUES("104","39","18","","300","300","1","30","0","0","0","9000","2022-04-10 09:55:09","2022-04-10 09:55:09");
INSERT INTO product_purchases VALUES("105","42","15","","220","220","1","40","0","0","0","8800","2022-04-23 13:04:00","2022-04-23 13:04:00");
INSERT INTO product_purchases VALUES("106","42","18","","240","240","1","30","0","0","0","7200","2022-04-23 13:04:00","2022-04-23 13:04:00");
INSERT INTO product_purchases VALUES("107","42","17","","16","16","1","60","0","0","0","960","2022-04-23 13:04:00","2022-04-23 13:04:00");
INSERT INTO product_purchases VALUES("108","42","16","","50","50","1","175","0","0","0","8750","2022-04-23 13:04:00","2022-04-23 13:04:00");
INSERT INTO product_purchases VALUES("109","43","95","","3","3","1","70","0","0","0","210","2022-04-27 22:35:59","2022-04-27 22:35:59");
INSERT INTO product_purchases VALUES("110","43","96","","1","1","1","40","0","0","0","40","2022-04-27 22:35:59","2022-04-27 22:35:59");
INSERT INTO product_purchases VALUES("111","44","97","","5","5","1","20","0","0","0","100","2022-04-28 10:41:20","2022-04-28 10:41:20");
INSERT INTO product_purchases VALUES("112","45","98","","6","6","1","25","0","0","0","150","2022-05-08 15:30:42","2022-05-08 15:30:42");
INSERT INTO product_purchases VALUES("113","45","98","","6","6","1","25","0","0","0","150","2022-05-08 15:30:42","2022-05-08 15:30:42");
INSERT INTO product_purchases VALUES("114","47","99","","7","7","1","28","0","0","0","196","2022-06-07 17:40:07","2022-06-07 17:40:07");
INSERT INTO product_purchases VALUES("115","47","100","","7","7","1","26","0","0","0","182","2022-06-07 17:40:07","2022-06-07 17:40:07");
INSERT INTO product_purchases VALUES("116","48","18","","270","270","1","30","0","0","0","8100","2022-06-19 14:30:56","2022-06-19 14:30:56");
INSERT INTO product_purchases VALUES("117","48","16","","50","50","1","175","0","0","0","8750","2022-06-19 14:30:56","2022-06-19 14:30:56");
INSERT INTO product_purchases VALUES("118","49","101","","144","144","1","8","0","0","0","1152","2022-06-20 12:30:12","2022-06-20 12:30:12");
INSERT INTO product_purchases VALUES("119","49","102","","72","72","1","10","0","0","0","720","2022-06-20 12:30:12","2022-06-20 12:30:12");
INSERT INTO product_purchases VALUES("120","50","15","","500","500","1","40","0","0","0","20000","2022-07-14 08:29:32","2022-07-14 08:29:32");
INSERT INTO product_purchases VALUES("121","51","23","","10","10","1","35","0","0","0","350","2022-07-23 09:49:52","2022-07-23 09:49:52");
INSERT INTO product_purchases VALUES("122","52","17","","564","564","1","60","0","0","0","33840","2022-07-30 09:33:15","2022-07-30 09:33:15");
INSERT INTO product_purchases VALUES("123","53","15","","400","400","1","40","0","0","0","16000","2022-09-17 12:50:18","2022-09-17 12:50:18");
INSERT INTO product_purchases VALUES("124","53","16","","20","20","1","150","0","0","0","3000","2022-09-17 12:50:18","2022-09-17 12:50:18");
INSERT INTO product_purchases VALUES("125","53","103","","94","94","1","20","0","0","0","1880","2022-09-17 12:50:18","2022-09-17 12:50:18");
INSERT INTO product_purchases VALUES("126","54","17","","420","420","1","50","0","0","0","21000","2022-10-06 16:04:03","2022-10-06 16:04:03");
INSERT INTO product_purchases VALUES("127","55","105","","20","20","1","35","0","0","0","700","2022-11-03 10:37:22","2022-11-03 10:37:22");
INSERT INTO product_purchases VALUES("128","55","104","","50","50","1","9.5","0","0","0","475","2022-11-03 10:37:22","2022-11-03 10:37:22");
INSERT INTO product_purchases VALUES("129","56","106","","21","21","1","200","0","0","0","4200","2022-12-08 10:42:38","2022-12-08 10:42:38");
INSERT INTO product_purchases VALUES("130","56","107","","25","25","1","180","0","0","0","4500","2022-12-08 10:42:38","2022-12-08 10:42:38");
INSERT INTO product_purchases VALUES("131","56","110","","87","87","1","24","0","0","0","2088","2022-12-08 10:42:38","2022-12-08 10:42:38");
INSERT INTO product_purchases VALUES("132","56","113","","11","11","1","19","0","0","0","209","2022-12-08 10:42:38","2022-12-08 10:42:38");
INSERT INTO product_purchases VALUES("133","56","114","","15","15","1","30","0","0","0","450","2022-12-08 10:42:38","2022-12-08 10:42:38");
INSERT INTO product_purchases VALUES("134","56","115","","25","25","1","36","0","0","0","900","2022-12-08 10:42:38","2022-12-08 10:42:38");
INSERT INTO product_purchases VALUES("135","56","112","","8","8","1","30","0","0","0","240","2022-12-08 10:42:38","2022-12-08 10:42:38");
INSERT INTO product_purchases VALUES("136","56","108","","24","24","1","12","0","0","0","288","2022-12-08 10:42:38","2022-12-08 10:42:38");



CREATE TABLE `product_quotation` (
  `id` int(10) unsigned NOT NULL AUTO_INCREMENT,
  `quotation_id` int(11) NOT NULL,
  `product_id` int(11) NOT NULL,
  `variant_id` int(11) DEFAULT NULL,
  `qty` double NOT NULL,
  `sale_unit_id` int(11) NOT NULL,
  `net_unit_price` double NOT NULL,
  `discount` double NOT NULL,
  `tax_rate` double NOT NULL,
  `tax` double NOT NULL,
  `total` double NOT NULL,
  `created_at` timestamp NULL DEFAULT NULL,
  `updated_at` timestamp NULL DEFAULT NULL,
  PRIMARY KEY (`id`)
) ENGINE=InnoDB AUTO_INCREMENT=28 DEFAULT CHARSET=utf8mb4 COLLATE=utf8mb4_unicode_ci;




CREATE TABLE `product_returns` (
  `id` int(10) unsigned NOT NULL AUTO_INCREMENT,
  `return_id` int(11) NOT NULL,
  `product_id` int(11) NOT NULL,
  `variant_id` int(11) DEFAULT NULL,
  `qty` double NOT NULL,
  `sale_unit_id` int(11) NOT NULL,
  `net_unit_price` double NOT NULL,
  `discount` double NOT NULL,
  `tax_rate` double NOT NULL,
  `tax` double NOT NULL,
  `total` double NOT NULL,
  `created_at` timestamp NULL DEFAULT NULL,
  `updated_at` timestamp NULL DEFAULT NULL,
  PRIMARY KEY (`id`)
) ENGINE=InnoDB AUTO_INCREMENT=39 DEFAULT CHARSET=utf8mb4 COLLATE=utf8mb4_unicode_ci;

INSERT INTO product_returns VALUES("3","2","4","","20","1","2","0","0","0","40","","");
INSERT INTO product_returns VALUES("4","3","10","","2","7","22","0","0","0","44","","2018-10-07 05:19:40");
INSERT INTO product_returns VALUES("6","5","3","","1","1","250","0","0","0","250","","2018-12-26 00:16:08");
INSERT INTO product_returns VALUES("12","6","1","","1","1","400","0","10","40","440","","");
INSERT INTO product_returns VALUES("23","11","13","","1","0","21","0","0","0","21","2019-12-24 07:20:29","2019-12-24 07:20:29");
INSERT INTO product_returns VALUES("26","13","61","","1","1","10000","0","15","1500","11500","2020-08-16 19:25:02","2020-08-16 19:25:02");
INSERT INTO product_returns VALUES("27","14","1","","1","1","400","0","10","40","440","2020-10-13 14:39:54","2020-10-13 14:39:54");
INSERT INTO product_returns VALUES("31","18","61","","1","1","10000","0","15","1500","11500","2020-11-18 03:02:18","2020-11-18 03:02:18");
INSERT INTO product_returns VALUES("33","20","15","","1","1","90","0","0","0","90","2021-12-21 23:14:30","2021-12-21 23:14:30");
INSERT INTO product_returns VALUES("34","21","15","","1","1","90","0","0","0","90","2022-02-10 17:42:10","2022-02-10 17:42:10");
INSERT INTO product_returns VALUES("36","23","17","","2","1","100","0","0","0","200","2022-04-19 22:19:33","2022-04-19 22:19:33");
INSERT INTO product_returns VALUES("37","24","16","","1","1","325","0","0","0","325","2022-04-24 16:45:11","2022-04-24 16:45:11");



CREATE TABLE `product_sales` (
  `id` int(10) unsigned NOT NULL AUTO_INCREMENT,
  `sale_id` int(11) NOT NULL,
  `product_id` int(11) NOT NULL,
  `variant_id` int(11) DEFAULT NULL,
  `qty` double NOT NULL,
  `sale_unit_id` int(11) NOT NULL,
  `net_unit_price` double NOT NULL,
  `discount` double NOT NULL,
  `tax_rate` double NOT NULL,
  `tax` double NOT NULL,
  `total` double NOT NULL,
  `created_at` timestamp NULL DEFAULT NULL,
  `updated_at` timestamp NULL DEFAULT NULL,
  PRIMARY KEY (`id`)
) ENGINE=InnoDB AUTO_INCREMENT=1352 DEFAULT CHARSET=utf8mb4 COLLATE=utf8mb4_unicode_ci;

INSERT INTO product_sales VALUES("47","21","16","","4","1","325","0","0","0","1300","2021-12-21 22:18:13","2021-12-21 22:18:13");
INSERT INTO product_sales VALUES("48","21","15","","16","1","90","0","0","0","1440","2021-12-21 22:18:14","2021-12-21 22:18:14");
INSERT INTO product_sales VALUES("49","21","18","","12","1","65","0","0","0","780","2021-12-21 22:18:14","2021-12-21 22:18:14");
INSERT INTO product_sales VALUES("50","21","17","","14","1","100","0","0","0","1400","2021-12-21 22:18:14","2021-12-21 22:18:14");
INSERT INTO product_sales VALUES("51","22","17","","16","1","100","0","0","0","1600","2021-12-21 22:50:08","2021-12-21 23:20:07");
INSERT INTO product_sales VALUES("52","22","15","","20","1","90","0","0","0","1800","2021-12-21 22:50:09","2021-12-21 23:20:08");
INSERT INTO product_sales VALUES("53","22","18","","14","1","65","0","0","0","910","2021-12-21 22:50:10","2021-12-21 23:20:08");
INSERT INTO product_sales VALUES("54","22","16","","2","1","325","0","0","0","650","2021-12-21 22:50:11","2021-12-21 23:20:09");
INSERT INTO product_sales VALUES("55","23","15","","1","1","90","0","0","0","90","2021-12-21 23:05:19","2021-12-21 23:05:19");
INSERT INTO product_sales VALUES("56","24","17","","5","1","100","0","0","0","500","2021-12-22 09:37:55","2021-12-22 09:37:55");
INSERT INTO product_sales VALUES("57","24","18","","10","1","65","0","0","0","650","2021-12-22 09:37:56","2021-12-22 09:37:56");
INSERT INTO product_sales VALUES("58","24","15","","5","1","90","0","0","0","450","2021-12-22 09:37:56","2021-12-22 09:37:56");
INSERT INTO product_sales VALUES("59","25","15","","4","1","90","0","0","0","360","2021-12-22 09:44:59","2021-12-22 09:44:59");
INSERT INTO product_sales VALUES("60","25","17","","5","1","100","0","0","0","500","2021-12-22 09:45:00","2021-12-22 09:45:00");
INSERT INTO product_sales VALUES("61","25","19","","2","1","30","0","0","0","60","2021-12-22 09:45:01","2021-12-22 09:45:01");
INSERT INTO product_sales VALUES("62","26","17","","3","1","100","0","0","0","300","2021-12-22 09:51:01","2021-12-22 09:51:01");
INSERT INTO product_sales VALUES("63","26","20","","3","1","200","0","0","0","600","2021-12-22 09:51:02","2021-12-22 09:51:02");
INSERT INTO product_sales VALUES("64","26","16","","3","1","300","0","0","0","900","2021-12-22 09:51:02","2021-12-22 09:51:02");
INSERT INTO product_sales VALUES("65","27","16","","10","1","300","0","0","0","3000","2021-12-22 09:53:09","2021-12-22 09:53:09");
INSERT INTO product_sales VALUES("66","28","20","","2","1","200","0","0","0","400","2021-12-22 09:56:10","2021-12-22 09:56:10");
INSERT INTO product_sales VALUES("67","28","16","","1","1","300","0","0","0","300","2021-12-22 09:56:12","2021-12-22 09:56:12");
INSERT INTO product_sales VALUES("68","28","18","","5","1","60","0","0","0","300","2021-12-22 09:56:12","2021-12-22 09:56:12");
INSERT INTO product_sales VALUES("69","29","15","","5","1","80","0","0","0","400","2021-12-22 09:58:10","2021-12-22 09:58:10");
INSERT INTO product_sales VALUES("70","30","15","","40","1","90","0","0","0","3600","2021-12-22 10:03:37","2021-12-22 10:03:37");
INSERT INTO product_sales VALUES("71","31","18","","6","1","60","0","0","0","360","2021-12-22 10:05:26","2021-12-22 10:05:26");
INSERT INTO product_sales VALUES("72","31","15","","6","1","90","0","0","0","540","2021-12-22 10:05:27","2021-12-22 10:05:27");
INSERT INTO product_sales VALUES("73","31","16","","2","1","320","0","0","0","640","2021-12-22 10:05:28","2021-12-22 10:05:28");
INSERT INTO product_sales VALUES("74","32","16","","2","1","320","0","0","0","640","2021-12-22 10:09:36","2021-12-22 10:09:36");
INSERT INTO product_sales VALUES("75","32","17","","3","1","100","0","0","0","300","2021-12-22 10:09:36","2021-12-22 10:09:36");
INSERT INTO product_sales VALUES("76","32","15","","6","1","90","0","0","0","540","2021-12-22 10:09:37","2021-12-22 10:09:37");
INSERT INTO product_sales VALUES("77","33","17","","1","1","100","0","0","0","100","2021-12-22 10:11:25","2021-12-22 10:11:25");
INSERT INTO product_sales VALUES("78","33","18","","1","1","65","0","0","0","65","2021-12-22 10:11:26","2021-12-22 10:11:26");
INSERT INTO product_sales VALUES("79","34","15","","4","1","90","0","0","0","360","2021-12-22 10:12:19","2021-12-22 10:12:19");
INSERT INTO product_sales VALUES("80","35","16","","1","1","300","0","0","0","300","2021-12-22 10:13:58","2021-12-22 10:13:58");
INSERT INTO product_sales VALUES("81","35","17","","3","1","100","0","0","0","300","2021-12-22 10:13:59","2021-12-22 10:13:59");
INSERT INTO product_sales VALUES("82","35","15","","3","1","90","0","0","0","270","2021-12-22 10:13:59","2021-12-22 10:13:59");
INSERT INTO product_sales VALUES("83","35","18","","1","1","65","0","0","0","65","2021-12-22 10:14:00","2021-12-22 10:14:00");
INSERT INTO product_sales VALUES("84","36","15","","9","1","90","0","0","0","810","2021-12-22 10:16:17","2021-12-22 10:16:17");
INSERT INTO product_sales VALUES("85","36","17","","4","1","100","0","0","0","400","2021-12-22 10:16:18","2021-12-22 10:16:18");
INSERT INTO product_sales VALUES("86","36","18","","6","1","60","0","0","0","360","2021-12-22 10:16:18","2021-12-22 10:16:18");
INSERT INTO product_sales VALUES("87","37","17","","4","1","100","0","0","0","400","2021-12-22 10:18:55","2021-12-22 10:18:55");
INSERT INTO product_sales VALUES("88","38","17","","4","1","100","0","0","0","400","2021-12-22 10:20:43","2021-12-22 10:20:43");
INSERT INTO product_sales VALUES("89","38","18","","3","1","60","0","0","0","180","2021-12-22 10:20:45","2021-12-22 10:20:45");
INSERT INTO product_sales VALUES("90","38","15","","3","1","90","0","0","0","270","2021-12-22 10:20:46","2021-12-22 10:20:46");
INSERT INTO product_sales VALUES("91","39","18","","5","1","65","0","0","0","325","2021-12-22 10:21:54","2021-12-22 10:21:54");
INSERT INTO product_sales VALUES("92","39","15","","6","1","90","0","0","0","540","2021-12-22 10:21:55","2021-12-22 10:21:55");
INSERT INTO product_sales VALUES("93","39","17","","3","1","100","0","0","0","300","2021-12-22 10:21:55","2021-12-22 10:21:55");
INSERT INTO product_sales VALUES("94","40","18","","20","1","65","0","0","0","1300","2021-12-22 10:24:07","2021-12-22 10:24:07");
INSERT INTO product_sales VALUES("95","40","17","","24","1","100","0","0","0","2400","2021-12-22 10:24:09","2021-12-22 10:24:09");
INSERT INTO product_sales VALUES("96","40","19","","2","1","40","0","0","0","80","2021-12-22 10:24:09","2021-12-22 10:24:09");
INSERT INTO product_sales VALUES("97","41","16","","6","1","300","0","0","0","1800","2021-12-22 10:27:36","2021-12-22 10:27:36");
INSERT INTO product_sales VALUES("98","42","17","","3","1","100","0","0","0","300","2021-12-22 10:40:54","2021-12-22 10:40:54");
INSERT INTO product_sales VALUES("99","42","18","","3","1","65","0","0","0","195","2021-12-22 10:40:56","2021-12-22 10:40:56");
INSERT INTO product_sales VALUES("100","42","15","","3","1","90","0","0","0","270","2021-12-22 10:40:57","2021-12-22 10:40:57");
INSERT INTO product_sales VALUES("101","42","16","","2","1","320","0","0","0","640","2021-12-22 10:40:57","2021-12-22 10:40:57");
INSERT INTO product_sales VALUES("102","43","16","","1","1","315","0","0","0","315","2021-12-22 10:42:07","2021-12-22 10:42:07");
INSERT INTO product_sales VALUES("103","43","15","","5","1","90","0","0","0","450","2021-12-22 10:42:08","2021-12-22 10:42:08");
INSERT INTO product_sales VALUES("104","44","16","","1","1","315","0","0","0","315","2021-12-22 10:43:04","2021-12-22 10:43:04");
INSERT INTO product_sales VALUES("105","44","15","","3","1","90","0","0","0","270","2021-12-22 10:43:04","2021-12-22 10:43:04");
INSERT INTO product_sales VALUES("106","45","17","","4","1","100","0","0","0","400","2021-12-22 10:44:02","2021-12-22 10:44:02");
INSERT INTO product_sales VALUES("107","45","15","","4","1","90","0","0","0","360","2021-12-22 10:44:03","2021-12-22 10:44:03");
INSERT INTO product_sales VALUES("108","46","18","","8","1","65","0","0","0","520","2021-12-22 10:46:13","2021-12-22 10:46:13");
INSERT INTO product_sales VALUES("109","46","17","","1","1","100","0","0","0","100","2021-12-22 10:46:15","2021-12-22 10:46:15");
INSERT INTO product_sales VALUES("110","47","17","","4","1","100","0","0","0","400","2021-12-22 10:54:01","2021-12-22 10:54:01");
INSERT INTO product_sales VALUES("111","47","15","","3","1","90","0","0","0","270","2021-12-22 10:54:01","2021-12-22 10:54:01");
INSERT INTO product_sales VALUES("112","47","18","","1","1","65","0","0","0","65","2021-12-22 10:54:03","2021-12-22 10:54:03");
INSERT INTO product_sales VALUES("113","48","15","","6","1","90","0","0","0","540","2021-12-22 10:54:50","2021-12-22 10:54:50");
INSERT INTO product_sales VALUES("114","49","15","","21","1","90","0","0","0","1890","2021-12-22 11:02:55","2021-12-22 11:02:55");
INSERT INTO product_sales VALUES("115","49","17","","2","1","100","0","0","0","200","2021-12-22 11:02:56","2021-12-22 11:02:56");
INSERT INTO product_sales VALUES("116","50","18","","5","1","65","0","0","0","325","2021-12-22 11:04:09","2021-12-22 11:04:09");
INSERT INTO product_sales VALUES("117","50","15","","1","1","90","0","0","0","90","2021-12-22 11:04:11","2021-12-22 11:04:11");
INSERT INTO product_sales VALUES("118","51","18","","1","1","50","0","0","0","50","2021-12-22 11:05:31","2021-12-22 11:05:31");
INSERT INTO product_sales VALUES("119","51","15","","1","1","80","0","0","0","80","2021-12-22 11:05:33","2021-12-22 11:05:33");
INSERT INTO product_sales VALUES("120","52","17","","2","1","100","0","0","0","200","2021-12-22 11:06:47","2021-12-22 11:06:47");
INSERT INTO product_sales VALUES("121","52","18","","2","1","65","0","0","0","130","2021-12-22 11:06:47","2021-12-22 11:06:47");
INSERT INTO product_sales VALUES("122","53","17","","16","1","100","0","0","0","1600","2021-12-22 11:08:42","2021-12-22 11:08:42");
INSERT INTO product_sales VALUES("123","53","15","","16","1","90","0","0","0","1440","2021-12-22 11:08:43","2021-12-22 11:08:43");
INSERT INTO product_sales VALUES("124","53","18","","16","1","65","0","0","0","1040","2021-12-22 11:08:43","2021-12-22 11:08:43");
INSERT INTO product_sales VALUES("125","54","17","","14","1","100","0","0","0","1400","2021-12-22 11:13:16","2021-12-22 11:13:16");
INSERT INTO product_sales VALUES("126","54","18","","12","1","65","0","0","0","780","2021-12-22 11:13:17","2021-12-22 11:13:17");
INSERT INTO product_sales VALUES("127","54","15","","12","1","90","0","0","0","1080","2021-12-22 11:13:17","2021-12-22 11:13:17");
INSERT INTO product_sales VALUES("128","55","18","","6","1","65","0","0","0","390","2021-12-22 11:14:28","2021-12-22 11:14:28");
INSERT INTO product_sales VALUES("129","55","15","","6","1","90","0","0","0","540","2021-12-22 11:14:29","2021-12-22 11:14:29");
INSERT INTO product_sales VALUES("130","55","17","","2","1","100","0","0","0","200","2021-12-22 11:14:30","2021-12-22 11:14:30");
INSERT INTO product_sales VALUES("131","56","15","","7","1","90","0","0","0","630","2021-12-22 11:16:59","2021-12-22 11:16:59");
INSERT INTO product_sales VALUES("132","57","18","","12","1","65","0","0","0","780","2021-12-22 11:18:47","2021-12-22 11:18:47");
INSERT INTO product_sales VALUES("133","57","17","","21","1","100","0","0","0","2100","2021-12-22 11:18:47","2021-12-22 11:18:47");
INSERT INTO product_sales VALUES("134","57","16","","2","1","325","0","0","0","650","2021-12-22 11:18:48","2021-12-22 11:18:48");
INSERT INTO product_sales VALUES("135","58","17","","3","1","100","0","0","0","300","2021-12-22 11:20:30","2021-12-22 11:20:30");
INSERT INTO product_sales VALUES("136","58","15","","3","1","90","0","0","0","270","2021-12-22 11:20:31","2021-12-22 11:20:31");
INSERT INTO product_sales VALUES("137","58","18","","2","1","65","0","0","0","130","2021-12-22 11:20:32","2021-12-22 11:20:32");
INSERT INTO product_sales VALUES("138","59","17","","34","1","100","0","0","0","3400","2021-12-22 11:25:36","2021-12-22 11:25:36");
INSERT INTO product_sales VALUES("139","59","15","","16","1","90","0","0","0","1440","2021-12-22 11:25:37","2021-12-22 11:25:37");
INSERT INTO product_sales VALUES("140","60","17","","13","1","100","0","0","0","1300","2021-12-22 11:30:18","2021-12-22 11:30:18");
INSERT INTO product_sales VALUES("141","60","15","","23","1","90","0","0","0","2070","2021-12-22 11:30:19","2021-12-22 11:30:19");
INSERT INTO product_sales VALUES("142","61","18","","1","1","65","0","0","0","65","2021-12-22 11:33:15","2021-12-22 11:33:15");
INSERT INTO product_sales VALUES("143","61","17","","4","1","100","0","0","0","400","2021-12-22 11:33:17","2021-12-22 11:33:17");
INSERT INTO product_sales VALUES("144","62","16","","1","1","300","0","0","0","300","2021-12-22 11:38:27","2021-12-22 11:38:27");
INSERT INTO product_sales VALUES("145","62","17","","1","1","100","0","0","0","100","2021-12-22 11:38:28","2021-12-22 11:38:28");
INSERT INTO product_sales VALUES("146","63","15","","2","1","90","0","0","0","180","2021-12-22 11:40:29","2021-12-22 11:40:29");
INSERT INTO product_sales VALUES("147","63","17","","1","1","100","0","0","0","100","2021-12-22 11:40:30","2021-12-22 11:40:30");
INSERT INTO product_sales VALUES("148","63","18","","1","1","65","0","0","0","65","2021-12-22 11:40:30","2021-12-22 11:40:30");
INSERT INTO product_sales VALUES("149","64","15","","30","1","90","0","0","0","2700","2021-12-22 11:41:55","2021-12-22 11:41:55");
INSERT INTO product_sales VALUES("150","64","18","","14","1","65","0","0","0","910","2021-12-22 11:41:55","2021-12-22 11:41:55");
INSERT INTO product_sales VALUES("151","64","17","","27","1","100","0","0","0","2700","2021-12-22 11:41:55","2021-12-22 11:41:55");
INSERT INTO product_sales VALUES("152","65","16","","1","1","325","0","0","0","325","2021-12-22 11:43:12","2021-12-22 11:43:12");
INSERT INTO product_sales VALUES("153","65","17","","3","1","100","0","0","0","300","2021-12-22 11:43:13","2021-12-22 11:43:13");
INSERT INTO product_sales VALUES("154","65","18","","2","1","65","0","0","0","130","2021-12-22 11:43:13","2021-12-22 11:43:13");
INSERT INTO product_sales VALUES("155","65","15","","3","1","90","0","0","0","270","2021-12-22 11:43:14","2021-12-22 11:43:14");
INSERT INTO product_sales VALUES("156","66","15","","13","1","90","0","0","0","1170","2021-12-22 11:49:19","2021-12-22 11:49:19");
INSERT INTO product_sales VALUES("157","66","17","","7","1","100","0","0","0","700","2021-12-22 11:49:20","2021-12-22 11:49:20");
INSERT INTO product_sales VALUES("158","67","17","","6","1","100","0","0","0","600","2021-12-22 12:23:44","2021-12-22 12:23:44");
INSERT INTO product_sales VALUES("159","67","18","","4","1","65","0","0","0","260","2021-12-22 12:23:45","2021-12-22 12:23:45");
INSERT INTO product_sales VALUES("160","67","15","","4","1","90","0","0","0","360","2021-12-22 12:23:46","2021-12-22 12:23:46");
INSERT INTO product_sales VALUES("161","68","20","","1","1","200","0","0","0","200","2021-12-22 12:24:59","2021-12-22 12:24:59");
INSERT INTO product_sales VALUES("162","69","20","","1","1","225","0","0","0","225","2021-12-22 13:05:33","2021-12-22 13:05:33");
INSERT INTO product_sales VALUES("163","69","16","","4","1","300","0","0","0","1200","2021-12-22 13:05:33","2021-12-22 13:05:33");
INSERT INTO product_sales VALUES("164","69","15","","10","1","81","0","0","0","810","2021-12-22 13:05:34","2021-12-22 13:05:34");
INSERT INTO product_sales VALUES("165","69","17","","6","1","90","0","0","0","540","2021-12-22 13:05:35","2021-12-22 13:05:35");
INSERT INTO product_sales VALUES("166","70","15","","4","1","90","0","0","0","360","2021-12-25 12:11:15","2021-12-25 12:11:15");
INSERT INTO product_sales VALUES("167","70","17","","2","1","100","0","0","0","200","2021-12-25 12:11:15","2021-12-25 12:11:15");
INSERT INTO product_sales VALUES("168","71","15","","4","1","90","0","0","0","360","2021-12-25 12:15:29","2021-12-25 12:15:29");
INSERT INTO product_sales VALUES("169","71","17","","2","1","100","0","0","0","200","2021-12-25 12:15:29","2021-12-25 12:15:29");
INSERT INTO product_sales VALUES("170","71","18","","3","1","65","0","0","0","195","2021-12-25 12:15:30","2021-12-25 12:15:30");
INSERT INTO product_sales VALUES("171","71","16","","1","1","325","0","0","0","325","2021-12-25 12:15:31","2021-12-25 12:15:31");
INSERT INTO product_sales VALUES("172","72","15","","9","1","90","0","0","0","810","2021-12-25 14:59:46","2021-12-25 14:59:46");
INSERT INTO product_sales VALUES("173","72","16","","2","1","325","0","0","0","650","2021-12-25 14:59:46","2021-12-25 14:59:46");
INSERT INTO product_sales VALUES("174","72","17","","3","1","100","0","0","0","300","2021-12-25 14:59:47","2021-12-25 14:59:47");
INSERT INTO product_sales VALUES("175","72","18","","1","1","65","0","0","0","65","2021-12-25 14:59:48","2021-12-25 14:59:48");
INSERT INTO product_sales VALUES("176","73","15","","1","1","90","0","0","0","90","2021-12-26 11:49:21","2021-12-26 11:49:21");
INSERT INTO product_sales VALUES("177","73","18","","1","1","65","0","0","0","65","2021-12-26 11:49:22","2021-12-26 11:49:22");
INSERT INTO product_sales VALUES("178","73","17","","2","1","100","0","0","0","200","2021-12-26 11:49:22","2021-12-26 11:49:22");
INSERT INTO product_sales VALUES("179","74","17","","1","1","100","0","0","0","100","2021-12-26 11:51:08","2021-12-26 11:51:08");
INSERT INTO product_sales VALUES("180","74","15","","3","1","90","0","0","0","270","2021-12-26 11:51:08","2021-12-26 11:51:08");
INSERT INTO product_sales VALUES("181","75","15","","2","1","90","0","0","0","180","2021-12-27 11:09:49","2021-12-27 11:09:49");
INSERT INTO product_sales VALUES("182","75","17","","3","1","100","0","0","0","300","2021-12-27 11:09:49","2021-12-27 11:09:49");
INSERT INTO product_sales VALUES("183","75","21","","4","1","20","0","0","0","80","2021-12-27 11:09:50","2021-12-27 11:09:50");
INSERT INTO product_sales VALUES("184","76","25","","1","1","75","0","0","0","75","2021-12-27 18:36:28","2021-12-27 18:36:28");
INSERT INTO product_sales VALUES("185","76","17","","1","1","100","0","0","0","100","2021-12-27 18:36:29","2021-12-27 18:36:29");
INSERT INTO product_sales VALUES("186","76","18","","1","1","65","0","0","0","65","2021-12-27 18:36:29","2021-12-27 18:36:29");
INSERT INTO product_sales VALUES("187","77","18","","2","1","65","0","0","0","130","2021-12-27 18:43:28","2021-12-27 18:43:28");
INSERT INTO product_sales VALUES("188","77","15","","1","1","90","0","0","0","90","2021-12-27 18:43:29","2021-12-27 18:43:29");
INSERT INTO product_sales VALUES("189","77","17","","1","1","100","0","0","0","100","2021-12-27 18:43:29","2021-12-27 18:43:29");
INSERT INTO product_sales VALUES("190","77","26","","1","1","50","0","0","0","50","2021-12-27 18:43:29","2021-12-27 18:43:29");
INSERT INTO product_sales VALUES("191","78","18","","3","1","65","0","0","0","195","2021-12-27 18:47:46","2021-12-27 18:47:46");
INSERT INTO product_sales VALUES("192","78","16","","1","1","325","0","0","0","325","2021-12-27 18:47:47","2021-12-27 18:47:47");
INSERT INTO product_sales VALUES("193","78","17","","2","1","100","0","0","0","200","2021-12-27 18:47:48","2021-12-27 18:47:48");
INSERT INTO product_sales VALUES("194","78","15","","4","1","90","0","0","0","360","2021-12-27 18:47:48","2021-12-27 18:47:48");
INSERT INTO product_sales VALUES("195","78","22","","6","1","40","0","0","0","240","2021-12-27 18:47:48","2021-12-27 18:47:48");
INSERT INTO product_sales VALUES("196","79","17","","3","1","100","0","0","0","300","2021-12-27 19:32:08","2021-12-27 19:32:08");
INSERT INTO product_sales VALUES("197","79","23","","1","1","40","0","0","0","40","2021-12-27 19:32:08","2021-12-27 19:32:08");
INSERT INTO product_sales VALUES("198","80","22","","2","1","40","0","0","0","80","2021-12-27 19:36:34","2021-12-27 19:36:34");
INSERT INTO product_sales VALUES("199","81","25","","1","1","75","0","0","0","75","2021-12-27 19:49:38","2021-12-27 19:49:38");
INSERT INTO product_sales VALUES("200","81","21","","1","1","20","0","0","0","20","2021-12-27 19:49:38","2021-12-27 19:49:38");
INSERT INTO product_sales VALUES("201","81","18","","1","1","65","0","0","0","65","2021-12-27 19:49:39","2021-12-27 19:49:39");
INSERT INTO product_sales VALUES("202","81","22","","1","1","40","0","0","0","40","2021-12-27 19:49:39","2021-12-27 19:49:39");
INSERT INTO product_sales VALUES("203","81","15","","1","1","90","0","0","0","90","2021-12-27 19:49:39","2021-12-27 19:49:39");
INSERT INTO product_sales VALUES("204","82","28","","4","1","18","0","0","0","72","2021-12-27 19:55:29","2021-12-27 19:55:29");
INSERT INTO product_sales VALUES("205","82","22","","6","1","40","0","0","0","240","2021-12-27 19:55:29","2021-12-27 19:55:29");
INSERT INTO product_sales VALUES("206","82","16","","1","1","320","0","0","0","320","2021-12-27 19:55:29","2021-12-27 19:55:29");
INSERT INTO product_sales VALUES("207","83","18","","1","1","65","0","0","0","65","2021-12-27 19:57:40","2021-12-27 19:57:40");
INSERT INTO product_sales VALUES("208","84","17","","1","1","100","0","0","0","100","2021-12-27 19:59:03","2021-12-27 19:59:03");
INSERT INTO product_sales VALUES("209","85","17","","2","1","100","0","0","0","200","2021-12-27 20:00:44","2021-12-27 20:00:44");
INSERT INTO product_sales VALUES("210","85","21","","2","1","20","0","0","0","40","2021-12-27 20:00:44","2021-12-27 20:00:44");
INSERT INTO product_sales VALUES("211","85","22","","9","1","40","0","0","0","360","2021-12-27 20:00:45","2021-12-27 20:00:45");
INSERT INTO product_sales VALUES("212","86","21","","7","1","25","0","0","0","175","2021-12-27 20:14:02","2021-12-27 20:14:02");
INSERT INTO product_sales VALUES("213","86","30","","3","1","55","0","0","0","165","2021-12-27 20:14:03","2021-12-27 20:14:03");
INSERT INTO product_sales VALUES("214","86","22","","6","1","40","0","0","0","240","2021-12-27 20:14:04","2021-12-27 20:14:04");
INSERT INTO product_sales VALUES("215","86","15","","5","1","90","0","0","0","450","2021-12-27 20:14:04","2021-12-27 20:14:04");
INSERT INTO product_sales VALUES("216","86","18","","1","1","65","0","0","0","65","2021-12-27 20:14:05","2021-12-27 20:14:05");
INSERT INTO product_sales VALUES("217","86","23","","3","1","45","0","0","0","135","2021-12-27 20:14:05","2021-12-27 20:14:05");
INSERT INTO product_sales VALUES("218","86","24","","1","1","55","0","0","0","55","2021-12-27 20:14:05","2021-12-27 20:14:05");
INSERT INTO product_sales VALUES("219","87","16","","1","1","315","0","0","0","315","2021-12-27 20:16:12","2021-12-27 20:16:12");
INSERT INTO product_sales VALUES("220","87","22","","1","1","40","0","0","0","40","2021-12-27 20:16:12","2021-12-27 20:16:12");
INSERT INTO product_sales VALUES("221","88","17","","6","1","100","0","0","0","600","2021-12-27 20:21:29","2021-12-27 20:21:29");
INSERT INTO product_sales VALUES("222","88","31","","1","1","100","0","0","0","100","2021-12-27 20:21:30","2021-12-27 20:21:30");
INSERT INTO product_sales VALUES("223","88","18","","2","1","65","0","0","0","130","2021-12-27 20:21:30","2021-12-27 20:21:30");
INSERT INTO product_sales VALUES("224","88","15","","2","1","90","0","0","0","180","2021-12-27 20:21:31","2021-12-27 20:21:31");
INSERT INTO product_sales VALUES("225","89","17","","12","1","100","0","0","0","1200","2021-12-27 20:24:12","2021-12-27 20:24:12");
INSERT INTO product_sales VALUES("226","89","18","","8","1","65","0","0","0","520","2021-12-27 20:24:13","2021-12-27 20:24:13");
INSERT INTO product_sales VALUES("227","89","22","","2","1","40","0","0","0","80","2021-12-27 20:24:13","2021-12-27 20:24:13");
INSERT INTO product_sales VALUES("228","90","17","","3","1","100","0","0","0","300","2021-12-27 20:34:30","2021-12-27 20:34:30");
INSERT INTO product_sales VALUES("229","90","15","","1","1","90","0","0","0","90","2021-12-27 20:34:30","2021-12-27 20:34:30");
INSERT INTO product_sales VALUES("230","90","18","","2","1","65","0","0","0","130","2021-12-27 20:34:32","2021-12-27 20:34:32");
INSERT INTO product_sales VALUES("231","90","32","","4","1","36","0","0","0","144","2021-12-27 20:34:32","2021-12-27 20:34:32");
INSERT INTO product_sales VALUES("232","90","22","","5","1","40","0","0","0","200","2021-12-27 20:34:32","2021-12-27 20:34:32");
INSERT INTO product_sales VALUES("233","90","23","","2","1","40","0","0","0","80","2021-12-27 20:34:33","2021-12-27 20:34:33");
INSERT INTO product_sales VALUES("234","90","21","","2","1","20","0","0","0","40","2021-12-27 20:34:33","2021-12-27 20:34:33");
INSERT INTO product_sales VALUES("235","91","17","","2","1","100","0","0","0","200","2021-12-28 13:30:37","2021-12-28 13:30:37");
INSERT INTO product_sales VALUES("236","91","18","","2","1","65","0","0","0","130","2021-12-28 13:30:37","2021-12-28 13:30:37");
INSERT INTO product_sales VALUES("237","91","22","","4","1","40","0","0","0","160","2021-12-28 13:30:37","2021-12-28 13:30:37");
INSERT INTO product_sales VALUES("238","92","17","","1","1","100","0","0","0","100","2021-12-29 10:22:25","2021-12-29 10:22:25");
INSERT INTO product_sales VALUES("239","92","15","","3","1","90","0","0","0","270","2021-12-29 10:22:27","2021-12-29 10:22:27");
INSERT INTO product_sales VALUES("240","92","18","","3","1","65","0","0","0","195","2021-12-29 10:22:28","2021-12-29 10:22:28");
INSERT INTO product_sales VALUES("241","92","21","","4","1","20","0","0","0","80","2021-12-29 10:22:28","2021-12-29 10:22:28");
INSERT INTO product_sales VALUES("242","93","15","","1","1","80","0","0","0","80","2021-12-30 21:04:50","2021-12-30 21:04:50");
INSERT INTO product_sales VALUES("243","94","21","","2","1","20","0","0","0","40","2022-01-01 19:54:51","2022-01-01 19:54:51");
INSERT INTO product_sales VALUES("244","95","15","","3","1","90","0","0","0","270","2022-01-02 09:28:21","2022-01-02 09:28:21");
INSERT INTO product_sales VALUES("245","95","17","","3","1","100","0","0","0","300","2022-01-02 09:28:21","2022-01-02 09:28:21");
INSERT INTO product_sales VALUES("246","95","21","","6","1","20","0","0","0","120","2022-01-02 09:28:22","2022-01-02 09:28:22");
INSERT INTO product_sales VALUES("247","96","18","","3","1","65","0","0","0","195","2022-01-03 12:57:33","2022-01-03 12:57:33");
INSERT INTO product_sales VALUES("248","96","21","","8","1","20","0","0","0","160","2022-01-03 12:57:33","2022-01-03 12:57:33");
INSERT INTO product_sales VALUES("249","96","15","","1","1","90","0","0","0","90","2022-01-03 12:57:34","2022-01-03 12:57:34");
INSERT INTO product_sales VALUES("250","96","19","","1","1","65","0","0","0","65","2022-01-03 12:57:35","2022-01-03 12:57:35");
INSERT INTO product_sales VALUES("251","97","23","","3","1","40","0","0","0","120","2022-01-03 13:14:03","2022-01-03 13:14:03");
INSERT INTO product_sales VALUES("252","97","22","","2","1","40","0","0","0","80","2022-01-03 13:14:04","2022-01-03 13:14:04");
INSERT INTO product_sales VALUES("253","97","21","","5","1","20","0","0","0","100","2022-01-03 13:14:04","2022-01-03 13:14:04");
INSERT INTO product_sales VALUES("254","97","18","","2","1","65","0","0","0","130","2022-01-03 13:14:04","2022-01-03 13:14:04");
INSERT INTO product_sales VALUES("255","97","17","","1","1","100","0","0","0","100","2022-01-03 13:14:05","2022-01-03 13:14:05");
INSERT INTO product_sales VALUES("256","97","15","","1","1","90","0","0","0","90","2022-01-03 13:14:05","2022-01-03 13:14:05");
INSERT INTO product_sales VALUES("257","98","15","","6","1","90","0","0","0","540","2022-01-04 15:27:59","2022-01-04 15:27:59");
INSERT INTO product_sales VALUES("258","98","17","","1","1","100","0","0","0","100","2022-01-04 15:27:59","2022-01-04 15:27:59");
INSERT INTO product_sales VALUES("259","98","18","","2","1","65","0","0","0","130","2022-01-04 15:27:59","2022-01-04 15:27:59");
INSERT INTO product_sales VALUES("260","98","21","","9","1","20","0","0","0","180","2022-01-04 15:28:00","2022-01-04 15:28:00");
INSERT INTO product_sales VALUES("261","98","22","","4","1","37","0","0","0","148","2022-01-04 15:28:00","2022-01-04 15:28:00");
INSERT INTO product_sales VALUES("262","99","15","","2","1","90","0","0","0","180","2022-01-04 18:52:18","2022-01-04 18:52:18");
INSERT INTO product_sales VALUES("263","99","18","","5","1","65","0","0","0","325","2022-01-04 18:52:18","2022-01-04 18:52:18");
INSERT INTO product_sales VALUES("264","99","16","","1","1","325","0","0","0","325","2022-01-04 18:52:19","2022-01-04 18:52:19");
INSERT INTO product_sales VALUES("265","99","21","","1","1","20","0","0","0","20","2022-01-04 18:52:20","2022-01-04 18:52:20");
INSERT INTO product_sales VALUES("266","100","15","","1","1","90","0","0","0","90","2022-01-05 13:47:45","2022-01-05 13:47:45");
INSERT INTO product_sales VALUES("267","100","17","","1","1","100","0","0","0","100","2022-01-05 13:47:46","2022-01-05 13:47:46");
INSERT INTO product_sales VALUES("268","100","18","","1","1","65","0","0","0","65","2022-01-05 13:47:47","2022-01-05 13:47:47");
INSERT INTO product_sales VALUES("269","101","15","","16","1","90","0","0","0","1440","2022-01-06 09:34:05","2022-01-06 09:34:05");
INSERT INTO product_sales VALUES("270","101","17","","8","1","100","0","0","0","800","2022-01-06 09:34:06","2022-01-06 09:34:06");
INSERT INTO product_sales VALUES("271","101","18","","16","1","65","0","0","0","1040","2022-01-06 09:34:06","2022-01-06 09:34:06");
INSERT INTO product_sales VALUES("272","102","22","","1","1","40","0","0","0","40","2022-01-06 18:52:28","2022-01-06 18:52:28");
INSERT INTO product_sales VALUES("273","103","17","","1","1","100","0","0","0","100","2022-01-10 10:29:48","2022-01-10 10:29:48");
INSERT INTO product_sales VALUES("274","104","17","","1","1","100","0","0","0","100","2022-01-10 10:29:50","2022-01-10 10:29:50");
INSERT INTO product_sales VALUES("275","105","17","","4","1","100","0","0","0","400","2022-01-12 10:59:53","2022-01-12 10:59:53");
INSERT INTO product_sales VALUES("276","105","15","","8","1","90","0","0","0","720","2022-01-12 10:59:54","2022-01-12 10:59:54");
INSERT INTO product_sales VALUES("277","105","18","","2","1","65","0","0","0","130","2022-01-12 10:59:55","2022-01-12 10:59:55");
INSERT INTO product_sales VALUES("278","105","21","","3","1","20","0","0","0","60","2022-01-12 10:59:55","2022-01-12 10:59:55");
INSERT INTO product_sales VALUES("279","106","16","","1","1","325","0","0","0","325","2022-01-12 16:41:42","2022-01-12 16:41:42");
INSERT INTO product_sales VALUES("280","106","15","","1","1","90","0","0","0","90","2022-01-12 16:41:43","2022-01-12 16:41:43");
INSERT INTO product_sales VALUES("281","107","17","","3","1","100","0","0","0","300","2022-01-13 13:39:55","2022-01-13 13:39:55");
INSERT INTO product_sales VALUES("282","107","15","","2","1","90","0","0","0","180","2022-01-13 13:39:55","2022-01-13 13:39:55");
INSERT INTO product_sales VALUES("283","107","18","","1","1","65","0","0","0","65","2022-01-13 13:39:56","2022-01-13 13:39:56");
INSERT INTO product_sales VALUES("284","107","21","","7","1","20","0","0","0","140","2022-01-13 13:39:57","2022-01-13 13:39:57");
INSERT INTO product_sales VALUES("285","108","22","","2","1","45","0","0","0","90","2022-01-15 13:41:27","2022-01-15 13:41:27");
INSERT INTO product_sales VALUES("286","109","15","","5","1","90","0","0","0","450","2022-01-18 12:55:53","2022-01-18 12:55:53");
INSERT INTO product_sales VALUES("287","109","17","","2","1","100","0","0","0","200","2022-01-18 12:55:54","2022-01-18 12:55:54");
INSERT INTO product_sales VALUES("288","109","22","","7","1","38","0","0","0","266","2022-01-18 12:55:54","2022-01-18 12:55:54");
INSERT INTO product_sales VALUES("289","109","32","","3","1","35","0","0","0","105","2022-01-18 12:55:55","2022-01-18 12:55:55");
INSERT INTO product_sales VALUES("290","110","15","","2","1","90","0","0","0","180","2022-01-23 12:08:44","2022-01-23 12:08:44");
INSERT INTO product_sales VALUES("291","110","17","","4","1","100","0","0","0","400","2022-01-23 12:08:45","2022-01-23 12:08:45");
INSERT INTO product_sales VALUES("292","110","21","","5","1","20","0","0","0","100","2022-01-23 12:08:46","2022-01-23 12:08:46");
INSERT INTO product_sales VALUES("293","110","22","","1","1","40","0","0","0","40","2022-01-23 12:08:46","2022-01-23 12:08:46");
INSERT INTO product_sales VALUES("294","111","15","","1","1","90","0","0","0","90","2022-01-25 14:13:46","2022-01-25 14:13:46");
INSERT INTO product_sales VALUES("295","112","15","","2","1","90","0","0","0","180","2022-01-29 09:53:05","2022-01-29 09:53:05");
INSERT INTO product_sales VALUES("296","112","17","","2","1","100","0","0","0","200","2022-01-29 09:53:06","2022-01-29 09:53:06");
INSERT INTO product_sales VALUES("297","112","18","","1","1","65","0","0","0","65","2022-01-29 09:53:07","2022-01-29 09:53:07");
INSERT INTO product_sales VALUES("298","113","17","","30","1","100","0","0","0","3000","2022-01-31 10:48:23","2022-01-31 10:48:23");
INSERT INTO product_sales VALUES("299","114","15","","6","1","90","0","0","0","540","2022-02-02 12:06:26","2022-02-02 12:06:26");
INSERT INTO product_sales VALUES("300","115","15","","10","1","90","0","0","0","900","2022-02-05 18:03:09","2022-02-05 18:03:09");
INSERT INTO product_sales VALUES("301","116","15","","36","1","90","0","0","0","3240","2022-02-07 11:48:28","2022-02-07 11:48:28");
INSERT INTO product_sales VALUES("302","117","15","","9","1","90","0","0","0","810","2022-02-07 16:50:01","2022-02-07 16:50:01");
INSERT INTO product_sales VALUES("303","118","15","","2","1","90","0","0","0","180","2022-02-07 19:30:41","2022-02-07 19:30:41");
INSERT INTO product_sales VALUES("304","119","15","","5","1","90","0","0","0","450","2022-02-08 09:24:43","2022-02-08 09:24:43");
INSERT INTO product_sales VALUES("305","119","21","","1","1","20","0","0","0","20","2022-02-08 09:24:44","2022-02-08 09:24:44");
INSERT INTO product_sales VALUES("306","119","23","","1","1","37","0","0","0","37","2022-02-08 09:24:45","2022-02-08 09:24:45");
INSERT INTO product_sales VALUES("307","120","15","","6","1","90","0","0","0","540","2022-02-08 09:33:01","2022-02-08 09:33:01");
INSERT INTO product_sales VALUES("308","120","18","","1","1","65","0","0","0","65","2022-02-08 09:33:01","2022-02-08 09:33:01");
INSERT INTO product_sales VALUES("309","121","21","","5","1","20","0","0","0","100","2022-02-08 09:34:15","2022-02-08 09:34:15");
INSERT INTO product_sales VALUES("310","122","22","","1","1","40","0","0","0","40","2022-02-08 09:40:24","2022-02-08 09:40:24");
INSERT INTO product_sales VALUES("311","123","15","","30","1","90","0","0","0","2700","2022-02-08 09:47:46","2022-02-08 09:47:46");
INSERT INTO product_sales VALUES("312","124","15","","6","1","90","0","0","0","540","2022-02-08 16:31:01","2022-02-08 16:31:01");
INSERT INTO product_sales VALUES("313","124","18","","2","1","65","0","0","0","130","2022-02-08 16:31:02","2022-02-08 16:31:02");
INSERT INTO product_sales VALUES("314","124","17","","3","1","100","0","0","0","300","2022-02-08 16:31:03","2022-02-08 16:31:03");
INSERT INTO product_sales VALUES("315","125","15","","4","1","90","0","0","0","360","2022-02-08 17:23:51","2022-02-08 17:23:51");
INSERT INTO product_sales VALUES("316","126","15","","6","1","90","0","0","0","540","2022-02-09 10:19:07","2022-02-09 10:19:07");
INSERT INTO product_sales VALUES("317","127","15","","3","1","90","0","0","0","270","2022-02-09 11:08:19","2022-02-09 11:08:19");
INSERT INTO product_sales VALUES("318","127","17","","1","1","100","0","0","0","100","2022-02-09 11:08:19","2022-02-09 11:08:19");
INSERT INTO product_sales VALUES("319","128","15","","6","1","90","0","0","0","540","2022-02-09 12:11:11","2022-02-09 12:11:11");
INSERT INTO product_sales VALUES("320","129","21","","1","1","20","0","0","0","20","2022-02-09 16:02:06","2022-02-09 16:02:06");
INSERT INTO product_sales VALUES("321","129","22","","2","1","35","0","0","0","70","2022-02-09 16:02:06","2022-02-09 16:02:06");
INSERT INTO product_sales VALUES("322","130","44","","1","1","18","0","0","0","18","2022-02-09 16:03:51","2022-02-09 16:03:51");
INSERT INTO product_sales VALUES("323","130","40","","1","1","25","0","0","0","25","2022-02-09 16:03:51","2022-02-09 16:03:51");
INSERT INTO product_sales VALUES("324","131","15","","5","1","90","0","0","0","450","2022-02-10 15:22:48","2022-02-10 15:22:48");
INSERT INTO product_sales VALUES("325","132","15","","1","1","90","0","0","0","90","2022-02-10 20:13:48","2022-02-10 20:13:48");
INSERT INTO product_sales VALUES("326","133","15","","1","1","90","0","0","0","90","2022-02-10 20:13:49","2022-02-10 20:13:49");
INSERT INTO product_sales VALUES("327","134","15","","13","1","81","0","0","0","1053","2022-02-12 11:38:28","2022-02-12 11:38:28");
INSERT INTO product_sales VALUES("328","135","15","","5","1","90","0","0","0","450","2022-02-12 11:45:37","2022-02-12 11:45:37");
INSERT INTO product_sales VALUES("329","136","17","","1","1","90","0","0","0","90","2022-02-12 12:19:01","2022-02-12 12:19:01");
INSERT INTO product_sales VALUES("330","136","22","","1","1","37","0","0","0","37","2022-02-12 12:19:02","2022-02-12 12:19:02");
INSERT INTO product_sales VALUES("331","136","64","","3","1","20","0","0","0","60","2022-02-12 12:19:02","2022-02-12 12:19:02");
INSERT INTO product_sales VALUES("332","136","43","","3","1","22","0","0","0","66","2022-02-12 12:19:02","2022-02-12 12:19:02");
INSERT INTO product_sales VALUES("333","137","15","","8","1","81","0","0","0","648","2022-02-12 12:35:16","2022-02-12 12:35:16");
INSERT INTO product_sales VALUES("334","138","15","","3","1","90","0","0","0","270","2022-02-12 12:42:31","2022-02-12 12:42:31");
INSERT INTO product_sales VALUES("335","139","15","","4","1","90","0","0","0","360","2022-02-12 12:59:22","2022-02-12 12:59:22");
INSERT INTO product_sales VALUES("336","140","15","","1","1","90","0","0","0","90","2022-02-12 14:06:14","2022-02-12 14:06:14");
INSERT INTO product_sales VALUES("337","141","15","","3","1","90","0","0","0","270","2022-02-12 14:07:14","2022-02-12 14:07:14");
INSERT INTO product_sales VALUES("338","142","21","","4","1","20","0","0","0","80","2022-02-13 10:53:46","2022-02-13 10:53:46");
INSERT INTO product_sales VALUES("339","142","22","","3","1","37","0","0","0","111","2022-02-13 10:53:47","2022-02-13 10:53:47");
INSERT INTO product_sales VALUES("340","142","24","","1","1","50","0","0","0","50","2022-02-13 10:53:47","2022-02-13 10:53:47");
INSERT INTO product_sales VALUES("341","143","15","","32","1","90","0","0","0","2880","2022-02-13 11:20:55","2022-02-13 11:20:55");
INSERT INTO product_sales VALUES("342","144","15","","4","1","90","0","0","0","360","2022-02-13 13:14:28","2022-02-13 13:19:55");
INSERT INTO product_sales VALUES("343","144","57","","4","1","35","0","0","0","140","2022-02-13 13:14:29","2022-02-13 13:19:55");
INSERT INTO product_sales VALUES("344","144","59","","4","1","35","0","0","0","140","2022-02-13 13:14:29","2022-02-13 13:19:56");
INSERT INTO product_sales VALUES("345","144","49","","2","1","27","0","0","0","54","2022-02-13 13:14:30","2022-02-13 13:19:56");
INSERT INTO product_sales VALUES("346","144","53","","2","1","27","0","0","0","54","2022-02-13 13:14:30","2022-02-13 13:19:56");
INSERT INTO product_sales VALUES("347","144","58","","2","1","27","0","0","0","54","2022-02-13 13:14:30","2022-02-13 13:19:57");
INSERT INTO product_sales VALUES("348","144","51","","4","1","25","0","0","0","100","2022-02-13 13:14:31","2022-02-13 13:19:57");
INSERT INTO product_sales VALUES("349","144","50","","4","1","25","0","0","0","100","2022-02-13 13:14:31","2022-02-13 13:19:57");
INSERT INTO product_sales VALUES("350","144","56","","2","1","27","0","0","0","54","2022-02-13 13:19:58","2022-02-13 13:19:58");
INSERT INTO product_sales VALUES("351","145","15","","4","1","90","0","0","0","360","2022-02-13 13:53:07","2022-02-13 13:53:07");
INSERT INTO product_sales VALUES("352","146","15","","1","1","90","0","0","0","90","2022-02-13 14:00:39","2022-02-13 14:00:39");
INSERT INTO product_sales VALUES("353","146","67","","2","1","30","0","0","0","60","2022-02-13 14:00:39","2022-02-13 14:00:39");
INSERT INTO product_sales VALUES("354","147","32","","4","1","35","0","0","0","140","2022-02-13 14:26:48","2022-02-13 14:26:48");
INSERT INTO product_sales VALUES("355","147","64","","6","1","20","0","0","0","120","2022-02-13 14:26:48","2022-02-13 14:26:48");
INSERT INTO product_sales VALUES("356","147","22","","2","1","37","0","0","0","74","2022-02-13 14:26:49","2022-02-13 14:26:49");
INSERT INTO product_sales VALUES("357","148","15","","4","1","90","0","0","0","360","2022-02-13 16:55:24","2022-02-13 16:55:24");
INSERT INTO product_sales VALUES("358","149","15","","2","1","90","0","0","0","180","2022-02-13 19:46:28","2022-02-13 19:46:28");
INSERT INTO product_sales VALUES("359","150","15","","10","1","90","0","0","0","900","2022-02-14 11:26:29","2022-02-14 11:26:29");
INSERT INTO product_sales VALUES("360","151","15","","1","1","90","0","0","0","90","2022-02-14 11:29:54","2022-02-14 11:29:54");
INSERT INTO product_sales VALUES("361","152","23","","1","1","40","0","0","0","40","2022-02-14 14:36:06","2022-02-14 14:36:06");
INSERT INTO product_sales VALUES("362","152","22","","2","1","35","0","0","0","70","2022-02-14 14:36:06","2022-02-14 14:36:06");
INSERT INTO product_sales VALUES("363","152","21","","1","1","20","0","0","0","20","2022-02-14 14:36:08","2022-02-14 14:36:08");
INSERT INTO product_sales VALUES("364","153","22","","1","1","37","0","0","0","37","2022-02-18 19:44:55","2022-02-18 19:44:55");
INSERT INTO product_sales VALUES("365","153","23","","1","1","40","0","0","0","40","2022-02-18 19:44:55","2022-02-18 19:44:55");
INSERT INTO product_sales VALUES("366","154","15","","3","1","90","0","0","0","270","2022-02-19 11:22:31","2022-02-19 11:22:31");
INSERT INTO product_sales VALUES("367","155","15","","14","1","81","0","0","0","1134","2022-02-19 11:23:50","2022-02-19 11:23:50");
INSERT INTO product_sales VALUES("368","156","15","","1","1","90","0","0","0","90","2022-02-21 13:26:40","2022-02-21 13:26:40");
INSERT INTO product_sales VALUES("369","157","22","","1","1","37","0","0","0","37","2022-02-21 16:01:58","2022-02-21 16:01:58");
INSERT INTO product_sales VALUES("370","157","23","","1","1","40","0","0","0","40","2022-02-21 16:01:59","2022-02-21 16:01:59");
INSERT INTO product_sales VALUES("371","157","21","","2","1","20","0","0","0","40","2022-02-21 16:02:00","2022-02-21 16:02:00");
INSERT INTO product_sales VALUES("372","158","15","","2","1","90","0","0","0","180","2022-02-21 18:09:13","2022-02-21 18:09:13");
INSERT INTO product_sales VALUES("373","159","17","","1","1","80","0","0","0","80","2022-02-21 19:22:48","2022-02-21 19:22:48");
INSERT INTO product_sales VALUES("374","160","15","","5","1","90","0","0","0","450","2022-02-21 20:09:37","2022-02-21 20:09:37");
INSERT INTO product_sales VALUES("375","161","15","","3","1","90","0","0","0","270","2022-02-22 14:35:08","2022-02-22 14:35:08");
INSERT INTO product_sales VALUES("376","161","21","","1","1","20","0","0","0","20","2022-02-22 14:35:08","2022-02-22 14:35:08");
INSERT INTO product_sales VALUES("377","162","15","","2","1","90","0","0","0","180","2022-02-23 18:05:50","2022-02-23 18:05:50");
INSERT INTO product_sales VALUES("378","163","15","","2","1","90","0","0","0","180","2022-02-24 16:18:48","2022-02-24 16:18:48");
INSERT INTO product_sales VALUES("379","164","15","","3","1","90","0","0","0","270","2022-02-26 15:16:45","2022-02-26 15:16:45");
INSERT INTO product_sales VALUES("380","165","15","","8","1","90","0","0","0","720","2022-03-08 13:32:27","2022-03-08 13:32:27");
INSERT INTO product_sales VALUES("381","165","22","","24","1","35","0","0","0","840","2022-03-08 13:32:28","2022-03-08 13:32:28");
INSERT INTO product_sales VALUES("382","165","21","","8","1","18","0","0","0","144","2022-03-08 13:32:29","2022-03-08 13:32:29");
INSERT INTO product_sales VALUES("386","167","15","","1","1","90","0","0","0","90","2022-03-10 17:55:56","2022-03-10 17:55:56");
INSERT INTO product_sales VALUES("387","168","15","","2","1","90","0","0","0","180","2022-03-17 17:49:50","2022-03-17 17:49:50");
INSERT INTO product_sales VALUES("388","168","21","","13","1","18","0","0","0","234","2022-03-17 17:49:50","2022-03-17 17:49:50");
INSERT INTO product_sales VALUES("389","169","15","","1","1","90","0","0","0","90","2022-03-21 15:41:16","2022-03-21 15:41:16");
INSERT INTO product_sales VALUES("390","170","21","","11","1","18","0","0","0","198","2022-03-23 08:56:41","2022-03-23 08:56:41");
INSERT INTO product_sales VALUES("391","171","21","","15","1","19","0","0","0","285","2022-03-24 13:58:17","2022-03-24 13:58:17");
INSERT INTO product_sales VALUES("392","172","21","","9","1","19","0","0","0","171","2022-03-26 13:55:38","2022-03-26 13:55:38");
INSERT INTO product_sales VALUES("393","172","70","","1","1","50","0","0","0","50","2022-03-26 13:55:38","2022-03-26 13:55:38");
INSERT INTO product_sales VALUES("397","174","15","","1","1","90","0","0","0","90","2022-03-27 15:19:57","2022-03-27 15:19:57");
INSERT INTO product_sales VALUES("398","174","18","","1","1","65","0","0","0","65","2022-03-27 15:19:57","2022-03-27 15:19:57");
INSERT INTO product_sales VALUES("399","174","21","","23","1","19","0","0","0","437","2022-03-27 15:19:57","2022-03-27 15:19:57");
INSERT INTO product_sales VALUES("409","178","15","","4","1","90","0","0","0","360","2022-04-02 13:43:00","2022-04-02 13:43:00");
INSERT INTO product_sales VALUES("410","178","17","","2","1","100","0","0","0","200","2022-04-02 13:43:00","2022-04-02 13:43:00");
INSERT INTO product_sales VALUES("411","178","18","","5","1","65","0","0","0","325","2022-04-02 13:43:00","2022-04-02 13:43:00");
INSERT INTO product_sales VALUES("412","179","15","","3","1","90","0","0","0","270","2022-04-02 14:44:09","2022-04-02 14:44:09");
INSERT INTO product_sales VALUES("413","179","17","","6","1","100","0","0","0","600","2022-04-02 14:44:09","2022-04-02 14:44:09");
INSERT INTO product_sales VALUES("414","179","18","","4","1","70","0","0","0","280","2022-04-02 14:44:09","2022-04-02 14:44:09");
INSERT INTO product_sales VALUES("415","180","15","","40","1","90","0","0","0","3600","2022-04-02 20:41:59","2022-04-02 20:41:59");
INSERT INTO product_sales VALUES("416","180","17","","100","1","100","0","0","0","10000","2022-04-02 20:41:59","2022-04-02 20:41:59");
INSERT INTO product_sales VALUES("417","180","18","","100","1","70","0","0","0","7000","2022-04-02 20:41:59","2022-04-02 20:41:59");
INSERT INTO product_sales VALUES("418","181","15","","4","1","90","0","0","0","360","2022-04-03 14:00:37","2022-04-03 14:00:37");
INSERT INTO product_sales VALUES("419","181","17","","10","1","100","0","0","0","1000","2022-04-03 14:00:37","2022-04-03 14:00:37");
INSERT INTO product_sales VALUES("420","181","18","","8","1","70","0","0","0","560","2022-04-03 14:00:37","2022-04-03 14:00:37");
INSERT INTO product_sales VALUES("421","182","21","","5","1","19","0","0","0","95","2022-04-03 15:57:41","2022-04-03 15:57:41");
INSERT INTO product_sales VALUES("422","182","15","","1","1","90","0","0","0","90","2022-04-03 15:57:41","2022-04-03 15:57:41");
INSERT INTO product_sales VALUES("423","182","18","","3","1","70","0","0","0","210","2022-04-03 15:57:41","2022-04-03 15:57:41");
INSERT INTO product_sales VALUES("424","182","17","","1","1","100","0","0","0","100","2022-04-03 15:57:41","2022-04-03 15:57:41");
INSERT INTO product_sales VALUES("425","183","15","","4","1","90","0","0","0","360","2022-04-03 21:19:01","2022-04-03 21:19:01");
INSERT INTO product_sales VALUES("426","183","18","","6","1","70","0","0","0","420","2022-04-03 21:19:01","2022-04-03 21:19:01");
INSERT INTO product_sales VALUES("427","183","17","","6","1","100","0","0","0","600","2022-04-03 21:19:01","2022-04-03 21:19:01");
INSERT INTO product_sales VALUES("431","185","15","","40","1","90","0","0","0","3600","2022-04-03 23:17:04","2022-04-03 23:17:04");
INSERT INTO product_sales VALUES("432","185","17","","40","1","100","0","0","0","4000","2022-04-03 23:17:04","2022-04-03 23:17:04");
INSERT INTO product_sales VALUES("433","185","18","","80","1","70","0","0","0","5600","2022-04-03 23:17:04","2022-04-03 23:17:04");
INSERT INTO product_sales VALUES("434","186","15","","1","1","90","0","0","0","90","2022-04-04 10:56:44","2022-04-04 10:56:44");
INSERT INTO product_sales VALUES("435","186","18","","1","1","70","0","0","0","70","2022-04-04 10:56:44","2022-04-04 10:56:44");
INSERT INTO product_sales VALUES("436","187","15","","2","1","90","0","0","0","180","2022-04-04 11:02:48","2022-04-04 11:02:48");
INSERT INTO product_sales VALUES("437","187","18","","2","1","70","0","0","0","140","2022-04-04 11:02:48","2022-04-04 11:02:48");
INSERT INTO product_sales VALUES("438","187","17","","3","1","100","0","0","0","300","2022-04-04 11:02:48","2022-04-04 11:02:48");
INSERT INTO product_sales VALUES("439","188","15","","4","1","90","0","0","0","360","2022-04-04 13:49:30","2022-04-04 13:49:30");
INSERT INTO product_sales VALUES("440","188","17","","3","1","100","0","0","0","300","2022-04-04 13:49:30","2022-04-04 13:49:30");
INSERT INTO product_sales VALUES("441","188","18","","2","1","70","0","0","0","140","2022-04-04 13:49:30","2022-04-04 13:49:30");
INSERT INTO product_sales VALUES("442","189","15","","4","1","90","0","0","0","360","2022-04-04 13:56:19","2022-04-04 13:56:19");
INSERT INTO product_sales VALUES("443","189","18","","10","1","70","0","0","0","700","2022-04-04 13:56:19","2022-04-04 13:56:19");
INSERT INTO product_sales VALUES("444","190","18","","6","1","70","0","0","0","420","2022-04-04 21:37:43","2022-04-04 21:37:43");
INSERT INTO product_sales VALUES("445","191","15","","2","1","90","0","0","0","180","2022-04-05 12:42:43","2022-04-05 12:42:43");
INSERT INTO product_sales VALUES("446","191","17","","3","1","100","0","0","0","300","2022-04-05 12:42:43","2022-04-05 12:42:43");
INSERT INTO product_sales VALUES("447","191","18","","5","1","70","0","0","0","350","2022-04-05 12:42:43","2022-04-05 12:42:43");
INSERT INTO product_sales VALUES("448","192","15","","1","1","90","0","0","0","90","2022-04-06 13:02:05","2022-04-06 13:02:05");
INSERT INTO product_sales VALUES("449","192","17","","1","1","100","0","0","0","100","2022-04-06 13:02:05","2022-04-06 13:02:05");
INSERT INTO product_sales VALUES("450","192","18","","3","1","70","0","0","0","210","2022-04-06 13:02:05","2022-04-06 13:02:05");
INSERT INTO product_sales VALUES("451","192","21","","8","1","18","0","0","0","144","2022-04-06 13:02:05","2022-04-06 13:02:05");
INSERT INTO product_sales VALUES("452","192","32","","2","1","40","0","0","0","80","2022-04-06 13:02:05","2022-04-06 13:02:05");
INSERT INTO product_sales VALUES("453","192","52","","1","1","25","0","0","0","25","2022-04-06 13:02:05","2022-04-06 13:02:05");
INSERT INTO product_sales VALUES("454","192","63","","1","1","27","0","0","0","27","2022-04-06 13:02:05","2022-04-06 13:02:05");
INSERT INTO product_sales VALUES("455","193","17","","3","1","100","0","0","0","300","2022-04-07 12:03:35","2022-04-07 12:03:35");
INSERT INTO product_sales VALUES("456","193","18","","3","1","70","0","0","0","210","2022-04-07 12:03:35","2022-04-07 12:03:35");
INSERT INTO product_sales VALUES("457","194","32","","3","1","35","0","0","0","105","2022-04-07 12:25:07","2022-04-07 12:25:07");
INSERT INTO product_sales VALUES("458","194","58","","2","1","25","0","0","0","50","2022-04-07 12:25:07","2022-04-07 12:25:07");
INSERT INTO product_sales VALUES("459","195","15","","3","1","90","0","0","0","270","2022-04-07 21:40:45","2022-04-07 21:40:45");
INSERT INTO product_sales VALUES("460","195","17","","4","1","100","0","0","0","400","2022-04-07 21:40:45","2022-04-07 21:40:45");
INSERT INTO product_sales VALUES("461","195","18","","5","1","70","0","0","0","350","2022-04-07 21:40:45","2022-04-07 21:40:45");
INSERT INTO product_sales VALUES("462","196","18","","2","1","70","0","0","0","140","2022-04-07 21:44:26","2022-04-07 21:44:26");
INSERT INTO product_sales VALUES("463","197","17","","22","1","100","0","0","0","2200","2022-04-09 14:45:39","2022-04-09 14:45:39");
INSERT INTO product_sales VALUES("464","198","15","","5","1","90","0","0","0","450","2022-04-10 15:24:12","2022-04-10 15:24:12");
INSERT INTO product_sales VALUES("465","199","15","","60","1","90","0","0","0","5400","2022-04-11 12:05:23","2022-04-11 12:05:23");
INSERT INTO product_sales VALUES("466","200","15","","4","1","90","0","0","0","360","2022-04-11 13:33:33","2022-04-11 13:33:33");
INSERT INTO product_sales VALUES("467","200","17","","3","1","100","0","0","0","300","2022-04-11 13:33:33","2022-04-11 13:33:33");
INSERT INTO product_sales VALUES("468","201","15","","13","1","90","0","0","0","1170","2022-04-11 22:14:11","2022-04-11 22:14:11");
INSERT INTO product_sales VALUES("469","201","17","","7","1","100","0","0","0","700","2022-04-11 22:14:11","2022-04-11 22:14:11");
INSERT INTO product_sales VALUES("470","202","15","","19","1","90","0","0","0","1710","2022-04-14 11:15:32","2022-04-14 11:15:32");
INSERT INTO product_sales VALUES("471","202","17","","6","1","100","0","0","0","600","2022-04-14 11:15:32","2022-04-14 11:15:32");
INSERT INTO product_sales VALUES("472","202","18","","6","1","70","0","0","0","420","2022-04-14 11:15:32","2022-04-14 11:15:32");
INSERT INTO product_sales VALUES("473","203","15","","58","1","90","0","0","0","5220","2022-04-16 12:30:35","2022-04-16 12:30:35");
INSERT INTO product_sales VALUES("476","205","17","","3","1","100","0","0","0","300","2022-04-16 16:23:00","2022-04-16 16:23:00");
INSERT INTO product_sales VALUES("477","206","17","","1","1","100","0","0","0","100","2022-04-16 20:14:44","2022-04-16 20:14:44");
INSERT INTO product_sales VALUES("478","207","15","","5","1","90","0","0","0","450","2022-04-17 10:43:56","2022-04-17 10:43:56");
INSERT INTO product_sales VALUES("481","209","15","","2","1","90","0","0","0","180","2022-04-17 11:09:14","2022-04-17 11:09:14");
INSERT INTO product_sales VALUES("482","209","17","","2","1","100","0","0","0","200","2022-04-17 11:09:14","2022-04-17 11:09:14");
INSERT INTO product_sales VALUES("483","210","15","","6","1","90","0","0","0","540","2022-04-17 11:18:21","2022-04-17 11:18:21");
INSERT INTO product_sales VALUES("484","210","17","","4","1","100","0","0","0","400","2022-04-17 11:18:21","2022-04-17 11:18:21");
INSERT INTO product_sales VALUES("485","211","17","","6","1","100","0","0","0","600","2022-04-17 12:00:46","2022-04-17 12:00:46");
INSERT INTO product_sales VALUES("488","213","15","","5","1","90","0","0","0","450","2022-04-17 14:03:14","2022-04-17 14:03:14");
INSERT INTO product_sales VALUES("489","213","17","","3","1","100","0","0","0","300","2022-04-17 14:03:14","2022-04-17 14:03:14");
INSERT INTO product_sales VALUES("490","214","15","","45","1","90","0","0","0","4050","2022-04-19 22:13:25","2022-04-19 22:13:25");
INSERT INTO product_sales VALUES("491","214","17","","5","1","100","0","0","0","500","2022-04-19 22:13:25","2022-04-19 22:13:25");
INSERT INTO product_sales VALUES("495","216","15","","2","1","90","0","0","0","180","2022-04-20 21:22:18","2022-04-20 21:22:18");
INSERT INTO product_sales VALUES("496","216","17","","2","1","100","0","0","0","200","2022-04-20 21:22:18","2022-04-20 21:22:18");
INSERT INTO product_sales VALUES("497","217","17","","2","1","100","0","0","0","200","2022-04-21 16:17:57","2022-04-21 16:17:57");
INSERT INTO product_sales VALUES("501","219","15","","9","1","90","0","0","0","810","2022-04-22 16:09:58","2022-04-22 16:09:58");
INSERT INTO product_sales VALUES("502","219","18","","6","1","70","0","0","0","420","2022-04-22 16:09:58","2022-04-22 16:09:58");
INSERT INTO product_sales VALUES("503","219","17","","7","1","100","0","0","0","700","2022-04-22 16:09:58","2022-04-22 16:09:58");
INSERT INTO product_sales VALUES("504","220","15","","5","1","90","0","0","0","450","2022-04-22 16:28:34","2022-04-22 16:28:34");
INSERT INTO product_sales VALUES("505","220","17","","5","1","100","0","0","0","500","2022-04-22 16:28:34","2022-04-22 16:28:34");
INSERT INTO product_sales VALUES("506","220","18","","3","1","70","0","0","0","210","2022-04-22 16:28:34","2022-04-22 16:28:34");
INSERT INTO product_sales VALUES("507","221","15","","3","1","90","0","0","0","270","2022-04-22 23:44:41","2022-04-22 23:44:41");
INSERT INTO product_sales VALUES("508","221","17","","2","1","100","0","0","0","200","2022-04-22 23:44:41","2022-04-22 23:44:41");
INSERT INTO product_sales VALUES("509","222","15","","2","1","90","0","0","0","180","2022-04-24 10:51:07","2022-04-24 10:51:07");
INSERT INTO product_sales VALUES("510","222","17","","1","1","100","0","0","0","100","2022-04-24 10:51:07","2022-04-24 10:51:07");
INSERT INTO product_sales VALUES("511","223","17","","2","1","100","0","0","0","200","2022-04-24 11:21:57","2022-04-24 11:21:57");
INSERT INTO product_sales VALUES("512","223","15","","3","1","90","0","0","0","270","2022-04-24 11:21:57","2022-04-24 11:21:57");
INSERT INTO product_sales VALUES("513","223","18","","2","1","70","0","0","0","140","2022-04-24 11:21:57","2022-04-24 11:21:57");
INSERT INTO product_sales VALUES("514","224","16","","4","1","300","0","0","0","1200","2022-04-24 13:08:20","2022-04-24 13:08:20");
INSERT INTO product_sales VALUES("515","224","17","","4","1","90","0","0","0","360","2022-04-24 13:08:20","2022-04-24 13:08:20");
INSERT INTO product_sales VALUES("516","225","15","","8","1","90","0","0","0","720","2022-04-24 15:09:42","2022-04-24 15:09:42");
INSERT INTO product_sales VALUES("517","225","16","","1","1","325","0","0","0","325","2022-04-24 15:09:42","2022-04-24 15:09:42");
INSERT INTO product_sales VALUES("518","225","17","","1","1","100","0","0","0","100","2022-04-24 15:09:42","2022-04-24 15:09:42");
INSERT INTO product_sales VALUES("522","227","15","","4","1","90","0","0","0","360","2022-04-24 22:16:56","2022-04-24 22:16:56");
INSERT INTO product_sales VALUES("523","227","16","","4","1","320","0","0","0","1280","2022-04-24 22:16:56","2022-04-24 22:16:56");
INSERT INTO product_sales VALUES("524","227","17","","2","1","100","0","0","0","200","2022-04-24 22:16:56","2022-04-24 22:16:56");
INSERT INTO product_sales VALUES("525","227","22","","5","1","33","0","0","0","165","2022-04-24 22:16:56","2022-04-24 22:16:56");
INSERT INTO product_sales VALUES("526","228","15","","2","1","90","0","0","0","180","2022-04-25 09:55:44","2022-04-25 09:55:44");
INSERT INTO product_sales VALUES("527","228","17","","2","1","100","0","0","0","200","2022-04-25 09:55:44","2022-04-25 09:55:44");
INSERT INTO product_sales VALUES("528","228","22","","3","1","40","0","0","0","120","2022-04-25 09:55:44","2022-04-25 09:55:44");
INSERT INTO product_sales VALUES("533","231","16","","6","1","320","0","0","0","1920","2022-04-25 10:12:03","2022-04-25 10:12:03");
INSERT INTO product_sales VALUES("534","231","17","","3","1","100","0","0","0","300","2022-04-25 10:12:03","2022-04-25 10:12:03");
INSERT INTO product_sales VALUES("535","232","16","","3","1","320","0","0","0","960","2022-04-25 10:38:04","2022-04-25 10:38:04");
INSERT INTO product_sales VALUES("536","232","15","","4","1","90","0","0","0","360","2022-04-25 10:38:04","2022-04-25 10:38:04");
INSERT INTO product_sales VALUES("537","232","22","","3","1","40","0","0","0","120","2022-04-25 10:38:04","2022-04-25 10:38:04");
INSERT INTO product_sales VALUES("538","233","15","","2","1","90","0","0","0","180","2022-04-25 14:07:31","2022-04-25 14:07:31");
INSERT INTO product_sales VALUES("539","233","18","","3","1","70","0","0","0","210","2022-04-25 14:07:31","2022-04-25 14:07:31");
INSERT INTO product_sales VALUES("540","234","15","","7","1","90","0","0","0","630","2022-04-25 17:11:07","2022-04-25 17:11:07");
INSERT INTO product_sales VALUES("541","234","18","","1","1","70","0","0","0","70","2022-04-25 17:11:07","2022-04-25 17:11:07");
INSERT INTO product_sales VALUES("542","235","15","","20","1","90","0","0","0","1800","2022-04-26 15:27:55","2022-04-26 15:27:55");
INSERT INTO product_sales VALUES("543","235","17","","3","1","100","0","0","0","300","2022-04-26 15:27:55","2022-04-26 15:27:55");
INSERT INTO product_sales VALUES("544","235","16","","4","1","325","0","0","0","1300","2022-04-26 15:27:55","2022-04-26 15:27:55");
INSERT INTO product_sales VALUES("545","235","18","","12","1","70","0","0","0","840","2022-04-26 15:27:55","2022-04-26 15:27:55");
INSERT INTO product_sales VALUES("546","236","16","","3","1","320","0","0","0","960","2022-04-26 20:40:56","2022-04-26 20:40:56");
INSERT INTO product_sales VALUES("547","236","15","","8","1","90","0","0","0","720","2022-04-26 20:40:56","2022-04-26 20:40:56");
INSERT INTO product_sales VALUES("548","236","17","","2","1","100","0","0","0","200","2022-04-26 20:40:56","2022-04-26 20:40:56");
INSERT INTO product_sales VALUES("549","237","15","","20","1","90","0","0","0","1800","2022-04-26 20:48:08","2022-04-26 20:48:08");
INSERT INTO product_sales VALUES("550","237","17","","6","1","100","0","0","0","600","2022-04-26 20:48:08","2022-04-26 20:48:08");
INSERT INTO product_sales VALUES("551","237","18","","12","1","70","0","0","0","840","2022-04-26 20:48:08","2022-04-26 20:48:08");
INSERT INTO product_sales VALUES("556","240","15","","7","1","90","0","0","0","630","2022-04-27 10:56:33","2022-04-27 10:56:33");
INSERT INTO product_sales VALUES("557","240","22","","3","1","35","0","0","0","105","2022-04-27 10:56:33","2022-04-27 10:56:33");
INSERT INTO product_sales VALUES("558","240","23","","3","1","37","0","0","0","111","2022-04-27 10:56:33","2022-04-27 10:56:33");
INSERT INTO product_sales VALUES("559","241","15","","2","1","90","0","0","0","180","2022-04-27 12:43:36","2022-04-27 12:43:36");
INSERT INTO product_sales VALUES("560","241","17","","1","1","100","0","0","0","100","2022-04-27 12:43:36","2022-04-27 12:43:36");
INSERT INTO product_sales VALUES("561","242","15","","3","1","90","0","0","0","270","2022-04-27 20:56:51","2022-04-27 20:56:51");
INSERT INTO product_sales VALUES("562","242","21","","2","1","19","0","0","0","38","2022-04-27 20:56:51","2022-04-27 20:56:51");
INSERT INTO product_sales VALUES("563","243","15","","7","1","90","0","0","0","630","2022-04-27 22:44:09","2022-04-27 22:44:09");
INSERT INTO product_sales VALUES("564","243","18","","4","1","70","0","0","0","280","2022-04-27 22:44:09","2022-04-27 22:44:09");
INSERT INTO product_sales VALUES("565","243","21","","4","1","19","0","0","0","76","2022-04-27 22:44:09","2022-04-27 22:44:09");
INSERT INTO product_sales VALUES("570","246","15","","4","1","90","0","0","0","360","2022-04-27 23:47:38","2022-04-27 23:47:38");
INSERT INTO product_sales VALUES("571","246","22","","1","1","35","0","0","0","35","2022-04-27 23:47:38","2022-04-27 23:47:38");
INSERT INTO product_sales VALUES("572","246","23","","1","1","40","0","0","0","40","2022-04-27 23:47:38","2022-04-27 23:47:38");
INSERT INTO product_sales VALUES("573","246","29","","1","1","35","0","0","0","35","2022-04-27 23:47:38","2022-04-27 23:47:38");
INSERT INTO product_sales VALUES("574","247","15","","1","1","90","0","0","0","90","2022-04-28 10:03:01","2022-04-28 10:03:01");
INSERT INTO product_sales VALUES("575","247","18","","7","1","70","0","0","0","490","2022-04-28 10:03:01","2022-04-28 10:03:01");
INSERT INTO product_sales VALUES("576","248","15","","2","1","90","0","0","0","180","2022-04-28 10:45:27","2022-04-28 10:45:27");
INSERT INTO product_sales VALUES("577","248","18","","2","1","70","0","0","0","140","2022-04-28 10:45:27","2022-04-28 10:45:27");
INSERT INTO product_sales VALUES("578","248","22","","1","1","35","0","0","0","35","2022-04-28 10:45:27","2022-04-28 10:45:27");
INSERT INTO product_sales VALUES("579","248","97","","4","1","22","0","0","0","88","2022-04-28 10:45:27","2022-04-28 10:45:27");
INSERT INTO product_sales VALUES("580","248","29","","1","1","50","0","0","0","50","2022-04-28 10:45:27","2022-04-28 10:45:27");
INSERT INTO product_sales VALUES("582","250","15","","6","1","90","0","0","0","540","2022-04-28 13:58:06","2022-04-28 13:58:06");
INSERT INTO product_sales VALUES("583","251","22","","1","1","35","0","0","0","35","2022-04-28 15:09:56","2022-04-28 15:09:56");
INSERT INTO product_sales VALUES("584","251","23","","1","1","35","0","0","0","35","2022-04-28 15:09:56","2022-04-28 15:09:56");
INSERT INTO product_sales VALUES("585","252","15","","10","1","90","0","0","0","900","2022-04-29 11:55:08","2022-04-29 11:55:08");
INSERT INTO product_sales VALUES("586","252","16","","2","1","325","0","0","0","650","2022-04-29 11:55:08","2022-04-29 11:55:08");
INSERT INTO product_sales VALUES("587","253","16","","1","1","320","0","0","0","320","2022-04-29 18:48:33","2022-04-29 18:48:33");
INSERT INTO product_sales VALUES("589","255","18","","2","1","70","0","0","0","140","2022-04-30 19:18:47","2022-04-30 19:18:47");
INSERT INTO product_sales VALUES("590","256","15","","4","1","90","0","0","0","360","2022-05-01 09:39:29","2022-05-01 09:39:29");
INSERT INTO product_sales VALUES("591","256","17","","1","1","100","0","0","0","100","2022-05-01 09:39:29","2022-05-01 09:39:29");
INSERT INTO product_sales VALUES("595","258","15","","3","1","90","0","0","0","270","2022-05-05 10:10:45","2022-05-05 10:10:45");
INSERT INTO product_sales VALUES("596","258","17","","2","1","100","0","0","0","200","2022-05-05 10:10:45","2022-05-05 10:10:45");
INSERT INTO product_sales VALUES("597","258","18","","2","1","70","0","0","0","140","2022-05-05 10:10:45","2022-05-05 10:10:45");
INSERT INTO product_sales VALUES("598","259","17","","2","1","100","0","0","0","200","2022-05-05 10:35:01","2022-05-05 10:35:01");
INSERT INTO product_sales VALUES("599","259","15","","2","1","90","0","0","0","180","2022-05-05 10:35:01","2022-05-05 10:35:01");
INSERT INTO product_sales VALUES("600","259","30","","2","1","35","0","0","0","70","2022-05-05 10:35:01","2022-05-05 10:35:01");
INSERT INTO product_sales VALUES("601","260","15","","3","1","90","0","0","0","270","2022-05-05 14:17:26","2022-05-05 14:17:26");
INSERT INTO product_sales VALUES("602","260","18","","3","1","70","0","0","0","210","2022-05-05 14:17:26","2022-05-05 14:17:26");
INSERT INTO product_sales VALUES("603","261","15","","8","1","90","0","0","0","720","2022-05-05 16:28:39","2022-05-05 16:28:39");
INSERT INTO product_sales VALUES("604","261","17","","6","1","100","0","0","0","600","2022-05-05 16:28:39","2022-05-05 16:28:39");
INSERT INTO product_sales VALUES("605","262","15","","5","1","90","0","0","0","450","2022-05-07 09:26:59","2022-05-07 09:26:59");
INSERT INTO product_sales VALUES("606","262","17","","1","1","100","0","0","0","100","2022-05-07 09:26:59","2022-05-07 09:26:59");
INSERT INTO product_sales VALUES("607","262","18","","3","1","70","0","0","0","210","2022-05-07 09:26:59","2022-05-07 09:26:59");
INSERT INTO product_sales VALUES("608","262","16","","1","1","300","0","0","0","300","2022-05-07 09:26:59","2022-05-07 09:26:59");
INSERT INTO product_sales VALUES("609","263","15","","3","1","90","0","0","0","270","2022-05-07 11:40:55","2022-05-07 11:40:55");
INSERT INTO product_sales VALUES("610","263","18","","2","1","70","0","0","0","140","2022-05-07 11:40:55","2022-05-07 11:40:55");
INSERT INTO product_sales VALUES("611","264","15","","4","1","90","0","0","0","360","2022-05-07 11:57:18","2022-05-07 11:57:18");
INSERT INTO product_sales VALUES("612","264","16","","4","1","320","0","0","0","1280","2022-05-07 11:57:18","2022-05-07 11:57:18");
INSERT INTO product_sales VALUES("613","265","15","","1","1","90","0","0","0","90","2022-05-07 12:36:11","2022-05-07 12:36:11");
INSERT INTO product_sales VALUES("614","265","18","","3","1","70","0","0","0","210","2022-05-07 12:36:11","2022-05-07 12:36:11");
INSERT INTO product_sales VALUES("615","266","15","","3","1","90","0","0","0","270","2022-05-08 11:37:15","2022-05-08 11:37:15");
INSERT INTO product_sales VALUES("616","266","18","","3","1","70","0","0","0","210","2022-05-08 11:37:15","2022-05-08 11:37:15");
INSERT INTO product_sales VALUES("619","268","15","","7","1","90","0","0","0","630","2022-05-08 15:32:46","2022-05-08 15:32:46");
INSERT INTO product_sales VALUES("620","268","18","","9","1","70","0","0","0","630","2022-05-08 15:32:46","2022-05-08 15:32:46");
INSERT INTO product_sales VALUES("621","268","23","","4","1","40","0","0","0","160","2022-05-08 15:32:46","2022-05-08 15:32:46");
INSERT INTO product_sales VALUES("622","268","98","","2","1","30","0","0","0","60","2022-05-08 15:32:46","2022-05-08 15:32:46");
INSERT INTO product_sales VALUES("623","269","15","","6","1","90","0","0","0","540","2022-05-08 16:45:59","2022-05-08 16:45:59");
INSERT INTO product_sales VALUES("624","270","15","","4","1","90","0","0","0","360","2022-05-08 19:07:15","2022-05-08 19:07:15");
INSERT INTO product_sales VALUES("625","270","18","","3","1","70","0","0","0","210","2022-05-08 19:07:15","2022-05-08 19:07:15");
INSERT INTO product_sales VALUES("626","270","16","","3","1","300","0","0","0","900","2022-05-08 19:07:16","2022-05-08 19:07:16");
INSERT INTO product_sales VALUES("627","271","15","","4","1","90","0","0","0","360","2022-05-09 19:46:03","2022-05-09 19:46:03");
INSERT INTO product_sales VALUES("628","272","15","","3","1","90","0","0","0","270","2022-05-09 19:58:49","2022-05-09 19:58:49");
INSERT INTO product_sales VALUES("629","272","17","","1","1","100","0","0","0","100","2022-05-09 19:58:49","2022-05-09 19:58:49");
INSERT INTO product_sales VALUES("630","273","21","","4","1","20","0","0","0","80","2022-05-10 12:20:36","2022-05-10 12:20:36");
INSERT INTO product_sales VALUES("631","274","15","","12","1","90","0","0","0","1080","2022-05-10 13:54:21","2022-05-10 13:54:21");
INSERT INTO product_sales VALUES("632","274","18","","9","1","70","0","0","0","630","2022-05-10 13:54:21","2022-05-10 13:54:21");
INSERT INTO product_sales VALUES("633","275","15","","5","1","90","0","0","0","450","2022-05-10 14:03:33","2022-05-10 14:03:33");
INSERT INTO product_sales VALUES("637","277","15","","4","1","90","0","0","0","360","2022-05-11 13:32:05","2022-05-11 13:32:05");
INSERT INTO product_sales VALUES("641","279","15","","6","1","90","0","0","0","540","2022-05-12 15:32:28","2022-05-12 15:32:28");
INSERT INTO product_sales VALUES("642","279","17","","2","1","100","0","0","0","200","2022-05-12 15:32:28","2022-05-12 15:32:28");
INSERT INTO product_sales VALUES("643","280","15","","7","1","90","0","0","0","630","2022-05-14 12:44:41","2022-05-14 12:44:41");
INSERT INTO product_sales VALUES("648","283","15","","6","1","90","0","0","0","540","2022-05-15 17:29:41","2022-05-15 17:29:41");
INSERT INTO product_sales VALUES("649","283","23","","6","1","37","0","0","0","222","2022-05-15 17:29:41","2022-05-15 17:29:41");
INSERT INTO product_sales VALUES("650","283","24","","2","1","50","0","0","0","100","2022-05-15 17:29:41","2022-05-15 17:29:41");
INSERT INTO product_sales VALUES("651","284","15","","6","1","90","0","0","0","540","2022-05-15 18:30:01","2022-05-15 18:30:01");
INSERT INTO product_sales VALUES("652","284","18","","3","1","70","0","0","0","210","2022-05-15 18:30:01","2022-05-15 18:30:01");
INSERT INTO product_sales VALUES("653","285","15","","10","1","90","0","0","0","900","2022-05-15 19:18:35","2022-05-15 19:18:35");
INSERT INTO product_sales VALUES("654","285","18","","3","1","70","0","0","0","210","2022-05-15 19:18:35","2022-05-15 19:18:35");
INSERT INTO product_sales VALUES("655","286","15","","9","1","80","0","0","0","720","2022-05-16 16:41:40","2022-05-16 16:41:40");
INSERT INTO product_sales VALUES("656","287","15","","2","1","90","0","0","0","180","2022-05-18 11:23:48","2022-05-18 11:23:48");
INSERT INTO product_sales VALUES("657","287","18","","1","1","70","0","0","0","70","2022-05-18 11:23:48","2022-05-18 11:23:48");
INSERT INTO product_sales VALUES("658","287","22","","2","1","35","0","0","0","70","2022-05-18 11:23:48","2022-05-18 11:23:48");
INSERT INTO product_sales VALUES("659","287","97","","1","1","35","0","0","0","35","2022-05-18 11:23:48","2022-05-18 11:23:48");
INSERT INTO product_sales VALUES("661","289","15","","5","1","90","0","0","0","450","2022-05-19 09:43:35","2022-05-19 09:43:35");
INSERT INTO product_sales VALUES("662","290","15","","4","1","90","0","0","0","360","2022-05-25 10:50:40","2022-05-25 10:50:40");
INSERT INTO product_sales VALUES("663","291","15","","40","1","90","0","0","0","3600","2022-06-02 09:41:18","2022-06-02 09:41:18");
INSERT INTO product_sales VALUES("664","291","18","","60","1","70","0","0","0","4200","2022-06-02 09:41:18","2022-06-02 09:41:18");
INSERT INTO product_sales VALUES("665","292","15","","13","1","90","0","0","0","1170","2022-06-06 14:23:45","2022-06-06 14:23:45");
INSERT INTO product_sales VALUES("666","293","99","","6","1","31","0","0","0","186","2022-06-07 17:44:17","2022-06-07 17:44:17");
INSERT INTO product_sales VALUES("667","293","100","","4","1","28","0","0","0","112","2022-06-07 17:44:17","2022-06-07 17:44:17");
INSERT INTO product_sales VALUES("668","294","18","","2","1","70","0","0","0","140","2022-06-13 15:14:10","2022-06-13 15:14:10");
INSERT INTO product_sales VALUES("669","295","17","","2","1","85","0","0","0","170","2022-06-19 12:16:58","2022-06-19 12:16:58");
INSERT INTO product_sales VALUES("670","295","18","","5","1","70","0","0","0","350","2022-06-19 12:16:58","2022-06-19 12:16:58");
INSERT INTO product_sales VALUES("671","295","26","","3","1","35","0","0","0","105","2022-06-19 12:16:58","2022-06-19 12:16:58");
INSERT INTO product_sales VALUES("672","295","15","","2","1","90","0","0","0","180","2022-06-19 12:16:58","2022-06-19 12:16:58");
INSERT INTO product_sales VALUES("673","296","15","","4","1","90","0","0","0","360","2022-06-19 14:28:47","2022-06-19 14:28:47");
INSERT INTO product_sales VALUES("674","297","15","","4","1","90","0","0","0","360","2022-06-20 10:26:03","2022-06-20 10:26:03");
INSERT INTO product_sales VALUES("675","297","18","","4","1","70","0","0","0","280","2022-06-20 10:26:03","2022-06-20 10:26:03");
INSERT INTO product_sales VALUES("679","300","18","","4","1","70","0","0","0","280","2022-06-20 12:35:05","2022-06-20 12:35:05");
INSERT INTO product_sales VALUES("680","300","101","","4","1","10","0","0","0","40","2022-06-20 12:35:05","2022-06-20 12:35:05");
INSERT INTO product_sales VALUES("681","300","102","","6","1","12","0","0","0","72","2022-06-20 12:35:05","2022-06-20 12:35:05");
INSERT INTO product_sales VALUES("682","301","15","","1","1","90","0","0","0","90","2022-06-20 12:51:09","2022-06-20 12:51:09");
INSERT INTO product_sales VALUES("683","301","18","","8","1","70","0","0","0","560","2022-06-20 12:51:09","2022-06-20 12:51:09");
INSERT INTO product_sales VALUES("684","301","102","","6","1","15","0","0","0","90","2022-06-20 12:51:09","2022-06-20 12:51:09");
INSERT INTO product_sales VALUES("685","302","18","","4","1","70","0","0","0","280","2022-06-21 11:06:26","2022-06-21 11:06:26");
INSERT INTO product_sales VALUES("686","302","21","","6","1","19","0","0","0","114","2022-06-21 11:06:26","2022-06-21 11:06:26");
INSERT INTO product_sales VALUES("688","304","15","","1","1","90","0","0","0","90","2022-06-21 20:59:55","2022-06-21 20:59:55");
INSERT INTO product_sales VALUES("689","304","18","","2","1","70","0","0","0","140","2022-06-21 20:59:55","2022-06-21 20:59:55");
INSERT INTO product_sales VALUES("690","305","18","","5","1","70","0","0","0","350","2022-06-22 13:40:36","2022-06-22 13:40:36");
INSERT INTO product_sales VALUES("691","306","18","","10","1","70","0","0","0","700","2022-06-23 14:35:53","2022-06-23 14:35:53");
INSERT INTO product_sales VALUES("692","307","16","","4","1","300","0","0","0","1200","2022-06-27 09:45:31","2022-06-27 09:45:31");
INSERT INTO product_sales VALUES("693","308","16","","2","1","300","0","0","0","600","2022-06-27 12:25:37","2022-06-27 12:25:37");
INSERT INTO product_sales VALUES("694","308","18","","2","1","70","0","0","0","140","2022-06-27 12:25:37","2022-06-27 12:25:37");
INSERT INTO product_sales VALUES("698","311","16","","3","1","320","0","0","0","960","2022-07-02 19:43:00","2022-07-02 19:43:00");
INSERT INTO product_sales VALUES("699","311","18","","8","1","70","0","0","0","560","2022-07-02 19:43:00","2022-07-02 19:43:00");
INSERT INTO product_sales VALUES("700","311","101","","8","1","10","0","0","0","80","2022-07-02 19:43:00","2022-07-02 19:43:00");
INSERT INTO product_sales VALUES("701","311","102","","12","1","12","0","0","0","144","2022-07-02 19:43:00","2022-07-02 19:43:00");
INSERT INTO product_sales VALUES("704","313","18","","2","1","70","0","0","0","140","2022-07-06 16:10:04","2022-07-06 16:10:04");
INSERT INTO product_sales VALUES("705","314","15","","12","1","85","0","0","0","1020","2022-07-07 12:21:48","2022-07-07 12:21:48");
INSERT INTO product_sales VALUES("706","314","16","","2","1","300","0","0","0","600","2022-07-07 12:21:48","2022-07-07 12:21:48");
INSERT INTO product_sales VALUES("707","314","18","","5","1","65","0","0","0","325","2022-07-07 12:21:48","2022-07-07 12:21:48");
INSERT INTO product_sales VALUES("708","315","16","","5","1","300","0","0","0","1500","2022-07-07 12:27:22","2022-07-07 12:27:22");
INSERT INTO product_sales VALUES("709","315","15","","5","1","90","0","0","0","450","2022-07-07 12:27:22","2022-07-07 12:27:22");
INSERT INTO product_sales VALUES("710","315","18","","3","1","70","0","0","0","210","2022-07-07 12:27:22","2022-07-07 12:27:22");
INSERT INTO product_sales VALUES("711","316","15","","3","1","90","0","0","0","270","2022-07-13 11:09:02","2022-07-13 11:09:02");
INSERT INTO product_sales VALUES("720","321","15","","34","1","90","0","0","0","3060","2022-07-14 16:03:11","2022-07-14 16:03:11");
INSERT INTO product_sales VALUES("721","321","18","","30","1","70","0","0","0","2100","2022-07-14 16:03:11","2022-07-14 16:03:11");
INSERT INTO product_sales VALUES("730","326","15","","2","1","90","0","0","0","180","2022-07-17 15:49:57","2022-07-17 15:49:57");
INSERT INTO product_sales VALUES("731","326","18","","2","1","70","0","0","0","140","2022-07-17 15:49:57","2022-07-17 15:49:57");
INSERT INTO product_sales VALUES("732","327","15","","2","1","90","0","0","0","180","2022-07-21 16:21:11","2022-07-21 16:21:11");
INSERT INTO product_sales VALUES("733","327","68","","1","1","40","0","0","0","40","2022-07-21 16:21:11","2022-07-21 16:21:11");
INSERT INTO product_sales VALUES("734","327","23","","1","1","37","0","0","0","37","2022-07-21 16:21:11","2022-07-21 16:21:11");
INSERT INTO product_sales VALUES("735","328","16","","6","1","300","0","0","0","1800","2022-07-21 16:31:59","2022-07-21 16:31:59");
INSERT INTO product_sales VALUES("736","329","15","","8","1","90","0","0","0","720","2022-07-21 16:34:03","2022-07-21 16:34:03");
INSERT INTO product_sales VALUES("737","330","15","","4","1","90","0","0","0","360","2022-07-23 09:53:16","2022-07-23 09:53:16");
INSERT INTO product_sales VALUES("738","330","18","","4","1","70","0","0","0","280","2022-07-23 09:53:16","2022-07-23 09:53:16");
INSERT INTO product_sales VALUES("739","330","23","","1","1","38","0","0","0","38","2022-07-23 09:53:16","2022-07-23 09:53:16");
INSERT INTO product_sales VALUES("740","330","16","","1","1","300","0","0","0","300","2022-07-23 09:53:16","2022-07-23 09:53:16");
INSERT INTO product_sales VALUES("741","331","15","","3","1","90","0","0","0","270","2022-07-25 08:09:07","2022-07-25 08:09:07");
INSERT INTO product_sales VALUES("748","334","15","","15","1","90","0","0","0","1350","2022-07-27 06:27:37","2022-07-27 06:27:37");
INSERT INTO product_sales VALUES("749","334","18","","8","1","70","0","0","0","560","2022-07-27 06:27:37","2022-07-27 06:27:37");
INSERT INTO product_sales VALUES("750","334","16","","8","1","320","0","0","0","2560","2022-07-27 06:27:37","2022-07-27 06:27:37");
INSERT INTO product_sales VALUES("753","336","15","","4","1","90","0","0","0","360","2022-07-27 06:31:15","2022-07-27 06:31:15");
INSERT INTO product_sales VALUES("754","336","18","","2","1","70","0","0","0","140","2022-07-27 06:31:15","2022-07-27 06:31:15");
INSERT INTO product_sales VALUES("755","337","15","","1","1","90","0","0","0","90","2022-07-27 06:31:34","2022-07-27 06:31:34");
INSERT INTO product_sales VALUES("756","338","15","","3","1","90","0","0","0","270","2022-07-27 06:32:15","2022-07-27 06:32:15");
INSERT INTO product_sales VALUES("757","338","18","","3","1","70","0","0","0","210","2022-07-27 06:32:15","2022-07-27 06:32:15");
INSERT INTO product_sales VALUES("758","339","15","","4","1","90","0","0","0","360","2022-07-27 18:05:10","2022-07-27 18:05:10");
INSERT INTO product_sales VALUES("759","339","18","","1","1","70","0","0","0","70","2022-07-27 18:05:10","2022-07-27 18:05:10");
INSERT INTO product_sales VALUES("760","340","15","","5","1","90","0","0","0","450","2022-07-27 18:13:27","2022-07-27 18:13:27");
INSERT INTO product_sales VALUES("761","341","15","","6","1","90","0","0","0","540","2022-07-27 18:14:17","2022-07-27 18:14:17");
INSERT INTO product_sales VALUES("762","341","18","","1","1","70","0","0","0","70","2022-07-27 18:14:17","2022-07-27 18:14:17");
INSERT INTO product_sales VALUES("763","342","15","","2","1","90","0","0","0","180","2022-07-27 18:14:59","2022-07-27 18:14:59");
INSERT INTO product_sales VALUES("764","343","15","","1","1","90","0","0","0","90","2022-07-27 18:16:26","2022-07-27 18:16:26");
INSERT INTO product_sales VALUES("765","344","15","","2","1","90","0","0","0","180","2022-07-27 18:18:25","2022-07-27 18:18:25");
INSERT INTO product_sales VALUES("766","345","15","","2","1","90","0","0","0","180","2022-07-27 18:19:02","2022-07-27 18:19:02");
INSERT INTO product_sales VALUES("767","345","18","","1","1","70","0","0","0","70","2022-07-27 18:19:02","2022-07-27 18:19:02");
INSERT INTO product_sales VALUES("768","346","18","","2","1","70","0","0","0","140","2022-07-27 18:21:20","2022-07-27 18:21:20");
INSERT INTO product_sales VALUES("769","347","15","","3","1","85","0","0","0","255","2022-07-27 18:22:33","2022-07-27 18:22:33");
INSERT INTO product_sales VALUES("770","347","16","","1","1","280","0","0","0","280","2022-07-27 18:22:33","2022-07-27 18:22:33");
INSERT INTO product_sales VALUES("771","348","15","","1","1","90","0","0","0","90","2022-07-27 18:23:17","2022-07-27 18:23:17");
INSERT INTO product_sales VALUES("772","348","18","","1","1","70","0","0","0","70","2022-07-27 18:23:17","2022-07-27 18:23:17");
INSERT INTO product_sales VALUES("773","349","15","","6","1","90","0","0","0","540","2022-07-27 18:25:37","2022-07-27 18:25:37");
INSERT INTO product_sales VALUES("774","349","18","","6","1","70","0","0","0","420","2022-07-27 18:25:37","2022-07-27 18:25:37");
INSERT INTO product_sales VALUES("775","349","16","","4","1","280","0","0","0","1120","2022-07-27 18:25:37","2022-07-27 18:25:37");
INSERT INTO product_sales VALUES("776","350","15","","4","1","90","0","0","0","360","2022-07-27 18:27:36","2022-07-27 18:27:36");
INSERT INTO product_sales VALUES("777","350","18","","2","1","70","0","0","0","140","2022-07-27 18:27:36","2022-07-27 18:27:36");
INSERT INTO product_sales VALUES("778","351","18","","1","1","70","0","0","0","70","2022-07-27 18:28:10","2022-07-27 18:28:10");
INSERT INTO product_sales VALUES("779","352","15","","4","1","90","0","0","0","360","2022-07-27 18:29:57","2022-07-27 18:29:57");
INSERT INTO product_sales VALUES("780","353","15","","2","1","90","0","0","0","180","2022-07-27 18:32:13","2022-07-27 18:32:13");
INSERT INTO product_sales VALUES("781","354","15","","4","1","90","0","0","0","360","2022-07-28 19:08:14","2022-07-28 19:08:14");
INSERT INTO product_sales VALUES("782","355","15","","2","1","90","0","0","0","180","2022-07-28 19:18:31","2022-07-28 19:18:31");
INSERT INTO product_sales VALUES("783","355","18","","5","1","70","0","0","0","350","2022-07-28 19:18:31","2022-07-28 19:18:31");
INSERT INTO product_sales VALUES("784","356","18","","4","1","70","0","0","0","280","2022-07-28 19:19:11","2022-07-28 19:19:11");
INSERT INTO product_sales VALUES("785","357","15","","6","1","90","0","0","0","540","2022-07-28 19:20:19","2022-07-28 19:20:19");
INSERT INTO product_sales VALUES("786","357","16","","4","1","300","0","0","0","1200","2022-07-28 19:20:19","2022-07-28 19:20:19");
INSERT INTO product_sales VALUES("787","358","15","","1","1","90","0","0","0","90","2022-07-28 19:21:24","2022-07-28 19:21:24");
INSERT INTO product_sales VALUES("788","358","18","","1","1","70","0","0","0","70","2022-07-28 19:21:24","2022-07-28 19:21:24");
INSERT INTO product_sales VALUES("789","359","15","","4","1","81","0","0","0","324","2022-07-28 19:22:08","2022-07-28 19:22:08");
INSERT INTO product_sales VALUES("791","361","15","","11","1","90","0","0","0","990","2022-07-28 19:29:09","2022-07-28 19:29:09");
INSERT INTO product_sales VALUES("792","361","18","","8","1","70","0","0","0","560","2022-07-28 19:29:09","2022-07-28 19:29:09");
INSERT INTO product_sales VALUES("803","368","17","","14","1","100","0","0","0","1400","2022-07-31 12:04:38","2022-07-31 12:04:38");
INSERT INTO product_sales VALUES("804","368","16","","3","1","325","0","0","0","975","2022-07-31 12:04:38","2022-07-31 12:04:38");
INSERT INTO product_sales VALUES("806","370","15","","1","1","90","0","0","0","90","2022-07-31 19:12:23","2022-07-31 19:12:23");
INSERT INTO product_sales VALUES("807","370","18","","1","1","70","0","0","0","70","2022-07-31 19:12:23","2022-07-31 19:12:23");
INSERT INTO product_sales VALUES("808","371","15","","3","1","90","0","0","0","270","2022-07-31 19:13:04","2022-07-31 19:13:04");
INSERT INTO product_sales VALUES("809","371","17","","1","1","100","0","0","0","100","2022-07-31 19:13:04","2022-07-31 19:13:04");
INSERT INTO product_sales VALUES("810","371","18","","1","1","70","0","0","0","70","2022-07-31 19:13:04","2022-07-31 19:13:04");
INSERT INTO product_sales VALUES("811","372","15","","1","1","90","0","0","0","90","2022-07-31 19:13:50","2022-07-31 19:13:50");
INSERT INTO product_sales VALUES("812","372","18","","4","1","70","0","0","0","280","2022-07-31 19:13:50","2022-07-31 19:13:50");
INSERT INTO product_sales VALUES("813","372","17","","1","1","100","0","0","0","100","2022-07-31 19:13:50","2022-07-31 19:13:50");
INSERT INTO product_sales VALUES("814","373","18","","2","1","70","0","0","0","140","2022-07-31 19:14:25","2022-07-31 19:14:25");
INSERT INTO product_sales VALUES("815","374","17","","6","1","100","0","0","0","600","2022-08-01 09:00:33","2022-08-01 09:00:33");
INSERT INTO product_sales VALUES("816","375","17","","12","1","100","0","0","0","1200","2022-08-01 09:06:56","2022-08-01 09:06:56");
INSERT INTO product_sales VALUES("822","378","15","","9","1","90","0","0","0","810","2022-08-03 09:44:11","2022-08-03 09:44:11");
INSERT INTO product_sales VALUES("823","378","17","","10","1","100","0","0","0","1000","2022-08-03 09:44:11","2022-08-03 09:44:11");
INSERT INTO product_sales VALUES("827","380","15","","2","1","90","0","0","0","180","2022-08-03 19:12:01","2022-08-03 19:12:01");
INSERT INTO product_sales VALUES("828","380","18","","1","1","70","0","0","0","70","2022-08-03 19:12:01","2022-08-03 19:12:01");
INSERT INTO product_sales VALUES("829","381","15","","1","1","90","0","0","0","90","2022-08-03 19:12:40","2022-08-03 19:12:40");
INSERT INTO product_sales VALUES("830","381","17","","1","1","100","0","0","0","100","2022-08-03 19:12:40","2022-08-03 19:12:40");
INSERT INTO product_sales VALUES("831","381","18","","1","1","70","0","0","0","70","2022-08-03 19:12:40","2022-08-03 19:12:40");
INSERT INTO product_sales VALUES("832","382","15","","1","1","90","0","0","0","90","2022-08-03 19:13:24","2022-08-03 19:13:24");
INSERT INTO product_sales VALUES("833","382","17","","2","1","100","0","0","0","200","2022-08-03 19:13:24","2022-08-03 19:13:24");
INSERT INTO product_sales VALUES("836","384","15","","1","1","90","0","0","0","90","2022-08-04 10:05:11","2022-08-04 10:05:11");
INSERT INTO product_sales VALUES("837","384","17","","9","1","100","0","0","0","900","2022-08-04 10:05:11","2022-08-04 10:05:11");
INSERT INTO product_sales VALUES("838","385","15","","4","1","90","0","0","0","360","2022-08-04 11:14:24","2022-08-04 11:14:24");
INSERT INTO product_sales VALUES("839","385","17","","5","1","100","0","0","0","500","2022-08-04 11:14:24","2022-08-04 11:14:24");
INSERT INTO product_sales VALUES("840","386","17","","120","1","100","0","0","0","12000","2022-08-04 12:47:20","2022-08-04 12:47:20");
INSERT INTO product_sales VALUES("841","387","18","","1","1","70","0","0","0","70","2022-08-10 08:29:02","2022-08-10 08:29:02");
INSERT INTO product_sales VALUES("842","388","18","","1","1","70","0","0","0","70","2022-08-10 08:29:02","2022-08-10 08:29:02");
INSERT INTO product_sales VALUES("843","389","18","","5","1","70","0","0","0","350","2022-08-10 08:34:51","2022-08-10 08:34:51");
INSERT INTO product_sales VALUES("845","391","17","","3","1","100","0","0","0","300","2022-08-10 08:36:17","2022-08-10 08:36:17");
INSERT INTO product_sales VALUES("849","393","18","","14","1","70","0","0","0","980","2022-08-10 14:54:28","2022-08-10 14:54:28");
INSERT INTO product_sales VALUES("854","395","15","","2","1","90","0","0","0","180","2022-08-11 13:51:27","2022-08-11 13:51:27");
INSERT INTO product_sales VALUES("855","396","16","","4","1","290","0","0","0","1160","2022-08-11 14:01:14","2022-08-11 14:01:14");
INSERT INTO product_sales VALUES("856","396","17","","12","1","100","0","0","0","1200","2022-08-11 14:01:14","2022-08-11 14:01:14");
INSERT INTO product_sales VALUES("857","396","18","","10","1","70","0","0","0","700","2022-08-11 14:01:14","2022-08-11 14:01:14");
INSERT INTO product_sales VALUES("858","396","15","","2","1","90","0","0","0","180","2022-08-11 14:01:14","2022-08-11 14:01:14");
INSERT INTO product_sales VALUES("859","397","15","","4","1","90","0","0","0","360","2022-08-13 13:15:00","2022-08-13 13:15:00");
INSERT INTO product_sales VALUES("860","397","23","","1","1","37","0","0","0","37","2022-08-13 13:15:00","2022-08-13 13:15:00");
INSERT INTO product_sales VALUES("861","398","15","","13","1","90","0","0","0","1170","2022-08-13 13:20:15","2022-08-13 13:20:15");
INSERT INTO product_sales VALUES("862","398","16","","4","1","300","0","0","0","1200","2022-08-13 13:20:15","2022-08-13 13:20:15");
INSERT INTO product_sales VALUES("863","398","17","","12","1","100","0","0","0","1200","2022-08-13 13:20:15","2022-08-13 13:20:15");
INSERT INTO product_sales VALUES("864","398","18","","12","1","70","0","0","0","840","2022-08-13 13:20:15","2022-08-13 13:20:15");
INSERT INTO product_sales VALUES("865","399","15","","5","1","90","0","0","0","450","2022-08-13 13:52:21","2022-08-13 13:52:21");
INSERT INTO product_sales VALUES("866","399","18","","1","1","70","0","0","0","70","2022-08-13 13:52:21","2022-08-13 13:52:21");
INSERT INTO product_sales VALUES("867","399","68","","1","1","30","0","0","0","30","2022-08-13 13:52:21","2022-08-13 13:52:21");
INSERT INTO product_sales VALUES("868","399","49","","4","1","25","0","0","0","100","2022-08-13 13:52:21","2022-08-13 13:52:21");
INSERT INTO product_sales VALUES("869","399","73","","2","1","55","0","0","0","110","2022-08-13 13:52:21","2022-08-13 13:52:21");
INSERT INTO product_sales VALUES("870","399","21","","4","1","18","0","0","0","72","2022-08-13 13:52:21","2022-08-13 13:52:21");
INSERT INTO product_sales VALUES("871","400","17","","10","1","100","0","0","0","1000","2022-08-13 17:13:07","2022-08-13 17:13:07");
INSERT INTO product_sales VALUES("872","401","18","","1","1","70","0","0","0","70","2022-08-13 18:39:04","2022-08-13 18:39:04");
INSERT INTO product_sales VALUES("873","402","15","","8","1","90","0","0","0","720","2022-08-14 12:31:05","2022-08-14 12:31:05");
INSERT INTO product_sales VALUES("874","403","15","","4","1","90","0","0","0","360","2022-08-14 14:06:18","2022-08-14 14:06:18");
INSERT INTO product_sales VALUES("875","403","17","","16","1","100","0","0","0","1600","2022-08-14 14:06:18","2022-08-14 14:06:18");
INSERT INTO product_sales VALUES("876","403","18","","8","1","70","0","0","0","560","2022-08-14 14:06:18","2022-08-14 14:06:18");
INSERT INTO product_sales VALUES("877","404","17","","5","1","100","0","0","0","500","2022-08-15 10:52:03","2022-08-15 10:52:03");
INSERT INTO product_sales VALUES("878","405","15","","10","1","90","0","0","0","900","2022-08-16 10:36:50","2022-08-16 10:36:50");
INSERT INTO product_sales VALUES("879","405","17","","10","1","100","0","0","0","1000","2022-08-16 10:36:50","2022-08-16 10:36:50");
INSERT INTO product_sales VALUES("880","405","18","","5","1","70","0","0","0","350","2022-08-16 10:36:50","2022-08-16 10:36:50");
INSERT INTO product_sales VALUES("881","406","15","","10","1","90","0","0","0","900","2022-08-16 11:02:53","2022-08-16 11:02:53");
INSERT INTO product_sales VALUES("882","406","17","","10","1","100","0","0","0","1000","2022-08-16 11:02:53","2022-08-16 11:02:53");
INSERT INTO product_sales VALUES("883","406","18","","5","1","70","0","0","0","350","2022-08-16 11:02:53","2022-08-16 11:02:53");
INSERT INTO product_sales VALUES("884","407","15","","5","1","90","0","0","0","450","2022-08-17 09:45:48","2022-08-17 09:45:48");
INSERT INTO product_sales VALUES("885","408","15","","3","1","90","0","0","0","270","2022-08-17 10:29:44","2022-08-17 10:29:44");
INSERT INTO product_sales VALUES("886","409","15","","3","1","90","0","0","0","270","2022-08-18 10:58:04","2022-08-18 10:58:04");
INSERT INTO product_sales VALUES("887","409","17","","2","1","100","0","0","0","200","2022-08-18 10:58:04","2022-08-18 10:58:04");
INSERT INTO product_sales VALUES("888","409","23","","3","1","35","0","0","0","105","2022-08-18 10:58:04","2022-08-18 10:58:04");
INSERT INTO product_sales VALUES("889","409","22","","2","1","30","0","0","0","60","2022-08-18 10:58:04","2022-08-18 10:58:04");
INSERT INTO product_sales VALUES("890","410","15","","12","1","90","0","0","0","1080","2022-08-20 12:12:34","2022-08-20 12:12:34");
INSERT INTO product_sales VALUES("891","410","17","","10","1","100","0","0","0","1000","2022-08-20 12:12:34","2022-08-20 12:12:34");
INSERT INTO product_sales VALUES("892","411","17","","7","1","100","0","0","0","700","2022-08-21 16:56:48","2022-08-21 16:56:48");
INSERT INTO product_sales VALUES("893","412","17","","5","1","100","0","0","0","500","2022-08-22 12:44:36","2022-08-22 12:44:36");
INSERT INTO product_sales VALUES("895","414","15","","6","1","90","0","0","0","540","2022-08-22 14:35:10","2022-08-22 14:35:10");
INSERT INTO product_sales VALUES("897","416","18","","4","1","70","0","0","0","280","2022-08-22 14:42:51","2022-08-22 14:42:51");
INSERT INTO product_sales VALUES("898","417","18","","10","1","70","0","0","0","700","2022-08-22 16:16:52","2022-08-22 16:16:52");
INSERT INTO product_sales VALUES("899","418","15","","4","1","90","0","0","0","360","2022-08-23 10:38:56","2022-08-23 10:38:56");
INSERT INTO product_sales VALUES("900","418","18","","2","1","70","0","0","0","140","2022-08-23 10:38:56","2022-08-23 10:38:56");
INSERT INTO product_sales VALUES("901","419","15","","6","1","90","0","0","0","540","2022-08-24 10:18:28","2022-08-24 10:18:28");
INSERT INTO product_sales VALUES("902","420","15","","12","1","90","0","0","0","1080","2022-08-24 10:25:53","2022-08-24 10:25:53");
INSERT INTO product_sales VALUES("910","424","15","","4","1","90","0","0","0","360","2022-08-25 14:08:30","2022-08-25 14:08:30");
INSERT INTO product_sales VALUES("911","424","18","","8","1","70","0","0","0","560","2022-08-25 14:08:30","2022-08-25 14:08:30");
INSERT INTO product_sales VALUES("914","426","18","","3","1","70","0","0","0","210","2022-08-25 15:34:38","2022-08-25 15:34:38");
INSERT INTO product_sales VALUES("919","429","15","","10","1","90","0","0","0","900","2022-08-28 12:59:00","2022-08-28 12:59:00");
INSERT INTO product_sales VALUES("920","430","15","","5","1","90","0","0","0","450","2022-08-29 13:28:45","2022-08-29 13:28:45");
INSERT INTO product_sales VALUES("921","430","31","","5","1","50","0","0","0","250","2022-08-29 13:28:45","2022-08-29 13:28:45");
INSERT INTO product_sales VALUES("925","432","15","","2","1","90","0","0","0","180","2022-08-31 09:53:33","2022-08-31 09:53:33");
INSERT INTO product_sales VALUES("926","432","17","","3","1","100","0","0","0","300","2022-08-31 09:53:33","2022-08-31 09:53:33");
INSERT INTO product_sales VALUES("927","432","18","","2","1","70","0","0","0","140","2022-08-31 09:53:33","2022-08-31 09:53:33");
INSERT INTO product_sales VALUES("928","433","15","","50","1","90","0","0","0","4500","2022-09-03 12:15:54","2022-09-03 12:15:54");
INSERT INTO product_sales VALUES("929","434","17","","6","1","100","0","0","0","600","2022-09-06 18:00:03","2022-09-06 18:00:03");
INSERT INTO product_sales VALUES("930","435","17","","4","1","100","0","0","0","400","2022-09-06 18:00:54","2022-09-06 18:00:54");
INSERT INTO product_sales VALUES("931","435","18","","1","1","70","0","0","0","70","2022-09-06 18:00:54","2022-09-06 18:00:54");
INSERT INTO product_sales VALUES("932","436","15","","2","1","90","0","0","0","180","2022-09-06 18:15:00","2022-09-06 18:15:00");
INSERT INTO product_sales VALUES("933","436","17","","2","1","100","0","0","0","200","2022-09-06 18:15:00","2022-09-06 18:15:00");
INSERT INTO product_sales VALUES("934","436","18","","3","1","70","0","0","0","210","2022-09-06 18:15:00","2022-09-06 18:15:00");
INSERT INTO product_sales VALUES("935","437","15","","1","1","90","0","0","0","90","2022-09-06 18:15:30","2022-09-06 18:15:30");
INSERT INTO product_sales VALUES("936","437","17","","1","1","100","0","0","0","100","2022-09-06 18:15:30","2022-09-06 18:15:30");
INSERT INTO product_sales VALUES("937","437","18","","1","1","70","0","0","0","70","2022-09-06 18:15:30","2022-09-06 18:15:30");
INSERT INTO product_sales VALUES("938","438","18","","2","1","70","0","0","0","140","2022-09-06 18:16:17","2022-09-06 18:16:17");
INSERT INTO product_sales VALUES("939","438","15","","3","1","90","0","0","0","270","2022-09-06 18:16:17","2022-09-06 18:16:17");
INSERT INTO product_sales VALUES("940","438","17","","2","1","100","0","0","0","200","2022-09-06 18:16:17","2022-09-06 18:16:17");
INSERT INTO product_sales VALUES("941","439","17","","1","1","100","0","0","0","100","2022-09-06 18:17:12","2022-09-06 18:17:12");
INSERT INTO product_sales VALUES("942","440","17","","2","1","100","0","0","0","200","2022-09-10 09:02:20","2022-09-10 09:02:20");
INSERT INTO product_sales VALUES("943","440","15","","2","1","90","0","0","0","180","2022-09-10 09:02:20","2022-09-10 09:02:20");
INSERT INTO product_sales VALUES("944","441","15","","1","1","90","0","0","0","90","2022-09-10 09:04:44","2022-09-10 09:04:44");
INSERT INTO product_sales VALUES("945","441","17","","1","1","100","0","0","0","100","2022-09-10 09:04:44","2022-09-10 09:04:44");
INSERT INTO product_sales VALUES("946","442","15","","2","1","90","0","0","0","180","2022-09-10 09:38:06","2022-09-10 09:38:06");
INSERT INTO product_sales VALUES("947","442","18","","2","1","70","0","0","0","140","2022-09-10 09:38:06","2022-09-10 09:38:06");
INSERT INTO product_sales VALUES("948","443","15","","2","1","90","0","0","0","180","2022-09-10 12:32:40","2022-09-10 12:32:40");
INSERT INTO product_sales VALUES("949","444","15","","7","1","90","0","0","0","630","2022-09-11 13:44:04","2022-09-11 13:44:04");
INSERT INTO product_sales VALUES("950","444","17","","7","1","100","0","0","0","700","2022-09-11 13:44:04","2022-09-11 13:44:04");
INSERT INTO product_sales VALUES("954","446","17","","1","1","100","0","0","0","100","2022-09-13 17:21:29","2022-09-13 17:21:29");
INSERT INTO product_sales VALUES("955","447","17","","5","1","90","0","0","0","450","2022-09-13 17:22:45","2022-09-13 17:22:45");
INSERT INTO product_sales VALUES("956","448","15","","2","1","85","0","0","0","170","2022-09-14 07:44:36","2022-09-14 07:44:36");
INSERT INTO product_sales VALUES("957","448","17","","2","1","95","0","0","0","190","2022-09-14 07:44:36","2022-09-14 07:44:36");
INSERT INTO product_sales VALUES("958","448","18","","2","1","65","0","0","0","130","2022-09-14 07:44:36","2022-09-14 07:44:36");
INSERT INTO product_sales VALUES("959","449","17","","2","1","100","0","0","0","200","2022-09-14 07:47:25","2022-09-14 07:47:25");
INSERT INTO product_sales VALUES("960","450","17","","1","1","95","0","0","0","95","2022-09-14 08:09:46","2022-09-14 08:09:46");
INSERT INTO product_sales VALUES("961","451","17","","3","1","90","0","0","0","270","2022-09-14 08:11:49","2022-09-14 08:11:49");
INSERT INTO product_sales VALUES("962","451","18","","1","1","65","0","0","0","65","2022-09-14 08:11:49","2022-09-14 08:11:49");
INSERT INTO product_sales VALUES("963","451","15","","1","1","85","0","0","0","85","2022-09-14 08:11:49","2022-09-14 08:11:49");
INSERT INTO product_sales VALUES("964","452","17","","4","1","90","0","0","0","360","2022-09-14 08:14:02","2022-09-14 08:14:02");
INSERT INTO product_sales VALUES("965","452","15","","2","1","80","0","0","0","160","2022-09-14 08:14:02","2022-09-14 08:14:02");
INSERT INTO product_sales VALUES("966","453","15","","2","1","85","0","0","0","170","2022-09-14 08:16:41","2022-09-14 08:16:41");
INSERT INTO product_sales VALUES("967","454","17","","2","1","100","0","0","0","200","2022-09-14 17:43:05","2022-09-14 17:43:05");
INSERT INTO product_sales VALUES("968","455","17","","5","1","100","0","0","0","500","2022-09-14 17:51:06","2022-09-14 17:51:06");
INSERT INTO product_sales VALUES("969","456","15","","3","1","90","0","0","0","270","2022-09-14 17:53:24","2022-09-14 17:53:24");
INSERT INTO product_sales VALUES("970","456","17","","1","1","100","0","0","0","100","2022-09-14 17:53:24","2022-09-14 17:53:24");
INSERT INTO product_sales VALUES("971","456","18","","1","1","70","0","0","0","70","2022-09-14 17:53:25","2022-09-14 17:53:25");
INSERT INTO product_sales VALUES("972","457","15","","1","1","90","0","0","0","90","2022-09-14 17:54:22","2022-09-14 17:54:22");
INSERT INTO product_sales VALUES("973","457","17","","1","1","100","0","0","0","100","2022-09-14 17:54:22","2022-09-14 17:54:22");
INSERT INTO product_sales VALUES("974","458","17","","2","1","100","0","0","0","200","2022-09-14 17:57:15","2022-09-14 17:57:15");
INSERT INTO product_sales VALUES("975","458","15","","1","1","90","0","0","0","90","2022-09-14 17:57:15","2022-09-14 17:57:15");
INSERT INTO product_sales VALUES("976","459","15","","3","1","90","0","0","0","270","2022-09-14 17:59:55","2022-09-14 17:59:55");
INSERT INTO product_sales VALUES("977","460","15","","2","1","90","0","0","0","180","2022-09-15 20:26:45","2022-09-15 20:26:45");
INSERT INTO product_sales VALUES("978","460","17","","3","1","100","0","0","0","300","2022-09-15 20:26:45","2022-09-15 20:26:45");
INSERT INTO product_sales VALUES("979","460","18","","3","1","70","0","0","0","210","2022-09-15 20:26:45","2022-09-15 20:26:45");
INSERT INTO product_sales VALUES("984","462","15","","5","1","80","0","0","0","400","2022-09-20 13:57:17","2022-09-20 13:57:17");
INSERT INTO product_sales VALUES("985","462","17","","1","1","95","0","0","0","95","2022-09-20 13:57:17","2022-09-20 13:57:17");
INSERT INTO product_sales VALUES("986","463","16","","1","1","300","0","0","0","300","2022-09-21 10:35:16","2022-09-21 10:35:16");
INSERT INTO product_sales VALUES("987","463","17","","1","1","100","0","0","0","100","2022-09-21 10:35:16","2022-09-21 10:35:16");
INSERT INTO product_sales VALUES("988","463","15","","3","1","90","0","0","0","270","2022-09-21 10:35:16","2022-09-21 10:35:16");
INSERT INTO product_sales VALUES("989","463","103","","1","1","35","0","0","0","35","2022-09-21 10:35:16","2022-09-21 10:35:16");
INSERT INTO product_sales VALUES("991","465","15","","2","1","90","0","0","0","180","2022-09-21 10:36:45","2022-09-21 10:36:45");
INSERT INTO product_sales VALUES("996","468","15","","9","1","90","0","0","0","810","2022-09-21 15:19:19","2022-09-21 15:19:19");
INSERT INTO product_sales VALUES("997","469","15","","7","1","80","0","0","0","560","2022-09-21 15:27:21","2022-09-21 15:27:21");
INSERT INTO product_sales VALUES("998","469","16","","5","1","275","0","0","0","1375","2022-09-21 15:27:21","2022-09-21 15:27:21");
INSERT INTO product_sales VALUES("999","469","17","","6","1","85","0","0","0","510","2022-09-21 15:27:21","2022-09-21 15:27:21");
INSERT INTO product_sales VALUES("1000","469","103","","14","1","30","0","0","0","420","2022-09-21 15:27:21","2022-09-21 15:27:21");
INSERT INTO product_sales VALUES("1003","472","15","","19","1","80","0","0","0","1520","2022-09-22 11:09:00","2022-09-22 11:09:00");
INSERT INTO product_sales VALUES("1004","473","15","","2","1","90","0","0","0","180","2022-09-22 15:39:01","2022-09-22 15:39:01");
INSERT INTO product_sales VALUES("1005","474","15","","4","1","85","0","0","0","340","2022-09-22 15:41:59","2022-09-22 15:41:59");
INSERT INTO product_sales VALUES("1006","474","18","","1","1","70","0","0","0","70","2022-09-22 15:41:59","2022-09-22 15:41:59");
INSERT INTO product_sales VALUES("1007","474","103","","3","1","40","0","0","0","120","2022-09-22 15:41:59","2022-09-22 15:41:59");
INSERT INTO product_sales VALUES("1011","476","15","","25","1","80","0","0","0","2000","2022-09-24 09:07:47","2022-09-24 09:07:47");
INSERT INTO product_sales VALUES("1012","476","103","","15","1","30","0","0","0","450","2022-09-24 09:07:47","2022-09-24 09:07:47");
INSERT INTO product_sales VALUES("1013","476","17","","8","1","90","0","0","0","720","2022-09-24 09:07:47","2022-09-24 09:07:47");
INSERT INTO product_sales VALUES("1014","476","16","","2","1","275","0","0","0","550","2022-09-24 09:07:47","2022-09-24 09:07:47");
INSERT INTO product_sales VALUES("1015","476","20","","1","1","250","0","0","0","250","2022-09-24 09:07:47","2022-09-24 09:07:47");
INSERT INTO product_sales VALUES("1016","477","15","","4","1","90","0","0","0","360","2022-09-24 10:15:26","2022-09-24 10:15:26");
INSERT INTO product_sales VALUES("1017","477","103","","6","1","35","0","0","0","210","2022-09-24 10:15:26","2022-09-24 10:15:26");
INSERT INTO product_sales VALUES("1018","477","17","","2","1","95","0","0","0","190","2022-09-24 10:15:26","2022-09-24 10:15:26");
INSERT INTO product_sales VALUES("1019","478","15","","1","1","90","0","0","0","90","2022-09-25 11:52:05","2022-09-25 11:52:05");
INSERT INTO product_sales VALUES("1020","479","18","","1","1","65","0","0","0","65","2022-09-25 11:54:35","2022-09-25 11:54:35");
INSERT INTO product_sales VALUES("1021","479","103","","3","1","35","0","0","0","105","2022-09-25 11:54:35","2022-09-25 11:54:35");
INSERT INTO product_sales VALUES("1022","479","15","","1","1","85","0","0","0","85","2022-09-25 11:54:35","2022-09-25 11:54:35");
INSERT INTO product_sales VALUES("1023","480","15","","8","1","90","0","0","0","720","2022-09-26 10:05:31","2022-09-26 10:05:31");
INSERT INTO product_sales VALUES("1024","481","15","","1","1","90","0","0","0","90","2022-09-26 10:12:21","2022-09-26 10:12:21");
INSERT INTO product_sales VALUES("1025","481","17","","1","1","100","0","0","0","100","2022-09-26 10:12:21","2022-09-26 10:12:21");
INSERT INTO product_sales VALUES("1026","482","15","","3","1","90","0","0","0","270","2022-09-29 10:46:19","2022-09-29 10:46:19");
INSERT INTO product_sales VALUES("1027","482","17","","3","1","100","0","0","0","300","2022-09-29 10:46:19","2022-09-29 10:46:19");
INSERT INTO product_sales VALUES("1028","482","18","","2","1","65","0","0","0","130","2022-09-29 10:46:19","2022-09-29 10:46:19");
INSERT INTO product_sales VALUES("1029","482","103","","5","1","35","0","0","0","175","2022-09-29 10:46:19","2022-09-29 10:46:19");
INSERT INTO product_sales VALUES("1030","482","16","","1","1","300","0","0","0","300","2022-09-29 10:46:19","2022-09-29 10:46:19");
INSERT INTO product_sales VALUES("1031","483","17","","5","1","85","0","0","0","425","2022-09-29 11:52:38","2022-09-29 11:52:38");
INSERT INTO product_sales VALUES("1032","484","17","","4","1","95","0","0","0","380","2022-09-29 14:08:36","2022-09-29 14:08:36");
INSERT INTO product_sales VALUES("1033","485","15","","7","1","90","0","0","0","630","2022-10-03 19:13:49","2022-10-03 19:13:49");
INSERT INTO product_sales VALUES("1034","485","18","","3","1","70","0","0","0","210","2022-10-03 19:13:49","2022-10-03 19:13:49");
INSERT INTO product_sales VALUES("1035","486","17","","3","1","100","0","0","0","300","2022-10-03 19:15:20","2022-10-03 19:15:20");
INSERT INTO product_sales VALUES("1036","486","15","","5","1","90","0","0","0","450","2022-10-03 19:15:20","2022-10-03 19:15:20");
INSERT INTO product_sales VALUES("1037","487","16","","1","1","290","0","0","0","290","2022-10-03 19:21:32","2022-10-03 19:21:32");
INSERT INTO product_sales VALUES("1038","487","17","","3","1","95","0","0","0","285","2022-10-03 19:21:32","2022-10-03 19:21:32");
INSERT INTO product_sales VALUES("1039","487","15","","4","1","90","0","0","0","360","2022-10-03 19:21:32","2022-10-03 19:21:32");
INSERT INTO product_sales VALUES("1040","487","103","","5","1","35","0","0","0","175","2022-10-03 19:21:32","2022-10-03 19:21:32");
INSERT INTO product_sales VALUES("1041","488","15","","71","1","81","0","0","0","5751","2022-10-03 19:33:33","2022-10-03 19:33:33");
INSERT INTO product_sales VALUES("1042","488","18","","70","1","63","0","0","0","4410","2022-10-03 19:33:33","2022-10-03 19:33:33");
INSERT INTO product_sales VALUES("1043","489","15","","57","1","75","0","0","0","4275","2022-10-03 19:35:18","2022-10-03 19:35:18");
INSERT INTO product_sales VALUES("1044","490","103","","4","1","35","0","0","0","140","2022-10-03 19:42:05","2022-10-03 19:42:05");
INSERT INTO product_sales VALUES("1045","490","15","","1","1","85","0","0","0","85","2022-10-03 19:42:05","2022-10-03 19:42:05");
INSERT INTO product_sales VALUES("1046","490","16","","1","1","300","0","0","0","300","2022-10-03 19:42:05","2022-10-03 19:42:05");
INSERT INTO product_sales VALUES("1047","491","15","","2","1","90","0","0","0","180","2022-10-04 10:47:17","2022-10-04 10:47:17");
INSERT INTO product_sales VALUES("1048","491","17","","3","1","100","0","0","0","300","2022-10-04 10:47:17","2022-10-04 10:47:17");
INSERT INTO product_sales VALUES("1049","492","15","","3","1","90","0","0","0","270","2022-10-04 10:50:32","2022-10-04 10:50:32");
INSERT INTO product_sales VALUES("1050","492","18","","1","1","70","0","0","0","70","2022-10-04 10:50:32","2022-10-04 10:50:32");
INSERT INTO product_sales VALUES("1051","492","17","","2","1","100","0","0","0","200","2022-10-04 10:50:32","2022-10-04 10:50:32");
INSERT INTO product_sales VALUES("1053","494","16","","2","1","300","0","0","0","600","2022-10-04 10:53:43","2022-10-04 10:53:43");
INSERT INTO product_sales VALUES("1057","496","15","","4","1","90","0","0","0","360","2022-10-04 13:55:43","2022-10-04 13:55:43");
INSERT INTO product_sales VALUES("1058","496","17","","5","1","100","0","0","0","500","2022-10-04 13:55:43","2022-10-04 13:55:43");
INSERT INTO product_sales VALUES("1059","497","15","","5","1","90","0","0","0","450","2022-10-04 13:59:20","2022-10-04 13:59:20");
INSERT INTO product_sales VALUES("1060","497","17","","5","1","100","0","0","0","500","2022-10-04 13:59:20","2022-10-04 13:59:20");
INSERT INTO product_sales VALUES("1061","497","103","","5","1","40","0","0","0","200","2022-10-04 13:59:20","2022-10-04 13:59:20");
INSERT INTO product_sales VALUES("1062","498","15","","1","1","90","0","0","0","90","2022-10-05 09:25:17","2022-10-05 09:25:17");
INSERT INTO product_sales VALUES("1063","498","17","","2","1","100","0","0","0","200","2022-10-05 09:25:17","2022-10-05 09:25:17");
INSERT INTO product_sales VALUES("1064","499","15","","3","1","90","0","0","0","270","2022-10-05 10:57:41","2022-10-05 10:57:41");
INSERT INTO product_sales VALUES("1065","499","17","","3","1","100","0","0","0","300","2022-10-05 10:57:41","2022-10-05 10:57:41");
INSERT INTO product_sales VALUES("1066","500","15","","2","1","90","0","0","0","180","2022-10-05 13:16:42","2022-10-05 13:16:42");
INSERT INTO product_sales VALUES("1072","503","17","","6","1","100","0","0","0","600","2022-10-05 14:25:14","2022-10-05 14:25:14");
INSERT INTO product_sales VALUES("1073","503","16","","1","1","300","0","0","0","300","2022-10-05 14:25:14","2022-10-05 14:25:14");
INSERT INTO product_sales VALUES("1074","504","16","","1","1","300","0","0","0","300","2022-10-05 14:27:47","2022-10-05 14:27:47");
INSERT INTO product_sales VALUES("1075","504","15","","11","1","90","0","0","0","990","2022-10-05 14:27:47","2022-10-05 14:27:47");
INSERT INTO product_sales VALUES("1076","504","17","","6","1","100","0","0","0","600","2022-10-05 14:27:47","2022-10-05 14:27:47");
INSERT INTO product_sales VALUES("1077","504","18","","3","1","70","0","0","0","210","2022-10-05 14:27:47","2022-10-05 14:27:47");
INSERT INTO product_sales VALUES("1078","505","15","","6","1","80","0","0","0","480","2022-10-06 08:59:13","2022-10-06 08:59:13");
INSERT INTO product_sales VALUES("1079","505","17","","6","1","90","0","0","0","540","2022-10-06 08:59:13","2022-10-06 08:59:13");
INSERT INTO product_sales VALUES("1081","507","17","","1","1","100","0","0","0","100","2022-10-06 11:59:42","2022-10-06 11:59:42");
INSERT INTO product_sales VALUES("1082","508","15","","4","1","90","0","0","0","360","2022-10-06 12:24:46","2022-10-06 12:24:46");
INSERT INTO product_sales VALUES("1083","508","16","","1","1","290","0","0","0","290","2022-10-06 12:24:46","2022-10-06 12:24:46");
INSERT INTO product_sales VALUES("1084","509","17","","4","1","90","0","0","0","360","2022-10-06 14:10:02","2022-10-06 14:10:02");
INSERT INTO product_sales VALUES("1085","510","15","","2","1","80","0","0","0","160","2022-10-06 15:59:43","2022-10-06 15:59:43");
INSERT INTO product_sales VALUES("1086","510","17","","2","1","90","0","0","0","180","2022-10-06 15:59:43","2022-10-06 15:59:43");
INSERT INTO product_sales VALUES("1087","510","16","","1","1","300","0","0","0","300","2022-10-06 15:59:43","2022-10-06 15:59:43");
INSERT INTO product_sales VALUES("1088","511","15","","6","1","90","0","0","0","540","2022-10-07 13:56:27","2022-10-07 13:56:27");
INSERT INTO product_sales VALUES("1089","512","15","","9","1","90","0","0","0","810","2022-10-08 08:43:25","2022-10-08 08:43:25");
INSERT INTO product_sales VALUES("1090","512","17","","7","1","95","0","0","0","665","2022-10-08 08:43:25","2022-10-08 08:43:25");
INSERT INTO product_sales VALUES("1091","512","103","","10","1","35","0","0","0","350","2022-10-08 08:43:25","2022-10-08 08:43:25");
INSERT INTO product_sales VALUES("1092","513","15","","5","1","90","0","0","0","450","2022-10-08 13:40:58","2022-10-08 13:40:58");
INSERT INTO product_sales VALUES("1093","514","15","","2","1","90","0","0","0","180","2022-10-08 17:29:05","2022-10-08 17:29:05");
INSERT INTO product_sales VALUES("1094","515","15","","3","1","90","0","0","0","270","2022-10-09 09:03:40","2022-10-09 09:03:40");
INSERT INTO product_sales VALUES("1095","515","17","","4","1","100","0","0","0","400","2022-10-09 09:03:40","2022-10-09 09:03:40");
INSERT INTO product_sales VALUES("1096","516","15","","1","1","90","0","0","0","90","2022-10-09 12:50:23","2022-10-09 12:50:23");
INSERT INTO product_sales VALUES("1097","517","15","","8","1","90","0","0","0","720","2022-10-10 13:31:28","2022-10-10 13:31:28");
INSERT INTO product_sales VALUES("1098","518","15","","3","1","90","0","0","0","270","2022-10-11 09:22:47","2022-10-11 09:22:47");
INSERT INTO product_sales VALUES("1099","519","15","","8","1","85","0","0","0","680","2022-10-11 10:17:30","2022-10-11 10:17:30");
INSERT INTO product_sales VALUES("1100","520","17","","6","1","100","0","0","0","600","2022-10-12 10:42:10","2022-10-12 10:42:10");
INSERT INTO product_sales VALUES("1101","521","103","","1","1","35","0","0","0","35","2022-10-12 12:11:28","2022-10-12 12:11:28");
INSERT INTO product_sales VALUES("1102","521","15","","3","1","90","0","0","0","270","2022-10-12 12:11:28","2022-10-12 12:11:28");
INSERT INTO product_sales VALUES("1103","521","18","","3","1","65","0","0","0","195","2022-10-12 12:11:28","2022-10-12 12:11:28");
INSERT INTO product_sales VALUES("1105","523","15","","28","1","80","0","0","0","2240","2022-10-13 09:13:13","2022-10-13 09:13:13");
INSERT INTO product_sales VALUES("1106","524","15","","14","1","90","0","0","0","1260","2022-10-13 10:35:47","2022-10-13 10:35:47");
INSERT INTO product_sales VALUES("1107","525","16","","1","1","300","0","0","0","300","2022-10-13 13:44:47","2022-10-13 13:44:47");
INSERT INTO product_sales VALUES("1108","525","17","","4","1","100","0","0","0","400","2022-10-13 13:44:47","2022-10-13 13:44:47");
INSERT INTO product_sales VALUES("1109","525","103","","3","1","35","0","0","0","105","2022-10-13 13:44:47","2022-10-13 13:44:47");
INSERT INTO product_sales VALUES("1110","526","103","","2","1","35","0","0","0","70","2022-10-15 15:11:03","2022-10-15 15:11:03");
INSERT INTO product_sales VALUES("1111","526","15","","4","1","90","0","0","0","360","2022-10-15 15:11:03","2022-10-15 15:11:03");
INSERT INTO product_sales VALUES("1112","526","17","","1","1","95","0","0","0","95","2022-10-15 15:11:03","2022-10-15 15:11:03");
INSERT INTO product_sales VALUES("1113","526","22","","2","1","17","0","0","0","34","2022-10-15 15:11:03","2022-10-15 15:11:03");
INSERT INTO product_sales VALUES("1114","527","15","","2","1","90","0","0","0","180","2022-10-16 11:22:34","2022-10-16 11:22:34");
INSERT INTO product_sales VALUES("1115","527","17","","5","1","90","0","0","0","450","2022-10-16 11:22:34","2022-10-16 11:22:34");
INSERT INTO product_sales VALUES("1117","529","15","","2","1","90","0","0","0","180","2022-10-16 18:48:49","2022-10-16 18:48:49");
INSERT INTO product_sales VALUES("1118","530","15","","1","1","85","0","0","0","85","2022-10-18 10:17:56","2022-10-18 10:17:56");
INSERT INTO product_sales VALUES("1121","532","15","","4","1","90","0","0","0","360","2022-10-21 15:50:33","2022-10-21 15:50:33");
INSERT INTO product_sales VALUES("1122","532","17","","5","1","100","0","0","0","500","2022-10-21 15:50:33","2022-10-21 15:50:33");
INSERT INTO product_sales VALUES("1123","532","103","","3","1","35","0","0","0","105","2022-10-21 15:50:33","2022-10-21 15:50:33");
INSERT INTO product_sales VALUES("1124","533","15","","10","1","85","0","0","0","850","2022-10-22 08:51:16","2022-10-22 08:51:16");
INSERT INTO product_sales VALUES("1125","533","17","","4","1","95","0","0","0","380","2022-10-22 08:51:16","2022-10-22 08:51:16");
INSERT INTO product_sales VALUES("1126","534","15","","3","1","90","0","0","0","270","2022-10-22 14:12:46","2022-10-22 14:12:46");
INSERT INTO product_sales VALUES("1127","534","103","","1","1","35","0","0","0","35","2022-10-22 14:12:46","2022-10-22 14:12:46");
INSERT INTO product_sales VALUES("1131","536","15","","4","1","90","0","0","0","360","2022-10-23 15:51:25","2022-10-23 15:51:25");
INSERT INTO product_sales VALUES("1132","536","18","","1","1","65","0","0","0","65","2022-10-23 15:51:25","2022-10-23 15:51:25");
INSERT INTO product_sales VALUES("1133","536","17","","4","1","95","0","0","0","380","2022-10-23 15:51:25","2022-10-23 15:51:25");
INSERT INTO product_sales VALUES("1134","537","17","","1","1","100","0","0","0","100","2022-10-23 15:52:03","2022-10-23 15:52:03");
INSERT INTO product_sales VALUES("1135","538","17","","5","1","92","0","0","0","460","2022-10-23 15:54:08","2022-10-23 15:54:08");
INSERT INTO product_sales VALUES("1136","539","17","","5","1","90","0","0","0","450","2022-10-23 15:54:47","2022-10-23 15:54:47");
INSERT INTO product_sales VALUES("1137","540","17","","1","1","100","0","0","0","100","2022-10-23 15:55:20","2022-10-23 15:55:20");
INSERT INTO product_sales VALUES("1138","541","15","","1","1","90","0","0","0","90","2022-10-23 15:56:32","2022-10-23 15:56:32");
INSERT INTO product_sales VALUES("1139","541","17","","4","1","95","0","0","0","380","2022-10-23 15:56:32","2022-10-23 15:56:32");
INSERT INTO product_sales VALUES("1140","541","18","","3","1","65","0","0","0","195","2022-10-23 15:56:32","2022-10-23 15:56:32");
INSERT INTO product_sales VALUES("1141","542","17","","6","1","95","0","0","0","570","2022-10-25 10:40:20","2022-10-25 10:40:20");
INSERT INTO product_sales VALUES("1142","543","17","","10","1","85","0","0","0","850","2022-10-25 11:32:08","2022-10-25 11:32:08");
INSERT INTO product_sales VALUES("1143","544","17","","2","1","95","0","0","0","190","2022-10-25 19:05:41","2022-10-25 19:05:41");
INSERT INTO product_sales VALUES("1144","544","103","","1","1","35","0","0","0","35","2022-10-25 19:05:41","2022-10-25 19:05:41");
INSERT INTO product_sales VALUES("1145","545","17","","1","1","100","0","0","0","100","2022-10-31 14:15:47","2022-10-31 14:15:47");
INSERT INTO product_sales VALUES("1146","546","22","","1","1","20","0","0","0","20","2022-11-03 10:21:16","2022-11-03 10:21:16");
INSERT INTO product_sales VALUES("1147","546","23","","5","1","2","0","0","0","10","2022-11-03 10:21:16","2022-11-03 10:21:16");
INSERT INTO product_sales VALUES("1148","547","17","","11","1","95","0","0","0","1045","2022-11-03 10:27:30","2022-11-03 10:27:30");
INSERT INTO product_sales VALUES("1149","547","15","","6","1","85","0","0","0","510","2022-11-03 10:27:30","2022-11-03 10:27:30");
INSERT INTO product_sales VALUES("1150","548","15","","6","1","90","0","0","0","540","2022-11-03 10:39:47","2022-11-03 10:39:47");
INSERT INTO product_sales VALUES("1151","548","104","","8","1","13","0","0","0","104","2022-11-03 10:39:47","2022-11-03 10:39:47");
INSERT INTO product_sales VALUES("1152","549","17","","6","1","100","0","0","0","600","2022-11-03 15:04:06","2022-11-03 15:04:06");
INSERT INTO product_sales VALUES("1155","551","17","","2","1","90","0","0","0","180","2022-11-05 09:14:44","2022-11-05 09:14:44");
INSERT INTO product_sales VALUES("1156","552","17","","1","1","90","0","0","0","90","2022-11-05 09:15:39","2022-11-05 09:15:39");
INSERT INTO product_sales VALUES("1159","554","17","","2","1","95","0","0","0","190","2022-11-05 09:32:03","2022-11-05 09:32:03");
INSERT INTO product_sales VALUES("1160","554","15","","4","1","85","0","0","0","340","2022-11-05 09:32:03","2022-11-05 09:32:03");
INSERT INTO product_sales VALUES("1161","555","16","","3","1","260","0","0","0","780","2022-11-05 10:25:48","2022-11-05 10:25:48");
INSERT INTO product_sales VALUES("1162","555","20","","1","1","225","0","0","0","225","2022-11-05 10:25:48","2022-11-05 10:25:48");
INSERT INTO product_sales VALUES("1163","555","105","","6","1","35","0","0","0","210","2022-11-05 10:25:48","2022-11-05 10:25:48");
INSERT INTO product_sales VALUES("1164","556","15","","4","1","85","0","0","0","340","2022-11-07 12:00:12","2022-11-07 12:00:12");
INSERT INTO product_sales VALUES("1165","556","17","","4","1","90","0","0","0","360","2022-11-07 12:00:12","2022-11-07 12:00:12");
INSERT INTO product_sales VALUES("1166","556","104","","4","1","12","0","0","0","48","2022-11-07 12:00:12","2022-11-07 12:00:12");
INSERT INTO product_sales VALUES("1167","557","15","","2","1","72.5","0","0","0","145","2022-11-08 08:09:04","2022-11-08 08:09:04");
INSERT INTO product_sales VALUES("1168","557","18","","1","1","65","0","0","0","65","2022-11-08 08:09:04","2022-11-08 08:09:04");
INSERT INTO product_sales VALUES("1169","558","17","","2","1","100","0","0","0","200","2022-11-08 18:19:02","2022-11-08 18:19:02");
INSERT INTO product_sales VALUES("1170","558","15","","5","1","90","0","0","0","450","2022-11-08 18:19:02","2022-11-08 18:19:02");
INSERT INTO product_sales VALUES("1171","559","17","","2","1","90","0","0","0","180","2022-11-09 15:42:00","2022-11-09 15:42:00");
INSERT INTO product_sales VALUES("1172","559","15","","1","1","80","0","0","0","80","2022-11-09 15:42:00","2022-11-09 15:42:00");
INSERT INTO product_sales VALUES("1173","560","18","","2","1","60","0","0","0","120","2022-11-09 15:45:36","2022-11-09 15:45:36");
INSERT INTO product_sales VALUES("1174","560","15","","2","1","85","0","0","0","170","2022-11-09 15:45:36","2022-11-09 15:45:36");
INSERT INTO product_sales VALUES("1175","560","17","","5","1","90","0","0","0","450","2022-11-09 15:45:36","2022-11-09 15:45:36");
INSERT INTO product_sales VALUES("1176","561","15","","1","1","90","0","0","0","90","2022-11-09 15:51:26","2022-11-09 15:51:26");
INSERT INTO product_sales VALUES("1177","561","17","","1","1","95","0","0","0","95","2022-11-09 15:51:26","2022-11-09 15:51:26");
INSERT INTO product_sales VALUES("1178","562","15","","7","1","90","0","0","0","630","2022-11-09 15:53:15","2022-11-09 15:53:15");
INSERT INTO product_sales VALUES("1179","562","17","","3","1","95","0","0","0","285","2022-11-09 15:53:15","2022-11-09 15:53:15");
INSERT INTO product_sales VALUES("1183","564","18","","1","1","60","0","0","0","60","2022-11-10 13:00:05","2022-11-10 13:00:05");
INSERT INTO product_sales VALUES("1184","564","15","","1","1","80","0","0","0","80","2022-11-10 13:00:05","2022-11-10 13:00:05");
INSERT INTO product_sales VALUES("1185","564","17","","2","1","95","0","0","0","190","2022-11-10 13:00:05","2022-11-10 13:00:05");
INSERT INTO product_sales VALUES("1186","565","17","","3","1","90","0","0","0","270","2022-11-10 14:48:57","2022-11-10 14:48:57");
INSERT INTO product_sales VALUES("1187","565","105","","3","1","37","0","0","0","111","2022-11-10 14:48:57","2022-11-10 14:48:57");
INSERT INTO product_sales VALUES("1188","566","15","","2","1","80","0","0","0","160","2022-11-10 15:56:38","2022-11-10 15:56:38");
INSERT INTO product_sales VALUES("1189","567","17","","3","1","90","0","0","0","270","2022-11-10 15:58:49","2022-11-10 15:58:49");
INSERT INTO product_sales VALUES("1190","568","15","","3","1","90","0","0","0","270","2022-11-13 08:38:59","2022-11-13 08:38:59");
INSERT INTO product_sales VALUES("1191","568","17","","6","1","95","0","0","0","570","2022-11-13 08:38:59","2022-11-13 08:38:59");
INSERT INTO product_sales VALUES("1194","570","17","","6","1","90","0","0","0","540","2022-11-14 09:22:13","2022-11-14 09:22:13");
INSERT INTO product_sales VALUES("1195","570","104","","1","1","10","0","0","0","10","2022-11-14 09:22:13","2022-11-14 09:22:13");
INSERT INTO product_sales VALUES("1196","571","17","","2","1","90","0","0","0","180","2022-11-14 09:24:53","2022-11-14 09:24:53");
INSERT INTO product_sales VALUES("1197","571","18","","1","1","50","0","0","0","50","2022-11-14 09:24:53","2022-11-14 09:24:53");
INSERT INTO product_sales VALUES("1198","571","104","","5","1","10","0","0","0","50","2022-11-14 09:24:53","2022-11-14 09:24:53");
INSERT INTO product_sales VALUES("1199","572","17","","6","1","85","0","0","0","510","2022-11-14 09:26:03","2022-11-14 09:26:03");
INSERT INTO product_sales VALUES("1200","573","17","","2","1","95","0","0","0","190","2022-11-14 18:20:34","2022-11-14 18:20:34");
INSERT INTO product_sales VALUES("1201","574","17","","3","1","95","0","0","0","285","2022-11-14 18:22:27","2022-11-14 18:22:27");
INSERT INTO product_sales VALUES("1202","574","104","","2","1","12","0","0","0","24","2022-11-14 18:22:27","2022-11-14 18:22:27");
INSERT INTO product_sales VALUES("1203","575","15","","1","1","85","0","0","0","85","2022-11-14 18:23:12","2022-11-14 18:23:12");
INSERT INTO product_sales VALUES("1204","576","15","","1","1","85","0","0","0","85","2022-11-14 18:24:33","2022-11-14 18:24:33");
INSERT INTO product_sales VALUES("1205","576","17","","2","1","95","0","0","0","190","2022-11-14 18:24:33","2022-11-14 18:24:33");
INSERT INTO product_sales VALUES("1206","577","15","","1","1","85","0","0","0","85","2022-11-14 18:26:00","2022-11-14 18:26:00");
INSERT INTO product_sales VALUES("1207","577","17","","2","1","90","0","0","0","180","2022-11-14 18:26:00","2022-11-14 18:26:00");
INSERT INTO product_sales VALUES("1208","578","15","","2","1","85","0","0","0","170","2022-11-15 18:38:18","2022-11-15 18:38:18");
INSERT INTO product_sales VALUES("1209","578","17","","7","1","90","0","0","0","630","2022-11-15 18:38:18","2022-11-15 18:38:18");
INSERT INTO product_sales VALUES("1210","578","104","","7","1","10","0","0","0","70","2022-11-15 18:38:18","2022-11-15 18:38:18");
INSERT INTO product_sales VALUES("1211","579","15","","1","1","85","0","0","0","85","2022-11-15 18:39:39","2022-11-15 18:39:39");
INSERT INTO product_sales VALUES("1212","579","17","","2","1","95","0","0","0","190","2022-11-15 18:39:39","2022-11-15 18:39:39");
INSERT INTO product_sales VALUES("1213","580","15","","1","1","80","0","0","0","80","2022-11-15 18:42:15","2022-11-15 18:42:15");
INSERT INTO product_sales VALUES("1214","581","18","","1","1","70","0","0","0","70","2022-11-15 19:26:45","2022-11-15 19:26:45");
INSERT INTO product_sales VALUES("1215","581","17","","1","1","100","0","0","0","100","2022-11-15 19:26:45","2022-11-15 19:26:45");
INSERT INTO product_sales VALUES("1216","581","68","","1","1","50","0","0","0","50","2022-11-15 19:26:45","2022-11-15 19:26:45");
INSERT INTO product_sales VALUES("1217","581","103","","1","1","40","0","0","0","40","2022-11-15 19:26:45","2022-11-15 19:26:45");
INSERT INTO product_sales VALUES("1218","581","15","","2","1","90","0","0","0","180","2022-11-15 19:26:45","2022-11-15 19:26:45");
INSERT INTO product_sales VALUES("1219","582","15","","3","1","80","0","0","0","240","2022-11-17 07:30:38","2022-11-17 07:30:38");
INSERT INTO product_sales VALUES("1220","582","17","","3","1","90","0","0","0","270","2022-11-17 07:30:38","2022-11-17 07:30:38");
INSERT INTO product_sales VALUES("1221","583","17","","2","1","90","0","0","0","180","2022-11-17 07:32:11","2022-11-17 07:32:11");
INSERT INTO product_sales VALUES("1225","585","17","","5","1","90","0","0","0","450","2022-11-17 07:39:29","2022-11-17 07:39:29");
INSERT INTO product_sales VALUES("1226","586","17","","2","1","90","0","0","0","180","2022-11-17 17:13:44","2022-11-17 17:13:44");
INSERT INTO product_sales VALUES("1227","586","15","","2","1","80","0","0","0","160","2022-11-17 17:13:44","2022-11-17 17:13:44");
INSERT INTO product_sales VALUES("1228","586","18","","1","1","50","0","0","0","50","2022-11-17 17:13:44","2022-11-17 17:13:44");
INSERT INTO product_sales VALUES("1229","587","17","","1","1","95","0","0","0","95","2022-11-17 17:15:13","2022-11-17 17:15:13");
INSERT INTO product_sales VALUES("1230","588","15","","5","1","85","0","0","0","425","2022-11-17 17:30:18","2022-11-17 17:30:18");
INSERT INTO product_sales VALUES("1231","589","17","","1","1","95","0","0","0","95","2022-11-17 17:32:24","2022-11-17 17:32:24");
INSERT INTO product_sales VALUES("1232","589","15","","2","1","85","0","0","0","170","2022-11-17 17:32:24","2022-11-17 17:32:24");
INSERT INTO product_sales VALUES("1233","590","17","","5","1","90","0","0","0","450","2022-11-17 17:33:59","2022-11-17 17:33:59");
INSERT INTO product_sales VALUES("1234","590","15","","5","1","80","0","0","0","400","2022-11-17 17:33:59","2022-11-17 17:33:59");
INSERT INTO product_sales VALUES("1235","591","15","","2","1","85","0","0","0","170","2022-11-17 17:35:39","2022-11-17 17:35:39");
INSERT INTO product_sales VALUES("1236","591","17","","3","1","95","0","0","0","285","2022-11-17 17:35:39","2022-11-17 17:35:39");
INSERT INTO product_sales VALUES("1237","591","18","","1","1","50","0","0","0","50","2022-11-17 17:35:39","2022-11-17 17:35:39");
INSERT INTO product_sales VALUES("1238","592","17","","1","1","95","0","0","0","95","2022-11-17 17:36:57","2022-11-17 17:36:57");
INSERT INTO product_sales VALUES("1239","592","18","","1","1","50","0","0","0","50","2022-11-17 17:36:57","2022-11-17 17:36:57");
INSERT INTO product_sales VALUES("1240","593","17","","1","1","100","0","0","0","100","2022-11-19 18:17:50","2022-11-19 18:17:50");
INSERT INTO product_sales VALUES("1241","594","15","","5","1","85","0","0","0","425","2022-11-20 12:30:41","2022-11-20 12:30:41");
INSERT INTO product_sales VALUES("1242","594","17","","6","1","95","0","0","0","570","2022-11-20 12:30:41","2022-11-20 12:30:41");
INSERT INTO product_sales VALUES("1243","595","17","","5","1","95","0","0","0","475","2022-11-22 14:29:23","2022-11-22 14:29:23");
INSERT INTO product_sales VALUES("1244","596","17","","4","1","85","0","0","0","340","2022-11-22 14:34:14","2022-11-22 14:34:14");
INSERT INTO product_sales VALUES("1245","597","17","","3","1","95","0","0","0","285","2022-11-22 15:11:27","2022-11-22 15:11:27");
INSERT INTO product_sales VALUES("1246","597","15","","5","1","85","0","0","0","425","2022-11-22 15:11:27","2022-11-22 15:11:27");
INSERT INTO product_sales VALUES("1247","598","17","","4","1","100","0","0","0","400","2022-11-22 15:12:16","2022-11-22 15:12:16");
INSERT INTO product_sales VALUES("1248","599","17","","4","1","90","0","0","0","360","2022-11-22 17:31:24","2022-11-22 17:31:24");
INSERT INTO product_sales VALUES("1249","599","15","","1","1","85","0","0","0","85","2022-11-22 17:31:24","2022-11-22 17:31:24");
INSERT INTO product_sales VALUES("1250","600","15","","1","1","90","0","0","0","90","2022-11-23 08:31:40","2022-11-23 08:31:40");
INSERT INTO product_sales VALUES("1251","600","17","","1","1","90","0","0","0","90","2022-11-23 08:31:40","2022-11-23 08:31:40");
INSERT INTO product_sales VALUES("1252","601","17","","2","1","90","0","0","0","180","2022-11-23 12:58:58","2022-11-23 12:58:58");
INSERT INTO product_sales VALUES("1253","602","17","","1","1","90","0","0","0","90","2022-11-23 14:08:12","2022-11-23 14:08:12");
INSERT INTO product_sales VALUES("1254","602","15","","1","1","80","0","0","0","80","2022-11-23 14:08:12","2022-11-23 14:08:12");
INSERT INTO product_sales VALUES("1255","603","15","","1","1","80","0","0","0","80","2022-11-23 14:11:41","2022-11-23 14:11:41");
INSERT INTO product_sales VALUES("1256","604","17","","4","1","90","0","0","0","360","2022-11-23 16:14:16","2022-11-23 16:14:16");
INSERT INTO product_sales VALUES("1257","604","15","","1","1","80","0","0","0","80","2022-11-23 16:14:16","2022-11-23 16:14:16");
INSERT INTO product_sales VALUES("1258","605","15","","2","1","80","0","0","0","160","2022-11-23 16:14:59","2022-11-23 16:14:59");
INSERT INTO product_sales VALUES("1259","606","15","","1","1","80","0","0","0","80","2022-11-24 08:40:04","2022-11-24 08:40:04");
INSERT INTO product_sales VALUES("1260","606","18","","1","1","65","0","0","0","65","2022-11-24 08:40:04","2022-11-24 08:40:04");
INSERT INTO product_sales VALUES("1261","607","15","","1","1","80","0","0","0","80","2022-11-24 19:26:16","2022-11-24 19:26:16");
INSERT INTO product_sales VALUES("1262","608","17","","3","1","90","0","0","0","270","2022-11-28 12:38:06","2022-11-28 12:38:06");
INSERT INTO product_sales VALUES("1263","609","15","","3","1","80","0","0","0","240","2022-11-29 08:47:51","2022-11-29 08:47:51");
INSERT INTO product_sales VALUES("1264","609","17","","9","1","85","0","0","0","765","2022-11-29 08:47:51","2022-11-29 08:47:51");
INSERT INTO product_sales VALUES("1268","613","17","","3","1","90","0","0","0","270","2022-11-29 08:51:49","2022-11-29 08:51:49");
INSERT INTO product_sales VALUES("1269","614","17","","1","1","75","0","0","0","75","2022-11-30 11:46:53","2022-11-30 11:46:53");
INSERT INTO product_sales VALUES("1273","616","15","","1","1","80","0","0","0","80","2022-12-03 18:18:17","2022-12-03 18:18:17");
INSERT INTO product_sales VALUES("1274","617","108","","5","1","15","0","0","0","75","2022-12-08 10:44:49","2022-12-08 10:44:49");
INSERT INTO product_sales VALUES("1275","618","114","","1","1","36","0","0","0","36","2022-12-08 10:48:51","2022-12-08 10:48:51");
INSERT INTO product_sales VALUES("1276","618","110","","1","1","18","0","0","0","18","2022-12-08 10:48:51","2022-12-08 10:48:51");
INSERT INTO product_sales VALUES("1277","619","110","","1","1","24","0","0","0","24","2022-12-08 10:52:11","2022-12-08 10:52:11");
INSERT INTO product_sales VALUES("1278","620","106","","2","1","195","0","0","0","390","2022-12-08 10:57:31","2022-12-08 10:57:31");
INSERT INTO product_sales VALUES("1279","621","110","","1","1","24","0","0","0","24","2022-12-08 11:02:00","2022-12-08 11:02:00");
INSERT INTO product_sales VALUES("1280","621","112","","1","1","36","0","0","0","36","2022-12-08 11:02:00","2022-12-08 11:02:00");
INSERT INTO product_sales VALUES("1281","622","17","","5","1","85","0","0","0","425","2022-12-08 11:24:36","2022-12-08 11:24:36");
INSERT INTO product_sales VALUES("1282","622","106","","3","1","220","0","0","0","660","2022-12-08 11:24:36","2022-12-08 11:24:36");
INSERT INTO product_sales VALUES("1283","622","107","","3","1","200","0","0","0","600","2022-12-08 11:24:36","2022-12-08 11:24:36");
INSERT INTO product_sales VALUES("1284","622","110","","3","1","24","0","0","0","72","2022-12-08 11:24:36","2022-12-08 11:24:36");
INSERT INTO product_sales VALUES("1285","622","114","","2","1","33","0","0","0","66","2022-12-08 11:24:36","2022-12-08 11:24:36");
INSERT INTO product_sales VALUES("1286","622","108","","1","1","20","0","0","0","20","2022-12-08 11:24:36","2022-12-08 11:24:36");
INSERT INTO product_sales VALUES("1287","623","17","","4","1","85","0","0","0","340","2022-12-08 11:26:02","2022-12-08 11:26:02");
INSERT INTO product_sales VALUES("1288","623","106","","1","1","220","0","0","0","220","2022-12-08 11:26:02","2022-12-08 11:26:02");
INSERT INTO product_sales VALUES("1289","624","110","","4","1","20","0","0","0","80","2022-12-08 12:28:06","2022-12-08 12:28:06");
INSERT INTO product_sales VALUES("1290","625","112","","1","1","30","0","0","0","30","2022-12-08 12:29:02","2022-12-08 12:29:02");
INSERT INTO product_sales VALUES("1291","625","114","","1","1","36","0","0","0","36","2022-12-08 12:29:02","2022-12-08 12:29:02");
INSERT INTO product_sales VALUES("1292","626","17","","2","1","90","0","0","0","180","2022-12-08 12:29:48","2022-12-08 12:29:48");
INSERT INTO product_sales VALUES("1293","627","15","","1","1","80","0","0","0","80","2022-12-08 12:31:41","2022-12-08 12:31:41");
INSERT INTO product_sales VALUES("1294","627","17","","1","1","90","0","0","0","90","2022-12-08 12:31:41","2022-12-08 12:31:41");
INSERT INTO product_sales VALUES("1295","627","106","","1","1","195","0","0","0","195","2022-12-08 12:31:41","2022-12-08 12:31:41");
INSERT INTO product_sales VALUES("1296","628","17","","3","1","85","0","0","0","255","2022-12-08 12:41:18","2022-12-08 12:41:18");
INSERT INTO product_sales VALUES("1297","628","15","","1","1","75","0","0","0","75","2022-12-08 12:41:18","2022-12-08 12:41:18");
INSERT INTO product_sales VALUES("1298","629","17","","2","1","85","0","0","0","170","2022-12-08 12:43:11","2022-12-08 12:43:11");
INSERT INTO product_sales VALUES("1299","629","110","","3","1","21","0","0","0","63","2022-12-08 12:43:11","2022-12-08 12:43:11");
INSERT INTO product_sales VALUES("1300","630","108","","5","1","15","0","0","0","75","2022-12-08 12:47:10","2022-12-08 12:47:10");
INSERT INTO product_sales VALUES("1301","630","110","","5","1","24","0","0","0","120","2022-12-08 12:47:10","2022-12-08 12:47:10");
INSERT INTO product_sales VALUES("1302","631","114","","4","1","33","0","0","0","132","2022-12-08 12:53:00","2022-12-08 12:53:00");
INSERT INTO product_sales VALUES("1303","631","110","","1","1","24","0","0","0","24","2022-12-08 12:53:00","2022-12-08 12:53:00");
INSERT INTO product_sales VALUES("1304","632","17","","2","1","90","0","0","0","180","2022-12-08 12:53:52","2022-12-08 12:53:52");
INSERT INTO product_sales VALUES("1305","632","15","","1","1","80","0","0","0","80","2022-12-08 12:53:52","2022-12-08 12:53:52");
INSERT INTO product_sales VALUES("1306","633","17","","3","1","85","0","0","0","255","2022-12-08 13:00:47","2022-12-08 13:00:47");
INSERT INTO product_sales VALUES("1307","633","15","","1","1","50","0","0","0","50","2022-12-08 13:00:47","2022-12-08 13:00:47");
INSERT INTO product_sales VALUES("1308","633","115","","1","1","36","0","0","0","36","2022-12-08 13:00:47","2022-12-08 13:00:47");
INSERT INTO product_sales VALUES("1309","633","108","","1","1","15","0","0","0","15","2022-12-08 13:00:47","2022-12-08 13:00:47");
INSERT INTO product_sales VALUES("1310","633","110","","1","1","21","0","0","0","21","2022-12-08 13:00:47","2022-12-08 13:00:47");
INSERT INTO product_sales VALUES("1311","634","114","","3","1","36","0","0","0","108","2022-12-08 13:03:05","2022-12-08 13:03:05");
INSERT INTO product_sales VALUES("1312","635","17","","3","1","90","0","0","0","270","2022-12-08 13:04:54","2022-12-08 13:04:54");
INSERT INTO product_sales VALUES("1313","636","107","","2","1","200","0","0","0","400","2022-12-08 13:05:35","2022-12-08 13:05:35");
INSERT INTO product_sales VALUES("1314","637","110","","2","1","21","0","0","0","42","2022-12-08 13:12:19","2022-12-08 13:12:19");
INSERT INTO product_sales VALUES("1315","637","108","","1","1","18","0","0","0","18","2022-12-08 13:12:19","2022-12-08 13:12:19");
INSERT INTO product_sales VALUES("1316","638","15","","3","1","80","0","0","0","240","2022-12-08 13:14:24","2022-12-08 13:14:24");
INSERT INTO product_sales VALUES("1317","639","17","","1","1","90","0","0","0","90","2022-12-08 13:16:25","2022-12-08 13:16:25");
INSERT INTO product_sales VALUES("1318","639","15","","1","1","80","0","0","0","80","2022-12-08 13:16:25","2022-12-08 13:16:25");
INSERT INTO product_sales VALUES("1319","639","108","","1","1","15","0","0","0","15","2022-12-08 13:16:25","2022-12-08 13:16:25");
INSERT INTO product_sales VALUES("1320","639","110","","5","1","21","0","0","0","105","2022-12-08 13:16:25","2022-12-08 13:16:25");
INSERT INTO product_sales VALUES("1321","640","15","","1","1","80","0","0","0","80","2022-12-08 13:20:31","2022-12-08 13:20:31");
INSERT INTO product_sales VALUES("1322","640","17","","1","1","90","0","0","0","90","2022-12-08 13:20:31","2022-12-08 13:20:31");
INSERT INTO product_sales VALUES("1323","640","108","","1","1","15","0","0","0","15","2022-12-08 13:20:31","2022-12-08 13:20:31");
INSERT INTO product_sales VALUES("1324","640","110","","1","1","24","0","0","0","24","2022-12-08 13:20:31","2022-12-08 13:20:31");
INSERT INTO product_sales VALUES("1325","640","114","","2","1","36","0","0","0","72","2022-12-08 13:20:31","2022-12-08 13:20:31");
INSERT INTO product_sales VALUES("1326","641","17","","2","1","90","0","0","0","180","2022-12-08 13:25:02","2022-12-08 13:25:02");
INSERT INTO product_sales VALUES("1327","641","15","","1","1","80","0","0","0","80","2022-12-08 13:25:02","2022-12-08 13:25:02");
INSERT INTO product_sales VALUES("1328","641","115","","2","1","36","0","0","0","72","2022-12-08 13:25:02","2022-12-08 13:25:02");
INSERT INTO product_sales VALUES("1329","641","113","","1","1","24","0","0","0","24","2022-12-08 13:25:02","2022-12-08 13:25:02");
INSERT INTO product_sales VALUES("1330","641","104","","8","1","12","0","0","0","96","2022-12-08 13:25:02","2022-12-08 13:25:02");
INSERT INTO product_sales VALUES("1331","642","17","","2","1","90","0","0","0","180","2022-12-08 13:28:18","2022-12-08 13:28:18");
INSERT INTO product_sales VALUES("1332","642","15","","2","1","80","0","0","0","160","2022-12-08 13:28:18","2022-12-08 13:28:18");
INSERT INTO product_sales VALUES("1333","642","107","","1","1","200","0","0","0","200","2022-12-08 13:28:18","2022-12-08 13:28:18");
INSERT INTO product_sales VALUES("1334","642","115","","4","1","42","0","0","0","168","2022-12-08 13:28:18","2022-12-08 13:28:18");
INSERT INTO product_sales VALUES("1335","643","18","","1","1","60","0","0","0","60","2022-12-08 13:30:43","2022-12-08 13:30:43");
INSERT INTO product_sales VALUES("1336","643","15","","1","1","80","0","0","0","80","2022-12-08 13:30:43","2022-12-08 13:30:43");
INSERT INTO product_sales VALUES("1337","643","17","","1","1","90","0","0","0","90","2022-12-08 13:30:44","2022-12-08 13:30:44");
INSERT INTO product_sales VALUES("1338","644","108","","3","1","18","0","0","0","54","2022-12-08 17:36:00","2022-12-08 17:36:00");
INSERT INTO product_sales VALUES("1339","645","110","","1","1","24","0","0","0","24","2022-12-08 17:36:41","2022-12-08 17:36:41");
INSERT INTO product_sales VALUES("1340","646","17","","1","1","90","0","0","0","90","2022-12-08 17:37:47","2022-12-08 17:37:47");
INSERT INTO product_sales VALUES("1341","647","15","","1","1","80","0","0","0","80","2022-12-08 17:40:20","2022-12-08 17:40:20");
INSERT INTO product_sales VALUES("1342","647","17","","1","1","90","0","0","0","90","2022-12-08 17:40:20","2022-12-08 17:40:20");
INSERT INTO product_sales VALUES("1343","648","17","","7","1","90","0","0","0","630","2022-12-10 13:13:52","2022-12-10 13:13:52");
INSERT INTO product_sales VALUES("1344","649","17","","6","1","85","0","0","0","510","2022-12-11 16:16:16","2022-12-11 16:16:16");
INSERT INTO product_sales VALUES("1345","650","17","","4","1","90","0","0","0","360","2022-12-12 13:00:28","2022-12-12 13:00:28");
INSERT INTO product_sales VALUES("1346","650","15","","2","1","80","0","0","0","160","2022-12-12 13:00:28","2022-12-12 13:00:28");
INSERT INTO product_sales VALUES("1347","651","17","","25","1","100","0","0","0","2500","2022-12-15 11:10:10","2022-12-15 11:10:10");
INSERT INTO product_sales VALUES("1348","651","15","","10","1","90","0","0","0","900","2022-12-15 11:10:10","2022-12-15 11:10:10");
INSERT INTO product_sales VALUES("1349","652","17","","1","1","90","0","0","0","90","2022-12-15 13:19:57","2022-12-15 13:19:57");
INSERT INTO product_sales VALUES("1350","652","115","","4","1","36","0","0","0","144","2022-12-15 13:19:57","2022-12-15 13:19:57");
INSERT INTO product_sales VALUES("1351","653","110","","1","1","25","0","0","0","25","2022-12-15 16:26:58","2022-12-15 16:26:58");



CREATE TABLE `product_transfer` (
  `id` int(10) unsigned NOT NULL AUTO_INCREMENT,
  `transfer_id` int(11) NOT NULL,
  `product_id` int(11) NOT NULL,
  `variant_id` int(11) DEFAULT NULL,
  `qty` double NOT NULL,
  `purchase_unit_id` int(11) NOT NULL,
  `net_unit_cost` double NOT NULL,
  `tax_rate` double NOT NULL,
  `tax` double NOT NULL,
  `total` double NOT NULL,
  `created_at` timestamp NULL DEFAULT NULL,
  `updated_at` timestamp NULL DEFAULT NULL,
  PRIMARY KEY (`id`)
) ENGINE=InnoDB AUTO_INCREMENT=16 DEFAULT CHARSET=utf8mb4 COLLATE=utf8mb4_unicode_ci;

INSERT INTO product_transfer VALUES("1","1","4","","100","1","1","0","0","100","2018-08-08 14:17:10","2018-12-25 00:16:55");
INSERT INTO product_transfer VALUES("7","6","48","3","1","1","2","0","0","2","2019-12-05 15:55:04","2019-12-05 16:09:42");
INSERT INTO product_transfer VALUES("11","8","5","","10","1","100","0","0","1000","2020-01-22 08:30:59","2020-01-22 08:30:59");
INSERT INTO product_transfer VALUES("13","10","1","","1","1","320","10","32","352","2020-10-08 10:27:35","2020-10-08 10:29:35");
INSERT INTO product_transfer VALUES("14","11","62","12","1","1","1","0","0","1","2020-10-18 15:17:08","2020-10-18 15:17:08");
INSERT INTO product_transfer VALUES("15","12","61","","10","1","3000","15","4500","34500","2020-10-24 06:01:46","2020-10-24 06:01:46");



CREATE TABLE `product_variants` (
  `id` int(10) unsigned NOT NULL AUTO_INCREMENT,
  `product_id` int(11) NOT NULL,
  `variant_id` int(11) NOT NULL,
  `position` int(11) NOT NULL,
  `item_code` varchar(191) COLLATE utf8mb4_unicode_ci NOT NULL,
  `additional_price` double DEFAULT NULL,
  `qty` double NOT NULL,
  `created_at` timestamp NULL DEFAULT NULL,
  `updated_at` timestamp NULL DEFAULT NULL,
  PRIMARY KEY (`id`)
) ENGINE=InnoDB AUTO_INCREMENT=41 DEFAULT CHARSET=utf8mb4 COLLATE=utf8mb4_unicode_ci;

INSERT INTO product_variants VALUES("3","48","3","1","S-93475396","","0","2019-11-21 09:03:04","2021-08-20 18:35:19");
INSERT INTO product_variants VALUES("5","48","5","3","L-93475396","50","0","2019-11-24 08:07:20","2021-08-20 18:35:17");
INSERT INTO product_variants VALUES("6","48","2","2","M-93475396","10","-1","2019-11-24 09:17:07","2021-08-20 18:35:19");
INSERT INTO product_variants VALUES("10","60","9","1","a-32081679","","1","2020-05-18 19:44:14","2020-10-27 01:42:06");
INSERT INTO product_variants VALUES("11","60","11","2","b-32081679","","0","2020-05-18 19:58:31","2020-05-18 19:58:31");
INSERT INTO product_variants VALUES("12","62","12","1","variant 1-81145830","","3","2020-09-27 09:08:27","2020-11-16 11:01:45");
INSERT INTO product_variants VALUES("13","62","13","2","variant 2-81145830","","0","2020-09-27 09:08:27","2020-09-27 09:08:27");
INSERT INTO product_variants VALUES("20","79","15","1","S-9999","0","0","2021-08-17 21:42:08","2021-08-17 21:42:08");
INSERT INTO product_variants VALUES("21","79","16","2","M-9999","0","0","2021-08-17 21:42:09","2021-08-17 21:42:09");
INSERT INTO product_variants VALUES("22","79","17","3","L-9999","10","0","2021-08-17 21:42:09","2021-08-17 21:42:09");
INSERT INTO product_variants VALUES("23","81","15","1","S-9999","0","0","2021-08-17 21:44:06","2021-08-17 21:44:06");
INSERT INTO product_variants VALUES("24","81","16","2","M-9999","0","0","2021-08-17 21:44:06","2021-08-17 21:44:06");
INSERT INTO product_variants VALUES("25","81","17","3","L-9999","10","0","2021-08-17 21:44:06","2021-08-17 21:44:06");
INSERT INTO product_variants VALUES("26","83","15","1","S-9999","0","0","2021-08-17 21:45:15","2021-08-17 21:45:15");
INSERT INTO product_variants VALUES("27","83","16","2","M-9999","0","0","2021-08-17 21:45:15","2021-08-17 21:45:15");
INSERT INTO product_variants VALUES("28","83","17","3","L-9999","10","0","2021-08-17 21:45:15","2021-08-17 21:45:15");
INSERT INTO product_variants VALUES("29","84","15","1","S-9999","0","0","2021-08-17 21:56:25","2021-08-17 21:56:25");
INSERT INTO product_variants VALUES("30","84","16","2","M-9999","0","0","2021-08-17 21:56:25","2021-08-17 21:56:25");
INSERT INTO product_variants VALUES("31","84","17","3","L-9999","10","0","2021-08-17 21:56:25","2021-08-17 21:56:25");
INSERT INTO product_variants VALUES("32","1","15","1","S-9999","0","0","2021-08-17 22:27:21","2021-08-17 22:27:21");
INSERT INTO product_variants VALUES("33","1","16","2","M-9999","0","0","2021-08-17 22:27:21","2021-08-17 22:27:21");
INSERT INTO product_variants VALUES("34","1","17","3","L-9999","10","0","2021-08-17 22:27:21","2021-08-17 22:27:21");
INSERT INTO product_variants VALUES("35","1","15","1","S-9999","0","0","2021-08-17 22:31:58","2021-08-17 22:31:58");
INSERT INTO product_variants VALUES("36","1","16","2","M-9999","0","0","2021-08-17 22:31:58","2021-08-17 22:31:58");
INSERT INTO product_variants VALUES("37","1","17","3","L-9999","10","0","2021-08-17 22:31:58","2021-08-17 22:31:58");
INSERT INTO product_variants VALUES("38","13861","15","1","S-9999","0","0","2021-09-01 07:00:25","2021-09-01 07:00:25");
INSERT INTO product_variants VALUES("39","13861","16","2","M-9999","0","0","2021-09-01 07:00:25","2021-09-01 07:00:25");
INSERT INTO product_variants VALUES("40","13861","17","3","L-9999","10","0","2021-09-01 07:00:25","2021-09-01 07:00:25");



CREATE TABLE `product_warehouse` (
  `id` int(10) unsigned NOT NULL AUTO_INCREMENT,
  `product_id` varchar(191) COLLATE utf8mb4_unicode_ci NOT NULL,
  `variant_id` int(11) DEFAULT NULL,
  `warehouse_id` int(11) NOT NULL,
  `qty` double NOT NULL,
  `price` double DEFAULT NULL,
  `created_at` timestamp NULL DEFAULT NULL,
  `updated_at` timestamp NULL DEFAULT NULL,
  PRIMARY KEY (`id`)
) ENGINE=InnoDB AUTO_INCREMENT=96 DEFAULT CHARSET=utf8mb4 COLLATE=utf8mb4_unicode_ci;

INSERT INTO product_warehouse VALUES("1","1","","2","0","","2021-10-10 20:54:14","2021-11-28 10:45:55");
INSERT INTO product_warehouse VALUES("2","2","","2","0","","2021-10-10 21:06:07","2021-11-28 10:45:55");
INSERT INTO product_warehouse VALUES("3","3","","2","0","","2021-10-15 12:00:46","2021-11-25 18:07:28");
INSERT INTO product_warehouse VALUES("4","4","","2","0","","2021-11-25 18:06:00","2021-11-28 15:35:38");
INSERT INTO product_warehouse VALUES("5","5","","2","0","","2021-11-25 18:06:00","2021-11-28 15:35:38");
INSERT INTO product_warehouse VALUES("6","6","","2","0","","2021-11-25 18:06:00","2021-11-28 15:35:38");
INSERT INTO product_warehouse VALUES("7","7","","2","0","","2021-11-25 18:06:00","2021-11-28 15:35:38");
INSERT INTO product_warehouse VALUES("8","12","","2","0","","2021-11-28 15:43:16","2021-11-28 15:46:24");
INSERT INTO product_warehouse VALUES("9","13","","2","0","","2021-11-30 09:38:10","2021-12-21 21:31:01");
INSERT INTO product_warehouse VALUES("10","14","","2","0","","2021-12-21 21:44:39","2021-12-21 21:58:49");
INSERT INTO product_warehouse VALUES("11","15","","2","83","","2021-12-21 22:08:17","2022-12-15 11:10:10");
INSERT INTO product_warehouse VALUES("12","16","","2","22","","2021-12-21 22:11:09","2022-12-08 08:32:41");
INSERT INTO product_warehouse VALUES("13","18","","2","39","","2021-12-21 22:11:10","2022-12-08 13:30:43");
INSERT INTO product_warehouse VALUES("14","17","","2","265","","2021-12-21 22:11:10","2022-12-15 13:19:57");
INSERT INTO product_warehouse VALUES("15","19","","2","5","","2021-12-22 09:41:49","2022-01-03 12:57:35");
INSERT INTO product_warehouse VALUES("16","20","","2","2","","2021-12-22 09:48:40","2022-11-05 10:25:48");
INSERT INTO product_warehouse VALUES("17","21","","2","59","","2021-12-27 11:08:03","2022-08-13 13:52:21");
INSERT INTO product_warehouse VALUES("18","22","","2","21","","2021-12-27 17:49:10","2022-11-03 10:21:16");
INSERT INTO product_warehouse VALUES("19","23","","2","8","","2021-12-27 17:55:19","2022-11-03 10:21:16");
INSERT INTO product_warehouse VALUES("20","24","","2","0","","2021-12-27 18:07:51","2022-05-15 17:29:41");
INSERT INTO product_warehouse VALUES("21","25","","2","2","","2021-12-27 18:34:31","2021-12-27 19:49:38");
INSERT INTO product_warehouse VALUES("22","26","","2","0","","2021-12-27 18:42:27","2022-06-19 12:16:58");
INSERT INTO product_warehouse VALUES("23","28","","2","0","","2021-12-27 19:52:22","2021-12-27 19:55:29");
INSERT INTO product_warehouse VALUES("24","30","","2","1","","2021-12-27 20:08:37","2022-05-05 10:35:01");
INSERT INTO product_warehouse VALUES("25","29","","2","1","","2021-12-27 20:09:11","2022-04-28 10:45:27");
INSERT INTO product_warehouse VALUES("26","31","","2","1","","2021-12-27 20:20:05","2022-08-29 13:28:45");
INSERT INTO product_warehouse VALUES("27","32","","2","14","","2021-12-27 20:32:10","2022-04-07 12:25:07");
INSERT INTO product_warehouse VALUES("28","39","","2","6","","2022-01-02 14:59:27","2022-01-02 14:59:27");
INSERT INTO product_warehouse VALUES("29","40","","2","9","","2022-02-09 14:31:53","2022-02-09 16:03:51");
INSERT INTO product_warehouse VALUES("30","42","","2","5","","2022-02-09 14:31:54","2022-02-09 14:31:54");
INSERT INTO product_warehouse VALUES("31","44","","2","7","","2022-02-09 14:31:55","2022-02-09 16:03:51");
INSERT INTO product_warehouse VALUES("32","43","","2","7","","2022-02-09 14:31:55","2022-02-12 12:19:02");
INSERT INTO product_warehouse VALUES("33","45","","2","3","","2022-02-09 14:31:56","2022-02-09 14:31:56");
INSERT INTO product_warehouse VALUES("34","46","","2","3","","2022-02-09 14:31:56","2022-02-09 14:31:56");
INSERT INTO product_warehouse VALUES("35","47","","2","3","","2022-02-09 14:31:57","2022-02-09 14:31:57");
INSERT INTO product_warehouse VALUES("36","48","","2","3","","2022-02-09 14:31:57","2022-02-09 14:31:57");
INSERT INTO product_warehouse VALUES("37","49","","2","4","","2022-02-09 14:31:57","2022-08-13 13:52:21");
INSERT INTO product_warehouse VALUES("38","50","","2","1","","2022-02-09 14:31:58","2022-02-13 13:19:57");
INSERT INTO product_warehouse VALUES("39","51","","2","6","","2022-02-09 14:31:58","2022-02-13 13:19:57");
INSERT INTO product_warehouse VALUES("40","52","","2","9","","2022-02-09 14:31:59","2022-04-06 13:02:05");
INSERT INTO product_warehouse VALUES("41","53","","2","11","","2022-02-09 14:31:59","2022-02-13 13:19:56");
INSERT INTO product_warehouse VALUES("42","54","","2","7","","2022-02-09 14:32:00","2022-02-09 14:32:00");
INSERT INTO product_warehouse VALUES("43","55","","2","10","","2022-02-09 14:32:00","2022-02-09 14:32:00");
INSERT INTO product_warehouse VALUES("44","56","","2","6","","2022-02-09 14:32:01","2022-02-13 13:19:58");
INSERT INTO product_warehouse VALUES("45","57","","2","6","","2022-02-09 14:32:02","2022-02-13 13:19:55");
INSERT INTO product_warehouse VALUES("46","58","","2","8","","2022-02-09 14:32:02","2022-04-07 12:25:07");
INSERT INTO product_warehouse VALUES("47","59","","2","6","","2022-02-09 14:32:03","2022-02-13 13:19:56");
INSERT INTO product_warehouse VALUES("48","62","","2","10","","2022-02-09 14:32:04","2022-02-09 14:32:04");
INSERT INTO product_warehouse VALUES("49","61","","2","10","","2022-02-09 14:32:04","2022-02-09 14:32:04");
INSERT INTO product_warehouse VALUES("50","63","","2","14","","2022-02-09 14:32:05","2022-04-06 13:02:05");
INSERT INTO product_warehouse VALUES("51","64","","2","3","","2022-02-09 14:32:05","2022-02-13 14:26:48");
INSERT INTO product_warehouse VALUES("52","65","","2","11","","2022-02-09 14:32:06","2022-02-09 14:32:06");
INSERT INTO product_warehouse VALUES("53","67","","2","8","","2022-02-13 13:57:58","2022-02-13 14:00:39");
INSERT INTO product_warehouse VALUES("54","68","","2","1","","2022-03-17 19:34:18","2022-11-15 19:26:45");
INSERT INTO product_warehouse VALUES("55","69","","2","4","","2022-03-17 19:34:18","2022-03-17 19:34:18");
INSERT INTO product_warehouse VALUES("56","70","","2","2","","2022-03-17 19:34:18","2022-03-26 13:55:38");
INSERT INTO product_warehouse VALUES("57","71","","2","3","","2022-03-17 19:34:18","2022-03-17 19:34:18");
INSERT INTO product_warehouse VALUES("58","72","","2","3","","2022-03-17 19:34:18","2022-03-17 19:34:18");
INSERT INTO product_warehouse VALUES("59","73","","2","3","","2022-03-17 19:34:18","2022-08-13 13:52:21");
INSERT INTO product_warehouse VALUES("60","74","","2","4","","2022-03-17 19:34:18","2022-03-17 19:34:18");
INSERT INTO product_warehouse VALUES("61","75","","2","4","","2022-03-17 19:34:18","2022-03-17 19:34:18");
INSERT INTO product_warehouse VALUES("62","76","","2","4","","2022-03-17 19:34:18","2022-03-17 19:34:18");
INSERT INTO product_warehouse VALUES("63","77","","2","3","","2022-03-17 19:34:18","2022-03-17 19:34:18");
INSERT INTO product_warehouse VALUES("64","78","","2","3","","2022-03-17 19:34:18","2022-03-17 19:34:18");
INSERT INTO product_warehouse VALUES("65","79","","2","3","","2022-03-17 19:34:18","2022-03-17 19:34:18");
INSERT INTO product_warehouse VALUES("66","80","","2","4","","2022-03-17 19:34:18","2022-03-17 19:34:18");
INSERT INTO product_warehouse VALUES("67","81","","2","3","","2022-03-17 19:34:18","2022-03-17 19:34:18");
INSERT INTO product_warehouse VALUES("68","82","","2","3","","2022-03-17 19:34:18","2022-03-17 19:34:18");
INSERT INTO product_warehouse VALUES("69","83","","2","4","","2022-03-17 19:34:18","2022-03-17 19:34:18");
INSERT INTO product_warehouse VALUES("70","85","","2","4","","2022-03-17 19:34:18","2022-03-17 19:34:18");
INSERT INTO product_warehouse VALUES("71","86","","2","3","","2022-03-17 19:34:18","2022-03-17 19:34:18");
INSERT INTO product_warehouse VALUES("72","87","","2","4","","2022-03-17 19:34:18","2022-03-17 19:34:18");
INSERT INTO product_warehouse VALUES("73","88","","2","2","","2022-03-17 19:34:18","2022-03-17 19:34:18");
INSERT INTO product_warehouse VALUES("74","89","","2","25","","2022-03-27 14:59:45","2022-03-27 14:59:45");
INSERT INTO product_warehouse VALUES("75","90","","2","10","","2022-03-27 14:59:45","2022-03-27 14:59:45");
INSERT INTO product_warehouse VALUES("76","91","","2","3","","2022-03-27 15:03:32","2022-03-27 15:03:32");
INSERT INTO product_warehouse VALUES("77","95","","2","3","","2022-04-27 22:35:59","2022-04-27 22:35:59");
INSERT INTO product_warehouse VALUES("78","96","","2","1","","2022-04-27 22:35:59","2022-04-27 22:35:59");
INSERT INTO product_warehouse VALUES("79","97","","2","0","","2022-04-28 10:41:20","2022-05-18 11:23:48");
INSERT INTO product_warehouse VALUES("80","98","","2","10","","2022-05-08 15:30:42","2022-05-08 15:32:46");
INSERT INTO product_warehouse VALUES("81","99","","2","1","","2022-06-07 17:40:07","2022-06-07 17:44:17");
INSERT INTO product_warehouse VALUES("82","100","","2","3","","2022-06-07 17:40:07","2022-06-07 17:44:17");
INSERT INTO product_warehouse VALUES("83","101","","2","132","","2022-06-20 12:30:12","2022-07-02 19:43:00");
INSERT INTO product_warehouse VALUES("84","102","","2","48","","2022-06-20 12:30:12","2022-07-02 19:43:00");
INSERT INTO product_warehouse VALUES("85","103","","2","11","","2022-09-17 12:50:18","2022-11-15 19:26:45");
INSERT INTO product_warehouse VALUES("86","105","","2","11","","2022-11-03 10:37:22","2022-11-10 14:48:57");
INSERT INTO product_warehouse VALUES("87","104","","2","15","","2022-11-03 10:37:22","2022-12-08 13:34:38");
INSERT INTO product_warehouse VALUES("88","106","","2","14","","2022-12-08 10:42:38","2022-12-08 12:31:41");
INSERT INTO product_warehouse VALUES("89","107","","2","19","","2022-12-08 10:42:38","2022-12-08 13:28:18");
INSERT INTO product_warehouse VALUES("90","110","","2","57","","2022-12-08 10:42:38","2022-12-15 16:26:58");
INSERT INTO product_warehouse VALUES("91","113","","2","10","","2022-12-08 10:42:38","2022-12-08 13:25:02");
INSERT INTO product_warehouse VALUES("92","114","","2","2","","2022-12-08 10:42:38","2022-12-08 13:20:31");
INSERT INTO product_warehouse VALUES("93","115","","2","14","","2022-12-08 10:42:38","2022-12-15 13:19:57");
INSERT INTO product_warehouse VALUES("94","112","","2","6","","2022-12-08 10:42:38","2022-12-08 12:29:02");
INSERT INTO product_warehouse VALUES("95","108","","2","6","","2022-12-08 10:42:38","2022-12-08 17:36:00");



CREATE TABLE `products` (
  `id` int(10) unsigned NOT NULL AUTO_INCREMENT,
  `name` text CHARACTER SET utf8 DEFAULT NULL,
  `code` varchar(191) COLLATE utf8mb4_unicode_ci NOT NULL,
  `type` varchar(191) COLLATE utf8mb4_unicode_ci NOT NULL,
  `barcode_symbology` varchar(191) COLLATE utf8mb4_unicode_ci NOT NULL,
  `brand_id` int(11) DEFAULT NULL,
  `category_id` int(11) NOT NULL,
  `unit_id` int(11) NOT NULL,
  `purchase_unit_id` int(11) NOT NULL,
  `sale_unit_id` int(11) NOT NULL,
  `cost` varchar(191) COLLATE utf8mb4_unicode_ci NOT NULL,
  `price` varchar(191) COLLATE utf8mb4_unicode_ci NOT NULL,
  `qty` double DEFAULT NULL,
  `alert_quantity` double DEFAULT NULL,
  `promotion` tinyint(4) DEFAULT NULL,
  `promotion_price` varchar(191) COLLATE utf8mb4_unicode_ci DEFAULT NULL,
  `starting_date` varchar(200) COLLATE utf8mb4_unicode_ci DEFAULT NULL,
  `last_date` date DEFAULT NULL,
  `tax_id` int(11) DEFAULT NULL,
  `tax_method` int(11) DEFAULT NULL,
  `image` longtext COLLATE utf8mb4_unicode_ci DEFAULT NULL,
  `file` varchar(191) COLLATE utf8mb4_unicode_ci DEFAULT NULL,
  `is_variant` tinyint(1) DEFAULT NULL,
  `is_diffPrice` tinyint(1) DEFAULT NULL,
  `featured` tinyint(4) DEFAULT NULL,
  `product_list` varchar(191) COLLATE utf8mb4_unicode_ci DEFAULT NULL,
  `qty_list` varchar(191) COLLATE utf8mb4_unicode_ci DEFAULT NULL,
  `price_list` varchar(191) COLLATE utf8mb4_unicode_ci DEFAULT NULL,
  `product_details` text COLLATE utf8mb4_unicode_ci DEFAULT NULL,
  `is_active` tinyint(1) DEFAULT NULL,
  `created_at` timestamp NULL DEFAULT NULL,
  `updated_at` timestamp NULL DEFAULT NULL,
  PRIMARY KEY (`id`)
) ENGINE=InnoDB AUTO_INCREMENT=116 DEFAULT CHARSET=utf8mb4 COLLATE=utf8mb4_unicode_ci;

INSERT INTO products VALUES("13","فلات وايت","02928442","standard","C128","","2","1","1","1","200","200","0","1","","","","","","1","zummXD2dvAtI.png","","","","","","","","","0","2021-11-30 09:34:29","2021-12-21 21:31:00");
INSERT INTO products VALUES("14","بوكس عشر قطع","76105489","standard","C128","","2","1","1","1","60","80","0","8","","","","","","1","zummXD2dvAtI.png","","","","","","","","<p>بوتشايرتياهلاهياتري</p>","0","2021-12-21 21:42:41","2021-12-21 21:58:49");
INSERT INTO products VALUES("15","بوكس عشر قطع","03641159","standard","C128","","2","1","1","1","40","90","83","10","","","","","","1","1640124161701IMG20211124170118.jpg","","","0","0","","","","<p>بوكس عشر قطع صغير</p>","1","2021-12-21 22:03:13","2022-12-15 11:10:10");
INSERT INTO products VALUES("16","بوكس عشر قطع جامبو","97405713","standard","C128","","2","1","1","1","175","325","22","5","","","","","","1","1640124278436IMG20211124172114.jpg","","","","","","","","<p>بوكس عشر قطع جامبو</p>","1","2021-12-21 22:04:56","2022-12-08 08:32:41");
INSERT INTO products VALUES("17","بوكس 6 قطع كبير","23159604","standard","C128","","2","1","1","1","60","100","265","10","","","","","","1","1640124358882IMG20211124173358.jpg","","","","","","","","<p>بوكس 6 قطع كبير</p>","1","2021-12-21 22:06:13","2022-12-15 13:19:57");
INSERT INTO products VALUES("18","بوكس 6 قطع صغير","98638259","standard","C128","","2","1","1","1","30","70","39","0","","","","","","1","1640124425326IMG20211124160705.jpg","","","0","0","","","","<p>بوكس 6 قطع صغير</p>","1","2021-12-21 22:07:17","2022-12-08 13:30:43");
INSERT INTO products VALUES("19","بوكس مسدس","81120043","standard","C128","","2","1","1","1","30","50","5","1","","","","","","1","zummXD2dvAtI.png","","","","","","","","","1","2021-12-22 09:41:02","2022-01-03 12:57:34");
INSERT INTO products VALUES("20","بوكس جامبو قديم","26989789","standard","C128","","2","1","1","1","150","250","2","-1","","","","","","1","zummXD2dvAtI.png","","","","","","","","","1","2021-12-22 09:47:09","2022-11-05 10:25:48");
INSERT INTO products VALUES("21","ورق تغليف","81704117","standard","C128","","2","1","1","1","17","19","59","10","","","","","","1","zummXD2dvAtI.png","","","0","0","","","","","1","2021-12-27 11:07:22","2022-08-13 13:52:21");
INSERT INTO products VALUES("22","جبس فاليا","74206739","standard","C128","","3","1","1","1","35","40","21","10","","","","","","1","zummXD2dvAtI.png","","","","","","","","","1","2021-12-27 17:47:59","2022-11-03 10:21:16");
INSERT INTO products VALUES("23","ورد علبه","42019637","standard","C128","","3","1","1","1","35","40","8","10","","","","","","1","zummXD2dvAtI.png","","","","","","","","","1","2021-12-27 17:54:41","2022-11-03 10:21:16");
INSERT INTO products VALUES("24","ورد علبه دهبي وفضي","58740263","standard","C128","","3","1","1","1","50","60","0","-1","","","","","","1","zummXD2dvAtI.png","","","","","","","","","1","2021-12-27 18:00:50","2022-05-15 17:29:41");
INSERT INTO products VALUES("25","بوكس قهوي عشر قطع","01651343","standard","C128","","2","1","1","1","55","75","2","0","","","","","","1","zummXD2dvAtI.png","","","","","","","","","1","2021-12-27 18:33:41","2021-12-27 19:49:37");
INSERT INTO products VALUES("26","بوكس شجره","75323389","standard","C128","","2","1","1","1","65","75","0","1","","","","","","1","zummXD2dvAtI.png","","","","","","","","","1","2021-12-27 18:40:12","2022-06-19 12:16:58");
INSERT INTO products VALUES("27","ورق تغليف جريده","09230891","standard","C128","","2","1","1","1","25","35","0","","","","","","","1","zummXD2dvAtI.png","","","","","","","","","1","2021-12-27 19:35:35","2021-12-27 19:35:35");
INSERT INTO products VALUES("28","عشب طبيعي","85280722","standard","C128","","3","1","1","1","10","18","0","","","","","","","1","zummXD2dvAtI.png","","","","","","","","","1","2021-12-27 19:51:50","2021-12-27 19:55:29");
INSERT INTO products VALUES("29","بوكس دائري 3 قطع","74062322","standard","C128","","2","1","1","1","45","54","1","1","","","","","","1","zummXD2dvAtI.png","","","","","","","","","1","2021-12-27 20:06:43","2022-04-28 10:45:27");
INSERT INTO products VALUES("30","بوكس مربع صغير 3قطع","42872086","standard","C128","","2","1","1","1","45","55","1","1","","","","","","1","zummXD2dvAtI.png","","","","","","","","","1","2021-12-27 20:07:33","2022-05-05 10:35:01");
INSERT INTO products VALUES("31","بوكس عربع 10 قطع قديم","89056189","standard","C128","","2","1","1","1","70","100","1","","","","","","","1","zummXD2dvAtI.png","","","","","","","","","1","2021-12-27 20:19:08","2022-08-29 13:28:45");
INSERT INTO products VALUES("32","كره الثلج","08119759","standard","C128","","2","1","1","1","35","40","14","4","","","","","","1","zummXD2dvAtI.png","","","","","","","","","1","2021-12-27 20:31:28","2022-04-07 12:25:07");
INSERT INTO products VALUES("33","كيس نيلون -1","39886194","standard","C128","","4","1","1","1","4","7","0","0","","","","","","1","zummXD2dvAtI.png","","","","","","","","","1","2021-12-30 14:13:49","2021-12-30 14:13:49");
INSERT INTO products VALUES("34","كيس نيلون -2","17814100","standard","C128","","4","1","1","1","5.5","5","0","0","","","","","","1","zummXD2dvAtI.png","","","0","0","","","","","1","2021-12-30 14:14:36","2021-12-30 14:33:25");
INSERT INTO products VALUES("35","كيس نيلون -3","25809227","standard","C128","","4","1","1","1","6","12","0","0","","","","","","1","zummXD2dvAtI.png","","","","","","","","","1","2021-12-30 14:15:40","2021-12-30 14:15:40");
INSERT INTO products VALUES("36","كيس نيلون -4","68433251","standard","C128","","4","1","1","1","9","15","0","0","","","","","","1","zummXD2dvAtI.png","","","","","","","","","1","2021-12-30 14:16:31","2021-12-30 14:16:31");
INSERT INTO products VALUES("37","كيس نيلون-5","24633895","standard","C128","","4","1","1","1","12.5","18","0","0","","","","","","1","zummXD2dvAtI.png","","","0","0","","","","","1","2021-12-30 14:17:19","2021-12-30 14:34:35");
INSERT INTO products VALUES("38","كيس نيلون-6","50371892","standard","C128","","4","1","1","1","16","20","0","0","","","","","","1","zummXD2dvAtI.png","","","","","","","","","1","2021-12-30 14:18:18","2021-12-30 14:18:18");
INSERT INTO products VALUES("39","استطش +لامونيا","75681620","standard","C128","","3","1","1","1","35","40","6","1","","","","","","1","zummXD2dvAtI.png","","","","","","","","","1","2022-01-02 14:58:36","2022-01-02 14:59:27");
INSERT INTO products VALUES("40","تحفه فلامنجو ابيض احمر قلب","39463052","standard","C128","","7","1","1","1","19.5","25","9","0","","","","","","1","zummXD2dvAtI.png","","","","","","","","","1","2022-02-09 13:44:22","2022-02-09 16:03:51");
INSERT INTO products VALUES("41","تخفه عريس وعروسه","91563259","standard","C128","","7","1","1","1","17.5","22","0","0","","","","","","1","zummXD2dvAtI.png","","","","","","","","","1","2022-02-09 13:45:20","2022-02-09 13:45:20");
INSERT INTO products VALUES("42","تحفه فلامنجو طويل love","02198078","standard","C128","","7","1","1","1","22.5","26","5","0","","","","","","1","zummXD2dvAtI.png","","","","","","","","","1","2022-02-09 13:46:23","2022-02-09 14:31:54");
INSERT INTO products VALUES("43","تحفه عريس وعروسه مع ورده","85692483","standard","C128","","7","1","1","1","17.5","22","7","0","","","","","","1","zummXD2dvAtI.png","","","","","","","","","1","2022-02-09 13:47:34","2022-02-12 12:19:02");
INSERT INTO products VALUES("44","تحفه فلامنجو صغيره","06281094","standard","C128","","7","1","1","1","15","18","7","0","","","","","","1","zummXD2dvAtI.png","","","","","","","","","1","2022-02-09 13:48:46","2022-02-09 16:03:51");
INSERT INTO products VALUES("45","مج مع دب احمر","23764030","standard","C128","","7","1","1","1","19","23","3","0","","","","","","1","zummXD2dvAtI.png","","","","","","","","","1","2022-02-09 13:49:48","2022-02-09 14:31:56");
INSERT INTO products VALUES("46","مج صنه مع ورده","87025731","standard","C128","","7","1","1","1","19","23","3","0","","","","","","1","zummXD2dvAtI.png","","","","","","","","","1","2022-02-09 13:51:27","2022-02-09 14:31:56");
INSERT INTO products VALUES("47","مج مع دب مع ورد","94212774","standard","C128","","7","1","1","1","21","25","3","0","","","","","","1","zummXD2dvAtI.png","","","","","","","","","1","2022-02-09 13:52:49","2022-02-09 14:31:56");
INSERT INTO products VALUES("48","مج مع دب مع ورده","21557406","standard","C128","","7","1","1","1","21","25","3","0","","","","","","1","zummXD2dvAtI.png","","","","","","","","","1","2022-02-09 13:53:39","2022-02-09 14:31:57");
INSERT INTO products VALUES("49","مبخره 357","56320469","standard","C128","","7","1","1","1","27","32","4","0","","","","","","1","zummXD2dvAtI.png","","","","","","","","","1","2022-02-09 13:54:35","2022-08-13 13:52:21");
INSERT INTO products VALUES("50","مبخره 343","20669727","standard","C128","","7","1","1","1","20","25","1","0","","","","","","1","zummXD2dvAtI.png","","","","","","","","","1","2022-02-09 13:56:04","2022-02-13 13:19:57");
INSERT INTO products VALUES("51","مبخره 350","65027785","standard","C128","","7","1","1","1","17","22","6","0","","","","","","1","zummXD2dvAtI.png","","","","","","","","","1","2022-02-09 13:57:21","2022-02-13 13:19:57");
INSERT INTO products VALUES("52","مبخره 356","13993878","standard","C128","","7","1","1","1","24","30","9","0","","","","","","1","zummXD2dvAtI.png","","","","","","","","","1","2022-02-09 13:58:16","2022-04-06 13:02:05");
INSERT INTO products VALUES("53","مبخره 339","49933891","standard","C128","","7","1","1","1","25","30","11","0","","","","","","1","zummXD2dvAtI.png","","","","","","","","","1","2022-02-09 13:59:00","2022-02-13 13:19:56");
INSERT INTO products VALUES("54","مبخره 340","63110972","standard","C128","","7","1","1","1","25","35","7","0","","","","","","1","zummXD2dvAtI.png","","","","","","","","","1","2022-02-09 13:59:37","2022-02-09 14:32:00");
INSERT INTO products VALUES("55","مبخره 342","22163744","standard","C128","","7","1","1","1","18","23","10","0","","","","","","1","zummXD2dvAtI.png","","","0","0","","","","","1","2022-02-09 14:00:16","2022-02-09 14:32:00");
INSERT INTO products VALUES("56","مبخره 337","15862022","standard","C128","","7","1","1","1","25","30","6","0","","","","","","1","zummXD2dvAtI.png","","","","","","","","","1","2022-02-09 14:02:38","2022-02-13 13:19:58");
INSERT INTO products VALUES("57","مبخره 338","93529231","standard","C128","","7","1","1","1","30","40","6","0","","","","","","1","zummXD2dvAtI.png","","","","","","","","","1","2022-02-09 14:03:43","2022-02-13 13:19:55");
INSERT INTO products VALUES("58","مبخره 344","12380502","standard","C128","","7","1","1","1","24","30","8","0","","","","","","1","zummXD2dvAtI.png","","","","","","","","","1","2022-02-09 14:05:26","2022-04-07 12:25:07");
INSERT INTO products VALUES("59","مبخره 347","98701421","standard","C128","","7","1","1","1","27","35","6","0","","","","","","1","zummXD2dvAtI.png","","","","","","","","","1","2022-02-09 14:07:58","2022-02-13 13:19:55");
INSERT INTO products VALUES("60","مبخره","63099086","standard","C128","","7","1","1","1","21","25","0","0","","","","","","1","zummXD2dvAtI.png","","","","","","","","","1","2022-02-09 14:08:35","2022-02-09 14:08:35");
INSERT INTO products VALUES("61","مبخره 346","59826901","standard","C128","","7","1","1","1","25","30","10","0","","","","","","1","zummXD2dvAtI.png","","","","","","","","","1","2022-02-09 14:09:31","2022-02-09 14:32:04");
INSERT INTO products VALUES("62","مبخره 345","15819203","standard","C128","","7","1","1","1","25","30","10","0","","","","","","1","zummXD2dvAtI.png","","","","","","","","","1","2022-02-09 14:10:02","2022-02-09 14:32:04");
INSERT INTO products VALUES("63","مبخره 348","43961222","standard","C128","","7","1","1","1","21","27","14","0","","","","","","1","zummXD2dvAtI.png","","","","","","","","","1","2022-02-09 14:10:41","2022-04-06 13:02:05");
INSERT INTO products VALUES("64","كره ثلج صغيره","39857929","standard","C128","","7","1","1","1","17","22","3","0","","","","","","1","zummXD2dvAtI.png","","","","","","","","","1","2022-02-09 14:11:25","2022-02-13 14:26:48");
INSERT INTO products VALUES("65","دب فرو","00507319","standard","C128","","7","1","1","1","32","35","11","0","","","","","","1","zummXD2dvAtI.png","","","","","","","","","1","2022-02-09 14:11:58","2022-02-09 14:32:06");
INSERT INTO products VALUES("66","مكنه حلاقه","04902317","standard","C128","","7","1","1","1","15","18","0","0","","","","","","1","zummXD2dvAtI.png","","","","","","","","","1","2022-02-13 13:05:32","2022-02-13 13:05:32");
INSERT INTO products VALUES("67","3d","93512336","standard","C128","","7","1","1","1","27","30","8","0","","","","","","1","zummXD2dvAtI.png","","","","","","","","","1","2022-02-13 13:57:27","2022-02-13 14:00:39");
INSERT INTO products VALUES("68","بوكس فردي 12-5","14026277","standard","C128","","2","1","1","1","25","30","1","0","","","","","","1","zummXD2dvAtI.png","","","","","","","","","1","2022-03-17 17:58:19","2022-11-15 19:26:45");
INSERT INTO products VALUES("69","بوكس 10-5","81539182","standard","C128","","2","1","1","1","45","55","4","0","","","","","","1","zummXD2dvAtI.png","","","","","","","","","1","2022-03-17 17:59:23","2022-03-17 19:34:18");
INSERT INTO products VALUES("70","بوكس 220-2","30902559","standard","C128","","2","1","1","1","40","50","2","0","","","","","","1","zummXD2dvAtI.png","","","","","","","","","1","2022-03-17 18:00:04","2022-03-26 13:55:38");
INSERT INTO products VALUES("71","بوكس 30-2","80524002","standard","C128","","2","1","1","1","45","55","3","0","","","","","","1","zummXD2dvAtI.png","","","","","","","","","1","2022-03-17 18:00:52","2022-03-17 19:34:18");
INSERT INTO products VALUES("72","بوكس 1-2","09138073","standard","C128","","2","1","1","1","45","55","3","0","","","","","","1","zummXD2dvAtI.png","","","","","","","","","1","2022-03-17 18:01:54","2022-03-17 19:34:18");
INSERT INTO products VALUES("73","بوكس 02-2","99314156","standard","C128","","2","1","1","1","45","55","3","0","","","","","","1","zummXD2dvAtI.png","","","","","","","","","1","2022-03-17 18:02:48","2022-08-13 13:52:21");
INSERT INTO products VALUES("74","بوكس 5-5","70470495","standard","C128","","2","1","1","1","45","55","4","0","","","","","","1","zummXD2dvAtI.png","","","","","","","","","1","2022-03-17 18:03:30","2022-03-17 19:34:18");
INSERT INTO products VALUES("75","بوكس 9-5","61899046","standard","C128","","2","1","1","1","45","55","4","0","","","","","","1","zummXD2dvAtI.png","","","","","","","","","1","2022-03-17 18:04:08","2022-03-17 19:34:18");
INSERT INTO products VALUES("76","بوكس 4-5","85620840","standard","C128","","2","1","1","1","40","50","4","0","","","","","","1","zummXD2dvAtI.png","","","","","","","","","1","2022-03-17 18:04:55","2022-03-17 19:34:18");
INSERT INTO products VALUES("77","بوكس 11-4","10862150","standard","C128","","2","1","1","1","55","60","3","0","","","","","","1","zummXD2dvAtI.png","","","","","","","","","1","2022-03-17 18:05:47","2022-03-17 19:34:18");
INSERT INTO products VALUES("78","بوكس 10-3","73593071","standard","C128","","2","1","1","1","30","35","3","0","","","","","","1","zummXD2dvAtI.png","","","","","","","","","1","2022-03-17 18:06:32","2022-03-17 19:34:18");
INSERT INTO products VALUES("79","بوكس 10-55","96458502","standard","C128","","2","1","1","1","35","45","3","0","","","","","","1","zummXD2dvAtI.png","","","","","","","","","1","2022-03-17 19:18:12","2022-03-17 19:34:18");
INSERT INTO products VALUES("80","بوكس 40-2","16906243","standard","C128","","2","1","1","1","27","35","4","0","","","","","","1","zummXD2dvAtI.png","","","","","","","","","1","2022-03-17 19:18:54","2022-03-17 19:34:18");
INSERT INTO products VALUES("81","بوكس 115-3","63336701","standard","C128","","2","1","1","1","40","50","3","0","","","","","","1","zummXD2dvAtI.png","","","","","","","","","1","2022-03-17 19:19:37","2022-03-17 19:34:18");
INSERT INTO products VALUES("82","بوكس 1-5","40151322","standard","C128","","2","1","1","1","50","60","3","0","","","","","","1","zummXD2dvAtI.png","","","","","","","","","1","2022-03-17 19:20:10","2022-03-17 19:34:18");
INSERT INTO products VALUES("83","بوكس 11-5","16602310","standard","C128","","2","1","1","1","45","55","4","0","","","","","","1","zummXD2dvAtI.png","","","","","","","","","1","2022-03-17 19:20:52","2022-03-17 19:34:18");
INSERT INTO products VALUES("84","بوكس 7-5","73244019","standard","C128","","2","1","1","1","45","55","0","0","","","","","","1","zummXD2dvAtI.png","","","","","","","","","1","2022-03-17 19:21:51","2022-03-17 19:21:51");
INSERT INTO products VALUES("85","بوكس 7-55","63254270","standard","C128","","2","1","1","1","45","55","4","0","","","","","","1","zummXD2dvAtI.png","","","","","","","","","1","2022-03-17 19:23:16","2022-03-17 19:34:18");
INSERT INTO products VALUES("86","بوكس 3-5","29173813","standard","C128","","2","1","1","1","45","55","3","0","","","","","","1","zummXD2dvAtI.png","","","","","","","","","1","2022-03-17 19:24:00","2022-03-17 19:34:18");
INSERT INTO products VALUES("87","بوكس 8-5","30252038","standard","C128","","2","1","1","1","60","65","4","0","","","","","","1","zummXD2dvAtI.png","","","","","","","","","1","2022-03-17 19:26:17","2022-03-17 19:34:18");
INSERT INTO products VALUES("88","بوكس 15-60","34156099","standard","C128","","2","1","1","1","30","35","2","0","","","","","","1","zummXD2dvAtI.png","","","","","","","","","1","2022-03-17 19:27:32","2022-03-17 19:34:18");
INSERT INTO products VALUES("89","مج مركات","12029781","standard","C128","","7","1","1","1","15","20","25","0","","","","","","1","zummXD2dvAtI.png","","","","","","","","","1","2022-03-27 14:57:33","2022-03-27 14:59:45");
INSERT INTO products VALUES("90","مج مركات غطاء","53427650","standard","C128","","7","1","1","1","15","25","10","0","","","","","","1","zummXD2dvAtI.png","","","","","","","","","1","2022-03-27 14:58:13","2022-03-27 14:59:45");
INSERT INTO products VALUES("91","علبه ساعه","36922155","standard","C128","","2","1","1","1","21","24","3","0","","","","","","1","zummXD2dvAtI.png","","","","","","","","","1","2022-03-27 15:03:06","2022-03-27 15:03:32");
INSERT INTO products VALUES("92","بوكس مشكل 3 قطع","93062858","standard","C128","","2","1","1","1","20","35","0","0","","","","","","1","zummXD2dvAtI.png","","","","","","","","","1","2022-04-25 13:59:30","2022-04-25 13:59:30");
INSERT INTO products VALUES("93","بوكس ثنائي دائري","60031932","standard","C128","","2","1","1","1","20","40","0","0","","","","","","1","zummXD2dvAtI.png","","","","","","","","","1","2022-04-25 14:00:29","2022-04-25 14:00:29");
INSERT INTO products VALUES("94","بوكس دئري  3 قطع","21664101","standard","C128","","2","1","1","1","20","35","0","0","","","","","","1","zummXD2dvAtI.png","","","","","","","","","1","2022-04-25 14:01:11","2022-04-25 14:01:11");
INSERT INTO products VALUES("95","بوكس دائري 5 قطع","59201573","standard","C128","","2","1","1","1","70","80","3","0","","","","","","1","zummXD2dvAtI.png","","","","","","","","","1","2022-04-27 22:34:07","2022-04-27 22:35:59");
INSERT INTO products VALUES("96","بندا صغيره","09110235","standard","C128","","7","1","1","1","40","50","1","0","","","","","","1","zummXD2dvAtI.png","","","","","","","","","1","2022-04-27 22:34:43","2022-04-27 22:35:59");
INSERT INTO products VALUES("97","سله بوكس","54963878","standard","C128","","2","1","1","1","20","22","0","0","","","","","","1","zummXD2dvAtI.png","","","","","","","","","1","2022-04-28 10:34:49","2022-05-18 11:23:48");
INSERT INTO products VALUES("98","ورد علبه صغير","02593268","standard","C128","","3","1","1","1","25","30","10","0","","","","","","1","zummXD2dvAtI.png","","","","","","","","","1","2022-05-08 15:29:36","2022-05-08 15:32:46");
INSERT INTO products VALUES("99","مصحف شريف فرو كبير","96791740","standard","C128","","7","1","1","1","28","31","1","0","","","","","","1","zummXD2dvAtI.png","","","","","","","","","1","2022-06-07 17:37:47","2022-06-07 17:44:17");
INSERT INTO products VALUES("100","مصحف شريف فرو صغير","40309590","standard","C128","","7","1","1","1","26","28","3","0","","","","","","1","zummXD2dvAtI.png","","","","","","","","","1","2022-06-07 17:38:39","2022-06-07 17:44:17");
INSERT INTO products VALUES("101","حامله قهوه وشاهي","23474261","standard","C128","","7","1","1","1","8","12","132","0","","","","","","1","zummXD2dvAtI.png","","","0","0","","","","","1","2022-06-20 12:23:34","2022-07-02 19:43:00");
INSERT INTO products VALUES("102","حامله عيد سعيد \عيد مبارك","18350296","standard","C128","","7","1","1","1","10","15","48","0","","","","","","1","zummXD2dvAtI.png","","","","","","","","","1","2022-06-20 12:24:39","2022-07-02 19:43:00");
INSERT INTO products VALUES("103","بوكس ثلاثي ساده","90665227","standard","C128","","2","1","1","1","20","40","11","0","","","","","","1","zummXD2dvAtI.png","","","","","","","","","1","2022-09-17 12:44:55","2022-11-15 19:26:45");
INSERT INTO products VALUES("104","جبس فاليا صغيره","63160303","standard","C128","","3","1","1","1","9.5","15","15","0","","","","","","1","zummXD2dvAtI.png","","","","","","","","","1","2022-11-03 10:33:56","2022-12-08 13:34:38");
INSERT INTO products VALUES("105","بوكس مارش","56342945","standard","C128","","2","1","1","1","35","45","11","0","","","","","","1","zummXD2dvAtI.png","","","","","","","","","1","2022-11-03 10:34:54","2022-11-10 14:48:57");
INSERT INTO products VALUES("106","بوكس خماسي جامبو ستان","09332723","standard","C128","","2","1","1","1","200","220","14","0","","","","","","1","zummXD2dvAtI.png","","","","","","","","","1","2022-12-08 09:58:40","2022-12-08 12:31:41");
INSERT INTO products VALUES("107","بوكس خماسي مربع ستان","50917384","standard","C128","","2","1","1","1","180","200","19","0","","","","","","1","zummXD2dvAtI.png","","","","","","","","","1","2022-12-08 09:59:35","2022-12-08 13:28:18");
INSERT INTO products VALUES("108","كيس هدايا صغير","17221036","standard","C128","","4","1","1","1","12","15","6","0","","","","","","1","zummXD2dvAtI.png","","","","","","","","","1","2022-12-08 10:01:19","2022-12-08 17:36:00");
INSERT INTO products VALUES("109","كيس هدايا وسط 1","23846907","standard","C128","","4","1","1","1","15","18","0","0","","","","","","1","zummXD2dvAtI.png","","","","","","","","","1","2022-12-08 10:02:33","2022-12-08 10:02:33");
INSERT INTO products VALUES("110","كيس هدايا وسط 2","04795837","standard","C128","","4","1","1","1","18","21","57","0","","","","","","1","zummXD2dvAtI.png","","","","","","","","","1","2022-12-08 10:03:15","2022-12-15 16:26:58");
INSERT INTO products VALUES("111","كيس هدايا كبير 1","10461970","standard","C128","","4","1","1","1","27","30","0","0","","","","","","1","zummXD2dvAtI.png","","","","","","","","","1","2022-12-08 10:04:17","2022-12-08 10:04:17");
INSERT INTO products VALUES("112","كيس هدايا كبير 2","95302604","standard","C128","","4","1","1","1","30","36","6","0","","","","","","1","zummXD2dvAtI.png","","","","","","","","","1","2022-12-08 10:05:13","2022-12-08 12:29:02");
INSERT INTO products VALUES("113","كيس هدايا لوكس صغير","97748220","standard","C128","","4","1","1","1","18","24","10","0","","","","","","1","zummXD2dvAtI.png","","","","","","","","","1","2022-12-08 10:06:11","2022-12-08 13:25:02");
INSERT INTO products VALUES("114","كيس هدايا لوكس كبير","29062406","standard","C128","","4","1","1","1","30","36","2","0","","","","","","1","zummXD2dvAtI.png","","","","","","","","","1","2022-12-08 10:06:57","2022-12-08 13:20:31");
INSERT INTO products VALUES("115","كيس هدايا لوكس عريض","00995273","standard","C128","","4","1","1","1","30","36","14","0","","","","","","1","zummXD2dvAtI.png","","","","","","","","","1","2022-12-08 10:08:44","2022-12-15 13:19:57");



CREATE TABLE `purchase_product_return` (
  `id` int(10) unsigned NOT NULL AUTO_INCREMENT,
  `return_id` int(11) NOT NULL,
  `product_id` int(11) NOT NULL,
  `variant_id` int(11) DEFAULT NULL,
  `qty` double NOT NULL,
  `purchase_unit_id` int(11) NOT NULL,
  `net_unit_cost` double NOT NULL,
  `discount` double NOT NULL,
  `tax_rate` double NOT NULL,
  `tax` double NOT NULL,
  `total` double NOT NULL,
  `created_at` timestamp NULL DEFAULT NULL,
  `updated_at` timestamp NULL DEFAULT NULL,
  PRIMARY KEY (`id`)
) ENGINE=InnoDB AUTO_INCREMENT=12 DEFAULT CHARSET=utf8mb4 COLLATE=utf8mb4_unicode_ci;




CREATE TABLE `purchases` (
  `id` int(10) unsigned NOT NULL AUTO_INCREMENT,
  `reference_no` varchar(191) COLLATE utf8mb4_unicode_ci NOT NULL,
  `user_id` int(11) NOT NULL,
  `warehouse_id` int(11) NOT NULL,
  `supplier_id` int(11) DEFAULT NULL,
  `item` int(11) NOT NULL,
  `total_qty` double NOT NULL,
  `total_discount` double NOT NULL,
  `total_tax` double NOT NULL,
  `total_cost` double NOT NULL,
  `order_tax_rate` double DEFAULT NULL,
  `order_tax` double DEFAULT NULL,
  `order_discount` double DEFAULT NULL,
  `shipping_cost` double DEFAULT NULL,
  `grand_total` double NOT NULL,
  `paid_amount` double NOT NULL,
  `status` int(11) NOT NULL,
  `payment_status` int(11) NOT NULL,
  `document` varchar(191) COLLATE utf8mb4_unicode_ci DEFAULT NULL,
  `note` text COLLATE utf8mb4_unicode_ci DEFAULT NULL,
  `created_at` timestamp NULL DEFAULT NULL,
  `updated_at` timestamp NULL DEFAULT NULL,
  PRIMARY KEY (`id`)
) ENGINE=InnoDB AUTO_INCREMENT=57 DEFAULT CHARSET=utf8mb4 COLLATE=utf8mb4_unicode_ci;

INSERT INTO purchases VALUES("10","pr-20211221-101107","1","2","3","4","1176","0","0","65460","0","0","","","65460","0","1","1","","","2021-12-21 22:11:07","2021-12-21 22:11:07");
INSERT INTO purchases VALUES("11","pr-20211222-094148","1","2","3","1","10","0","0","300","0","0","","","300","0","1","1","","","2021-12-22 09:41:48","2021-12-22 09:41:48");
INSERT INTO purchases VALUES("12","pr-20211222-094839","1","2","3","1","8","0","0","1200","0","0","","","1200","0","1","1","","","2021-12-22 09:48:39","2021-12-22 09:48:39");
INSERT INTO purchases VALUES("13","pr-20211222-014936","1","2","3","1","3","0","0","450","0","0","","","450","0","1","1","","","2021-12-22 13:49:36","2021-12-22 13:49:36");
INSERT INTO purchases VALUES("14","pr-20211227-110803","1","2","4","1","50","0","0","950","0","0","","","950","0","1","1","","","2021-12-27 11:08:03","2021-12-27 11:08:03");
INSERT INTO purchases VALUES("15","pr-20211227-054909","1","2","4","1","87","0","0","3045","0","0","","","3045","0","1","1","","","2021-12-27 17:49:09","2021-12-27 17:49:09");
INSERT INTO purchases VALUES("16","pr-20211227-055519","1","2","4","1","30","0","0","1050","0","0","","","1050","0","1","1","","","2021-12-27 17:55:19","2021-12-27 17:55:19");
INSERT INTO purchases VALUES("17","pr-20211227-060751","1","2","6","2","11","0","0","445","0","0","","","445","0","1","1","","","2021-12-27 18:07:51","2021-12-27 18:07:51");
INSERT INTO purchases VALUES("18","pr-20211227-060959","1","2","6","1","10","0","0","400","0","0","","","400","0","1","1","","","2021-12-27 18:09:59","2021-12-27 18:09:59");
INSERT INTO purchases VALUES("19","pr-20211227-063431","1","2","4","1","4","0","0","220","0","0","","","220","0","1","1","","","2021-12-27 18:34:31","2021-12-27 18:34:31");
INSERT INTO purchases VALUES("20","pr-20211227-064226","1","2","4","1","4","0","0","260","0","0","","","260","0","1","1","","","2021-12-27 18:42:26","2021-12-27 18:42:26");
INSERT INTO purchases VALUES("21","pr-20211227-075222","1","2","6","1","4","0","0","40","0","0","","","40","0","1","1","","","2021-12-27 19:52:22","2021-12-27 19:52:22");
INSERT INTO purchases VALUES("22","pr-20211227-080836","1","2","4","1","6","0","0","270","0","0","","","270","0","1","1","","","2021-12-27 20:08:36","2021-12-27 20:08:36");
INSERT INTO purchases VALUES("23","pr-20211227-080911","1","2","4","1","3","0","0","135","0","0","","","135","0","1","1","","","2021-12-27 20:09:11","2021-12-27 20:09:11");
INSERT INTO purchases VALUES("24","pr-20211227-082005","1","2","3","1","7","0","0","490","0","0","","","490","0","1","1","","","2021-12-27 20:20:05","2021-12-27 20:20:05");
INSERT INTO purchases VALUES("25","pr-20211227-083210","1","2","7","1","30","0","0","1050","0","0","","","1050","0","1","1","","","2021-12-27 20:32:10","2021-12-27 20:32:10");
INSERT INTO purchases VALUES("26","pr-20220101-103026","1","2","4","1","9","0","0","171","0","0","","","171","0","1","1","","","2022-01-01 10:30:26","2022-01-01 10:30:26");
INSERT INTO purchases VALUES("27","pr-20220102-025927","1","2","4","1","6","0","0","210","0","0","","","210","0","1","1","","","2022-01-02 14:59:27","2022-01-02 14:59:27");
INSERT INTO purchases VALUES("28","pr-20220102-030120","1","2","4","1","19","0","0","665","0","0","","","665","0","1","1","","","2022-01-02 15:01:20","2022-01-02 15:01:20");
INSERT INTO purchases VALUES("29","pr-20220113-013815","1","2","4","1","10","0","0","190","0","0","","","190","0","1","1","","","2022-01-13 13:38:15","2022-01-13 13:38:15");
INSERT INTO purchases VALUES("30","pr-20220113-051637","1","2","4","1","50","0","0","950","0","0","","","950","0","1","1","","","2022-01-13 17:16:37","2022-01-13 17:16:37");
INSERT INTO purchases VALUES("31","pr-20220207-114427","1","2","3","1","259","0","0","12950","0","0","","","12950","0","1","1","","بوكسات الدفعه الثالثه","2022-02-07 11:44:27","2022-02-07 11:44:27");
INSERT INTO purchases VALUES("32","pr-20220209-023153","1","2","8","24","208","0","0","4731.5","0","0","473","","4258.5","0","1","1","","","2022-02-09 14:31:53","2022-02-09 14:31:53");
INSERT INTO purchases VALUES("33","pr-20220213-015758","1","2","8","1","10","0","0","270","0","0","","","270","0","1","1","","","2022-02-13 13:57:58","2022-02-13 13:57:58");
INSERT INTO purchases VALUES("34","pr-20220307-105851","1","2","4","2","131","0","0","2652","0","0","","","2652","0","1","1","","","2022-03-07 10:58:51","2022-03-07 10:58:51");
INSERT INTO purchases VALUES("35","pr-20220317-073418","1","2","4","20","70","0","0","2948","0","0","","","2948","0","1","1","","","2022-03-17 19:34:18","2022-03-17 19:34:18");
INSERT INTO purchases VALUES("36","pr-20220327-025945","1","2","8","2","35","0","0","525","0","0","","","525","0","1","1","","","2022-03-27 14:59:45","2022-03-27 14:59:45");
INSERT INTO purchases VALUES("37","pr-20220327-030118","1","2","3","1","2","0","0","60","0","0","","","60","0","1","1","","","2022-03-27 15:01:18","2022-03-27 15:01:18");
INSERT INTO purchases VALUES("38","pr-20220327-030332","1","2","3","1","3","0","0","63","0","0","","","63","0","1","1","","","2022-03-27 15:03:32","2022-03-27 15:03:32");
INSERT INTO purchases VALUES("39","pr-20220402-014009","1","2","3","3","828","0","0","38280","0","0","0","0","38280","0","1","1","","","2022-04-02 13:40:09","2022-04-10 09:55:09");
INSERT INTO purchases VALUES("40","pr-20220402-023343","1","2","4","1","27","0","0","459","0","0","","","459","0","1","1","","","2022-04-02 14:33:43","2022-04-02 14:33:43");
INSERT INTO purchases VALUES("41","pr-20220409-034629","1","2","3","1","280","0","0","11200","0","0","","","11200","0","1","1","","","2022-04-09 15:46:29","2022-04-09 15:46:29");
INSERT INTO purchases VALUES("42","pr-20220423-010400","1","2","3","4","526","0","0","25710","0","0","","","25710","0","1","1","","","2022-04-23 13:04:00","2022-04-23 13:04:00");
INSERT INTO purchases VALUES("43","pr-20220427-103559","1","2","7","2","4","0","0","250","0","0","","","250","0","1","1","","","2022-04-27 22:35:59","2022-04-27 22:35:59");
INSERT INTO purchases VALUES("44","pr-20220428-104119","1","2","8","1","5","0","0","100","0","0","","","100","0","1","1","","","2022-04-28 10:41:19","2022-04-28 10:41:19");
INSERT INTO purchases VALUES("45","pr-20220508-033042","1","2","5","1","6","0","0","150","0","0","","","150","0","1","1","","","2022-05-08 15:30:42","2022-05-08 15:30:42");
INSERT INTO purchases VALUES("46","pr-20220508-033042","1","2","5","1","6","0","0","150","0","0","","","150","0","1","1","","","2022-05-08 15:30:42","2022-05-08 15:30:42");
INSERT INTO purchases VALUES("47","pr-20220607-054007","1","2","5","2","14","0","0","378","0","0","","","378","0","1","1","","","2022-06-07 17:40:07","2022-06-07 17:40:07");
INSERT INTO purchases VALUES("48","pr-20220619-023056","1","2","3","2","320","0","0","16850","0","0","","","16850","0","1","1","","","2022-06-19 14:30:56","2022-06-19 14:30:56");
INSERT INTO purchases VALUES("49","pr-20220620-123012","1","2","9","2","216","0","0","1872","0","0","","","1872","0","1","1","","","2022-06-20 12:30:12","2022-06-20 12:30:12");
INSERT INTO purchases VALUES("50","pr-20220714-082932","1","2","3","1","500","0","0","20000","0","0","","","20000","0","1","1","","","2022-07-14 08:29:32","2022-07-14 08:29:32");
INSERT INTO purchases VALUES("51","pr-20220723-094952","1","2","5","1","10","0","0","350","0","0","","","350","0","1","1","","","2022-07-23 09:49:52","2022-07-23 09:49:52");
INSERT INTO purchases VALUES("52","pr-20220730-093315","1","2","3","1","564","0","0","33840","0","0","","","33840","0","1","1","","","2022-07-30 09:33:15","2022-07-30 09:33:15");
INSERT INTO purchases VALUES("53","pr-20220917-125018","1","2","3","3","514","0","0","20880","0","0","","","20880","0","1","1","","","2022-09-17 12:50:18","2022-09-17 12:50:18");
INSERT INTO purchases VALUES("54","pr-20221006-040403","1","2","3","1","420","0","0","21000","0","0","","","21000","0","1","1","","","2022-10-06 16:04:03","2022-10-06 16:04:03");
INSERT INTO purchases VALUES("55","pr-20221103-103722","1","2","6","2","70","0","0","1175","0","0","","","1175","0","1","1","","","2022-11-03 10:37:22","2022-11-03 10:37:22");
INSERT INTO purchases VALUES("56","pr-20221208-104237","1","2","10","8","216","0","0","12875","0","0","","","12875","0","1","1","","","2022-12-08 10:42:37","2022-12-08 10:42:37");



CREATE TABLE `quotations` (
  `id` int(10) unsigned NOT NULL AUTO_INCREMENT,
  `reference_no` varchar(191) COLLATE utf8mb4_unicode_ci NOT NULL,
  `user_id` int(11) NOT NULL,
  `biller_id` int(11) NOT NULL,
  `supplier_id` int(11) DEFAULT NULL,
  `customer_id` int(11) NOT NULL,
  `warehouse_id` int(11) NOT NULL,
  `item` int(11) NOT NULL,
  `total_qty` double NOT NULL,
  `total_discount` double NOT NULL,
  `total_tax` double NOT NULL,
  `total_price` double NOT NULL,
  `order_tax_rate` double DEFAULT NULL,
  `order_tax` double DEFAULT NULL,
  `order_discount` double DEFAULT NULL,
  `shipping_cost` double DEFAULT NULL,
  `grand_total` double NOT NULL,
  `quotation_status` int(11) NOT NULL,
  `document` varchar(191) COLLATE utf8mb4_unicode_ci DEFAULT NULL,
  `note` text COLLATE utf8mb4_unicode_ci DEFAULT NULL,
  `created_at` timestamp NULL DEFAULT NULL,
  `updated_at` timestamp NULL DEFAULT NULL,
  PRIMARY KEY (`id`)
) ENGINE=InnoDB AUTO_INCREMENT=12 DEFAULT CHARSET=utf8mb4 COLLATE=utf8mb4_unicode_ci;




CREATE TABLE `return_purchases` (
  `id` int(10) unsigned NOT NULL AUTO_INCREMENT,
  `reference_no` varchar(191) COLLATE utf8mb4_unicode_ci NOT NULL,
  `supplier_id` int(11) DEFAULT NULL,
  `warehouse_id` int(11) NOT NULL,
  `user_id` int(11) NOT NULL,
  `account_id` int(11) NOT NULL,
  `item` int(11) NOT NULL,
  `total_qty` double NOT NULL,
  `total_discount` double NOT NULL,
  `total_tax` double NOT NULL,
  `total_cost` double NOT NULL,
  `order_tax_rate` double DEFAULT NULL,
  `order_tax` double DEFAULT NULL,
  `grand_total` double NOT NULL,
  `document` varchar(191) COLLATE utf8mb4_unicode_ci DEFAULT NULL,
  `return_note` text COLLATE utf8mb4_unicode_ci DEFAULT NULL,
  `staff_note` text COLLATE utf8mb4_unicode_ci DEFAULT NULL,
  `created_at` timestamp NULL DEFAULT NULL,
  `updated_at` timestamp NULL DEFAULT NULL,
  PRIMARY KEY (`id`)
) ENGINE=InnoDB AUTO_INCREMENT=7 DEFAULT CHARSET=utf8mb4 COLLATE=utf8mb4_unicode_ci;




CREATE TABLE `returns` (
  `id` int(10) unsigned NOT NULL AUTO_INCREMENT,
  `reference_no` varchar(191) COLLATE utf8mb4_unicode_ci NOT NULL,
  `user_id` int(11) NOT NULL,
  `cash_register_id` int(11) DEFAULT NULL,
  `customer_id` int(11) NOT NULL,
  `warehouse_id` int(11) NOT NULL,
  `biller_id` int(11) NOT NULL,
  `account_id` int(11) NOT NULL,
  `item` int(11) NOT NULL,
  `total_qty` double NOT NULL,
  `total_discount` double NOT NULL,
  `total_tax` double NOT NULL,
  `total_price` double NOT NULL,
  `order_tax_rate` double DEFAULT NULL,
  `order_tax` double DEFAULT NULL,
  `grand_total` double NOT NULL,
  `document` varchar(191) COLLATE utf8mb4_unicode_ci DEFAULT NULL,
  `return_note` text COLLATE utf8mb4_unicode_ci DEFAULT NULL,
  `staff_note` text COLLATE utf8mb4_unicode_ci DEFAULT NULL,
  `created_at` timestamp NULL DEFAULT NULL,
  `updated_at` timestamp NULL DEFAULT NULL,
  PRIMARY KEY (`id`)
) ENGINE=InnoDB AUTO_INCREMENT=26 DEFAULT CHARSET=utf8mb4 COLLATE=utf8mb4_unicode_ci;

INSERT INTO returns VALUES("2","rr-20180809-055834","1","","1","1","1","1","1","20","0","0","40","10","4","44","","","","2018-08-09 02:58:34","2018-08-09 02:58:34");
INSERT INTO returns VALUES("3","rr-20180828-045527","1","","1","1","1","1","1","2","0","0","44","0","0","44","","","","2018-08-28 01:55:27","2018-09-20 14:03:47");
INSERT INTO returns VALUES("5","rr-20181007-082129","1","","11","1","2","1","1","1","0","0","250","0","0","250","","","","2018-10-07 05:21:29","2018-12-26 00:16:08");
INSERT INTO returns VALUES("6","rr-20190101-090630","1","","1","1","1","1","1","1","0","40","440","0","0","440","","","","2019-01-01 05:06:30","2019-01-01 05:06:30");
INSERT INTO returns VALUES("13","rr-20200816-102502","1","","1","1","2","1","1","1","0","1500","11500","0","0","11500","","","","2020-08-16 19:25:02","2020-08-16 19:25:02");
INSERT INTO returns VALUES("14","rr-20201013-053954","1","1","1","1","1","1","1","1","0","40","440","0","0","440","","","","2020-10-13 14:39:54","2020-10-13 14:39:54");
INSERT INTO returns VALUES("18","rr-20201118-070218","1","4","1","1","1","1","1","1","0","1500","11500","0","0","11500","","","","2020-11-18 03:02:18","2020-11-18 03:02:18");
INSERT INTO returns VALUES("20","rr-20211221-111430","1","9","26","1","1","1","1","1","0","0","90","0","0","90","","","","2021-12-21 23:14:30","2021-12-21 23:14:30");
INSERT INTO returns VALUES("21","rr-20220210-054210","1","9","86","2","1","1","1","1","0","0","90","0","0","90","","","","2022-02-10 17:42:10","2022-02-10 17:42:10");
INSERT INTO returns VALUES("23","rr-20220419-101933","1","9","110","2","1","1","1","2","0","0","200","0","0","200","","","","2022-04-19 22:19:33","2022-04-19 22:19:33");
INSERT INTO returns VALUES("24","rr-20220424-044511","1","9","39","2","1","1","1","1","0","0","325","0","0","325","","","","2022-04-24 16:45:11","2022-04-24 16:45:11");



CREATE TABLE `role_has_permissions` (
  `permission_id` int(10) unsigned NOT NULL,
  `role_id` int(10) unsigned NOT NULL,
  PRIMARY KEY (`permission_id`,`role_id`),
  KEY `role_has_permissions_role_id_foreign` (`role_id`),
  CONSTRAINT `role_has_permissions_permission_id_foreign` FOREIGN KEY (`permission_id`) REFERENCES `permissions` (`id`) ON DELETE CASCADE,
  CONSTRAINT `role_has_permissions_role_id_foreign` FOREIGN KEY (`role_id`) REFERENCES `roles` (`id`) ON DELETE CASCADE
) ENGINE=InnoDB DEFAULT CHARSET=utf8mb4 COLLATE=utf8mb4_unicode_ci;

INSERT INTO role_has_permissions VALUES("4","1");
INSERT INTO role_has_permissions VALUES("4","2");
INSERT INTO role_has_permissions VALUES("4","4");
INSERT INTO role_has_permissions VALUES("4","6");
INSERT INTO role_has_permissions VALUES("5","1");
INSERT INTO role_has_permissions VALUES("5","2");
INSERT INTO role_has_permissions VALUES("5","6");
INSERT INTO role_has_permissions VALUES("6","1");
INSERT INTO role_has_permissions VALUES("6","2");
INSERT INTO role_has_permissions VALUES("6","4");
INSERT INTO role_has_permissions VALUES("6","6");
INSERT INTO role_has_permissions VALUES("7","1");
INSERT INTO role_has_permissions VALUES("7","2");
INSERT INTO role_has_permissions VALUES("7","4");
INSERT INTO role_has_permissions VALUES("7","6");
INSERT INTO role_has_permissions VALUES("8","1");
INSERT INTO role_has_permissions VALUES("8","2");
INSERT INTO role_has_permissions VALUES("8","4");
INSERT INTO role_has_permissions VALUES("8","6");
INSERT INTO role_has_permissions VALUES("9","1");
INSERT INTO role_has_permissions VALUES("9","2");
INSERT INTO role_has_permissions VALUES("9","4");
INSERT INTO role_has_permissions VALUES("9","6");
INSERT INTO role_has_permissions VALUES("10","1");
INSERT INTO role_has_permissions VALUES("10","2");
INSERT INTO role_has_permissions VALUES("10","6");
INSERT INTO role_has_permissions VALUES("11","1");
INSERT INTO role_has_permissions VALUES("11","2");
INSERT INTO role_has_permissions VALUES("11","6");
INSERT INTO role_has_permissions VALUES("12","1");
INSERT INTO role_has_permissions VALUES("12","2");
INSERT INTO role_has_permissions VALUES("12","4");
INSERT INTO role_has_permissions VALUES("12","6");
INSERT INTO role_has_permissions VALUES("13","1");
INSERT INTO role_has_permissions VALUES("13","2");
INSERT INTO role_has_permissions VALUES("13","4");
INSERT INTO role_has_permissions VALUES("13","6");
INSERT INTO role_has_permissions VALUES("14","1");
INSERT INTO role_has_permissions VALUES("14","2");
INSERT INTO role_has_permissions VALUES("14","6");
INSERT INTO role_has_permissions VALUES("15","1");
INSERT INTO role_has_permissions VALUES("15","2");
INSERT INTO role_has_permissions VALUES("15","6");
INSERT INTO role_has_permissions VALUES("16","1");
INSERT INTO role_has_permissions VALUES("16","2");
INSERT INTO role_has_permissions VALUES("17","1");
INSERT INTO role_has_permissions VALUES("17","2");
INSERT INTO role_has_permissions VALUES("18","1");
INSERT INTO role_has_permissions VALUES("18","2");
INSERT INTO role_has_permissions VALUES("19","1");
INSERT INTO role_has_permissions VALUES("19","2");
INSERT INTO role_has_permissions VALUES("20","1");
INSERT INTO role_has_permissions VALUES("20","2");
INSERT INTO role_has_permissions VALUES("20","4");
INSERT INTO role_has_permissions VALUES("21","1");
INSERT INTO role_has_permissions VALUES("21","2");
INSERT INTO role_has_permissions VALUES("21","4");
INSERT INTO role_has_permissions VALUES("22","1");
INSERT INTO role_has_permissions VALUES("22","2");
INSERT INTO role_has_permissions VALUES("22","4");
INSERT INTO role_has_permissions VALUES("23","1");
INSERT INTO role_has_permissions VALUES("23","2");
INSERT INTO role_has_permissions VALUES("24","1");
INSERT INTO role_has_permissions VALUES("24","2");
INSERT INTO role_has_permissions VALUES("24","4");
INSERT INTO role_has_permissions VALUES("25","1");
INSERT INTO role_has_permissions VALUES("25","2");
INSERT INTO role_has_permissions VALUES("25","4");
INSERT INTO role_has_permissions VALUES("26","1");
INSERT INTO role_has_permissions VALUES("26","2");
INSERT INTO role_has_permissions VALUES("27","1");
INSERT INTO role_has_permissions VALUES("27","2");
INSERT INTO role_has_permissions VALUES("28","1");
INSERT INTO role_has_permissions VALUES("28","2");
INSERT INTO role_has_permissions VALUES("28","4");
INSERT INTO role_has_permissions VALUES("29","1");
INSERT INTO role_has_permissions VALUES("29","2");
INSERT INTO role_has_permissions VALUES("29","4");
INSERT INTO role_has_permissions VALUES("30","1");
INSERT INTO role_has_permissions VALUES("30","2");
INSERT INTO role_has_permissions VALUES("31","1");
INSERT INTO role_has_permissions VALUES("31","2");
INSERT INTO role_has_permissions VALUES("32","1");
INSERT INTO role_has_permissions VALUES("32","2");
INSERT INTO role_has_permissions VALUES("32","6");
INSERT INTO role_has_permissions VALUES("33","1");
INSERT INTO role_has_permissions VALUES("33","2");
INSERT INTO role_has_permissions VALUES("33","6");
INSERT INTO role_has_permissions VALUES("34","1");
INSERT INTO role_has_permissions VALUES("34","2");
INSERT INTO role_has_permissions VALUES("34","6");
INSERT INTO role_has_permissions VALUES("35","1");
INSERT INTO role_has_permissions VALUES("35","2");
INSERT INTO role_has_permissions VALUES("35","6");
INSERT INTO role_has_permissions VALUES("36","1");
INSERT INTO role_has_permissions VALUES("36","2");
INSERT INTO role_has_permissions VALUES("37","1");
INSERT INTO role_has_permissions VALUES("37","2");
INSERT INTO role_has_permissions VALUES("38","1");
INSERT INTO role_has_permissions VALUES("38","2");
INSERT INTO role_has_permissions VALUES("39","1");
INSERT INTO role_has_permissions VALUES("39","2");
INSERT INTO role_has_permissions VALUES("40","1");
INSERT INTO role_has_permissions VALUES("40","2");
INSERT INTO role_has_permissions VALUES("41","1");
INSERT INTO role_has_permissions VALUES("41","2");
INSERT INTO role_has_permissions VALUES("42","1");
INSERT INTO role_has_permissions VALUES("42","2");
INSERT INTO role_has_permissions VALUES("43","1");
INSERT INTO role_has_permissions VALUES("43","2");
INSERT INTO role_has_permissions VALUES("44","1");
INSERT INTO role_has_permissions VALUES("44","2");
INSERT INTO role_has_permissions VALUES("45","1");
INSERT INTO role_has_permissions VALUES("45","2");
INSERT INTO role_has_permissions VALUES("46","1");
INSERT INTO role_has_permissions VALUES("46","2");
INSERT INTO role_has_permissions VALUES("47","1");
INSERT INTO role_has_permissions VALUES("47","2");
INSERT INTO role_has_permissions VALUES("48","1");
INSERT INTO role_has_permissions VALUES("48","2");
INSERT INTO role_has_permissions VALUES("49","1");
INSERT INTO role_has_permissions VALUES("49","2");
INSERT INTO role_has_permissions VALUES("50","1");
INSERT INTO role_has_permissions VALUES("50","2");
INSERT INTO role_has_permissions VALUES("51","1");
INSERT INTO role_has_permissions VALUES("51","2");
INSERT INTO role_has_permissions VALUES("52","1");
INSERT INTO role_has_permissions VALUES("52","2");
INSERT INTO role_has_permissions VALUES("53","1");
INSERT INTO role_has_permissions VALUES("53","2");
INSERT INTO role_has_permissions VALUES("54","1");
INSERT INTO role_has_permissions VALUES("54","2");
INSERT INTO role_has_permissions VALUES("55","1");
INSERT INTO role_has_permissions VALUES("55","2");
INSERT INTO role_has_permissions VALUES("55","4");
INSERT INTO role_has_permissions VALUES("55","6");
INSERT INTO role_has_permissions VALUES("56","1");
INSERT INTO role_has_permissions VALUES("56","2");
INSERT INTO role_has_permissions VALUES("56","4");
INSERT INTO role_has_permissions VALUES("56","6");
INSERT INTO role_has_permissions VALUES("57","1");
INSERT INTO role_has_permissions VALUES("57","2");
INSERT INTO role_has_permissions VALUES("57","4");
INSERT INTO role_has_permissions VALUES("57","6");
INSERT INTO role_has_permissions VALUES("58","1");
INSERT INTO role_has_permissions VALUES("58","2");
INSERT INTO role_has_permissions VALUES("58","6");
INSERT INTO role_has_permissions VALUES("59","1");
INSERT INTO role_has_permissions VALUES("59","2");
INSERT INTO role_has_permissions VALUES("60","1");
INSERT INTO role_has_permissions VALUES("60","2");
INSERT INTO role_has_permissions VALUES("61","1");
INSERT INTO role_has_permissions VALUES("61","2");
INSERT INTO role_has_permissions VALUES("62","1");
INSERT INTO role_has_permissions VALUES("62","2");
INSERT INTO role_has_permissions VALUES("63","1");
INSERT INTO role_has_permissions VALUES("63","2");
INSERT INTO role_has_permissions VALUES("63","4");
INSERT INTO role_has_permissions VALUES("64","1");
INSERT INTO role_has_permissions VALUES("64","2");
INSERT INTO role_has_permissions VALUES("64","4");
INSERT INTO role_has_permissions VALUES("65","1");
INSERT INTO role_has_permissions VALUES("65","2");
INSERT INTO role_has_permissions VALUES("66","1");
INSERT INTO role_has_permissions VALUES("66","2");
INSERT INTO role_has_permissions VALUES("67","1");
INSERT INTO role_has_permissions VALUES("67","2");
INSERT INTO role_has_permissions VALUES("68","1");
INSERT INTO role_has_permissions VALUES("68","2");
INSERT INTO role_has_permissions VALUES("69","1");
INSERT INTO role_has_permissions VALUES("69","2");
INSERT INTO role_has_permissions VALUES("70","1");
INSERT INTO role_has_permissions VALUES("70","2");
INSERT INTO role_has_permissions VALUES("71","1");
INSERT INTO role_has_permissions VALUES("71","2");
INSERT INTO role_has_permissions VALUES("72","1");
INSERT INTO role_has_permissions VALUES("72","2");
INSERT INTO role_has_permissions VALUES("73","1");
INSERT INTO role_has_permissions VALUES("73","2");
INSERT INTO role_has_permissions VALUES("74","1");
INSERT INTO role_has_permissions VALUES("74","2");
INSERT INTO role_has_permissions VALUES("75","1");
INSERT INTO role_has_permissions VALUES("75","2");
INSERT INTO role_has_permissions VALUES("76","1");
INSERT INTO role_has_permissions VALUES("76","2");
INSERT INTO role_has_permissions VALUES("77","1");
INSERT INTO role_has_permissions VALUES("77","2");
INSERT INTO role_has_permissions VALUES("78","1");
INSERT INTO role_has_permissions VALUES("78","2");
INSERT INTO role_has_permissions VALUES("79","1");
INSERT INTO role_has_permissions VALUES("79","2");
INSERT INTO role_has_permissions VALUES("80","1");
INSERT INTO role_has_permissions VALUES("80","2");
INSERT INTO role_has_permissions VALUES("81","1");
INSERT INTO role_has_permissions VALUES("81","2");
INSERT INTO role_has_permissions VALUES("82","1");
INSERT INTO role_has_permissions VALUES("82","2");
INSERT INTO role_has_permissions VALUES("83","1");
INSERT INTO role_has_permissions VALUES("83","2");
INSERT INTO role_has_permissions VALUES("84","1");
INSERT INTO role_has_permissions VALUES("84","2");
INSERT INTO role_has_permissions VALUES("85","1");
INSERT INTO role_has_permissions VALUES("85","2");
INSERT INTO role_has_permissions VALUES("86","1");
INSERT INTO role_has_permissions VALUES("86","2");
INSERT INTO role_has_permissions VALUES("87","1");
INSERT INTO role_has_permissions VALUES("87","2");
INSERT INTO role_has_permissions VALUES("88","1");
INSERT INTO role_has_permissions VALUES("88","2");
INSERT INTO role_has_permissions VALUES("89","1");
INSERT INTO role_has_permissions VALUES("89","2");
INSERT INTO role_has_permissions VALUES("90","1");
INSERT INTO role_has_permissions VALUES("90","2");
INSERT INTO role_has_permissions VALUES("91","1");
INSERT INTO role_has_permissions VALUES("91","2");
INSERT INTO role_has_permissions VALUES("92","1");
INSERT INTO role_has_permissions VALUES("92","2");
INSERT INTO role_has_permissions VALUES("93","1");
INSERT INTO role_has_permissions VALUES("93","2");
INSERT INTO role_has_permissions VALUES("94","1");
INSERT INTO role_has_permissions VALUES("94","2");
INSERT INTO role_has_permissions VALUES("95","1");
INSERT INTO role_has_permissions VALUES("95","2");
INSERT INTO role_has_permissions VALUES("96","1");
INSERT INTO role_has_permissions VALUES("96","2");
INSERT INTO role_has_permissions VALUES("97","1");
INSERT INTO role_has_permissions VALUES("97","2");
INSERT INTO role_has_permissions VALUES("98","1");
INSERT INTO role_has_permissions VALUES("98","2");
INSERT INTO role_has_permissions VALUES("99","1");
INSERT INTO role_has_permissions VALUES("99","2");
INSERT INTO role_has_permissions VALUES("100","1");
INSERT INTO role_has_permissions VALUES("100","2");
INSERT INTO role_has_permissions VALUES("101","1");
INSERT INTO role_has_permissions VALUES("101","2");
INSERT INTO role_has_permissions VALUES("102","1");
INSERT INTO role_has_permissions VALUES("102","2");
INSERT INTO role_has_permissions VALUES("103","1");
INSERT INTO role_has_permissions VALUES("103","2");
INSERT INTO role_has_permissions VALUES("104","1");
INSERT INTO role_has_permissions VALUES("104","2");



CREATE TABLE `roles` (
  `id` int(10) unsigned NOT NULL AUTO_INCREMENT,
  `name` varchar(191) COLLATE utf8mb4_unicode_ci NOT NULL,
  `description` text COLLATE utf8mb4_unicode_ci DEFAULT NULL,
  `guard_name` varchar(191) COLLATE utf8mb4_unicode_ci DEFAULT NULL,
  `is_active` tinyint(1) NOT NULL,
  `created_at` timestamp NULL DEFAULT NULL,
  `updated_at` timestamp NULL DEFAULT NULL,
  PRIMARY KEY (`id`)
) ENGINE=InnoDB AUTO_INCREMENT=7 DEFAULT CHARSET=utf8mb4 COLLATE=utf8mb4_unicode_ci;

INSERT INTO roles VALUES("1","Admin","admin can access all data...","web","1","2018-06-02 02:46:44","2018-06-03 02:13:05");
INSERT INTO roles VALUES("2","Owner","Owner of shop...","web","1","2018-10-22 05:38:13","2018-10-22 05:38:13");
INSERT INTO roles VALUES("4","staff","staff has specific acess...","web","1","2018-06-02 03:05:27","2018-06-02 03:05:27");
INSERT INTO roles VALUES("5","Customer","","web","1","2020-11-05 08:43:16","2020-11-15 02:24:15");
INSERT INTO roles VALUES("6","كاشير","","web","1","2021-08-15 10:42:55","2021-08-15 10:42:55");



CREATE TABLE `sales` (
  `id` int(10) unsigned NOT NULL AUTO_INCREMENT,
  `reference_no` varchar(191) COLLATE utf8mb4_unicode_ci NOT NULL,
  `user_id` int(11) NOT NULL,
  `cash_register_id` int(11) DEFAULT NULL,
  `customer_id` int(11) NOT NULL,
  `warehouse_id` int(11) NOT NULL,
  `biller_id` int(11) DEFAULT NULL,
  `item` int(11) NOT NULL,
  `total_qty` double NOT NULL,
  `total_discount` double NOT NULL,
  `total_tax` double NOT NULL,
  `total_price` double NOT NULL,
  `grand_total` double NOT NULL,
  `order_tax_rate` double DEFAULT NULL,
  `order_tax` double DEFAULT NULL,
  `order_discount` double DEFAULT NULL,
  `coupon_id` int(11) DEFAULT NULL,
  `coupon_discount` double DEFAULT NULL,
  `shipping_cost` double DEFAULT NULL,
  `sale_status` int(11) NOT NULL,
  `payment_status` int(11) NOT NULL,
  `document` varchar(191) COLLATE utf8mb4_unicode_ci DEFAULT NULL,
  `paid_amount` double DEFAULT NULL,
  `sale_note` text COLLATE utf8mb4_unicode_ci DEFAULT NULL,
  `staff_note` text COLLATE utf8mb4_unicode_ci DEFAULT NULL,
  `created_at` timestamp NULL DEFAULT NULL,
  `updated_at` timestamp NULL DEFAULT NULL,
  PRIMARY KEY (`id`)
) ENGINE=InnoDB AUTO_INCREMENT=654 DEFAULT CHARSET=utf8mb4 COLLATE=utf8mb4_unicode_ci;

INSERT INTO sales VALUES("21","posr-20211221-101812","1","9","27","2","1","4","46","0","0","4920","4400","0","0","520","","","","1","4","","4400","","","2021-12-21 22:18:12","2021-12-21 22:18:12");
INSERT INTO sales VALUES("22","posr-20211221-105008","1","9","31","2","1","4","52","0","0","4960","4464","0","0","496","","","0","1","4","","4464","","","2021-12-21 22:50:08","2021-12-21 23:20:09");
INSERT INTO sales VALUES("23","posr-20211221-110519","1","9","26","2","1","1","1","0","0","90","80","0","0","10","","","","1","4","","80","","","2021-12-21 23:05:19","2021-12-21 23:05:19");
INSERT INTO sales VALUES("24","posr-20211222-093754","1","9","28","2","1","3","20","0","0","1600","1580","0","0","20","","","","1","4","","1580","","","2021-12-22 09:37:54","2021-12-22 09:37:54");
INSERT INTO sales VALUES("25","posr-20211222-094458","1","9","29","2","1","3","11","0","0","920","900","0","0","20","","","","1","4","","900","","","2021-12-22 09:44:58","2021-12-22 09:44:58");
INSERT INTO sales VALUES("26","posr-20211222-095100","1","9","30","2","1","3","9","0","0","1800","1800","0","0","","","","","1","4","","1800","","","2021-12-22 09:51:00","2022-05-09 19:41:22");
INSERT INTO sales VALUES("27","posr-20211222-095308","1","9","26","2","1","1","10","0","0","3000","3000","0","0","","","","","1","4","","3000","","","2021-12-22 09:53:08","2021-12-22 09:53:08");
INSERT INTO sales VALUES("28","posr-20211222-095610","1","9","32","2","1","3","8","0","0","1000","1000","0","0","","","","","1","4","","1000","","","2021-12-22 09:56:10","2021-12-22 09:56:10");
INSERT INTO sales VALUES("29","posr-20211222-095809","1","9","33","2","1","1","5","0","0","400","400","0","0","","","","","1","4","","400","","","2021-12-22 09:58:09","2022-02-09 12:30:37");
INSERT INTO sales VALUES("30","posr-20211222-100335","1","9","34","2","1","1","40","0","0","3600","3240","0","0","360","","","","1","4","","3240","","","2021-12-22 10:03:35","2021-12-22 10:03:35");
INSERT INTO sales VALUES("31","posr-20211222-100525","1","9","35","2","1","3","14","0","0","1540","1540","0","0","","","","","1","4","","1540","","","2021-12-22 10:05:25","2021-12-22 10:05:25");
INSERT INTO sales VALUES("32","posr-20211222-100933","1","9","36","2","1","3","11","0","0","1480","1480","0","0","","","","","1","4","","1480","","","2021-12-22 10:09:33","2021-12-22 10:09:33");
INSERT INTO sales VALUES("33","posr-20211222-101124","1","9","37","2","1","2","2","0","0","165","165","0","0","","","","","1","4","","165","","","2021-12-22 10:11:24","2021-12-22 10:11:24");
INSERT INTO sales VALUES("34","posr-20211222-101218","1","9","38","2","1","1","4","0","0","360","360","0","0","","","","","1","4","","360","","","2021-12-22 10:12:18","2021-12-22 10:12:18");
INSERT INTO sales VALUES("35","posr-20211222-101356","1","9","39","2","1","4","8","0","0","935","935","0","0","","","","","1","4","","935","","","2021-12-22 10:13:56","2021-12-22 10:13:56");
INSERT INTO sales VALUES("36","posr-20211222-101616","1","9","40","2","1","3","19","0","0","1570","1550","0","0","20","","","","1","4","","1550","","","2021-12-22 10:16:16","2021-12-22 10:16:16");
INSERT INTO sales VALUES("37","posr-20211222-101855","1","9","42","2","1","1","4","0","0","400","400","0","0","","","","","1","4","","400","","","2021-12-22 10:18:55","2021-12-22 10:18:55");
INSERT INTO sales VALUES("38","posr-20211222-102042","1","9","43","2","1","3","10","0","0","850","850","0","0","","","","","1","4","","850","","","2021-12-22 10:20:42","2021-12-22 10:20:42");
INSERT INTO sales VALUES("39","posr-20211222-102153","1","9","44","2","1","3","14","0","0","1165","1165","0","0","","","","","1","4","","1165","","","2021-12-22 10:21:53","2021-12-22 10:21:53");
INSERT INTO sales VALUES("40","posr-20211222-102406","1","9","45","2","1","3","46","0","0","3780","3402","0","0","378","","","","1","4","","3402","","","2021-12-22 10:24:06","2021-12-22 10:24:06");
INSERT INTO sales VALUES("41","posr-20211222-102735","1","9","34","2","1","1","6","0","0","1800","1800","0","0","","","","","1","4","","1800","","","2021-12-22 10:27:35","2021-12-22 10:27:35");
INSERT INTO sales VALUES("42","posr-20211222-104053","1","9","46","2","1","4","11","0","0","1405","1405","0","0","","","","","1","4","","1405","","","2021-12-22 10:40:53","2021-12-22 10:40:53");
INSERT INTO sales VALUES("43","posr-20211222-104207","1","9","47","2","1","2","6","0","0","765","765","0","0","","","","","1","4","","765","","","2021-12-22 10:42:07","2021-12-22 10:42:07");
INSERT INTO sales VALUES("44","posr-20211222-104303","1","9","48","2","1","2","4","0","0","585","585","0","0","","","","","1","4","","585","","","2021-12-22 10:43:03","2021-12-22 10:43:03");
INSERT INTO sales VALUES("45","posr-20211222-104402","1","9","49","2","1","2","8","0","0","760","760","0","0","","","","","1","4","","760","","","2021-12-22 10:44:02","2021-12-22 10:44:02");
INSERT INTO sales VALUES("46","posr-20211222-104612","1","9","50","2","1","2","9","0","0","620","620","0","0","","","","","1","4","","620","","","2021-12-22 10:46:12","2021-12-22 10:46:12");
INSERT INTO sales VALUES("47","posr-20211222-105401","1","9","51","2","1","3","8","0","0","735","720","0","0","15","","","","1","4","","720","","","2021-12-22 10:54:01","2021-12-22 10:54:01");
INSERT INTO sales VALUES("48","posr-20211222-105450","1","9","52","2","1","1","6","0","0","540","530","0","0","10","","","","1","4","","530","","","2021-12-22 10:54:50","2021-12-22 10:54:50");
INSERT INTO sales VALUES("49","posr-20211222-110255","1","9","53","2","1","2","23","0","0","2090","1881","0","0","209","","","","1","4","","1881","","","2021-12-22 11:02:55","2022-02-09 12:29:44");
INSERT INTO sales VALUES("50","posr-20211222-110408","1","9","50","2","1","2","6","0","0","415","415","0","0","","","","","1","4","","415","","","2021-12-22 11:04:08","2021-12-22 11:04:08");
INSERT INTO sales VALUES("51","posr-20211222-110530","1","9","33","2","1","2","2","0","0","130","130","0","0","","","","","1","4","","130","","","2021-12-22 11:05:30","2022-02-09 12:31:20");
INSERT INTO sales VALUES("52","posr-20211222-110645","1","9","54","2","1","2","4","0","0","330","330","0","0","","","","","1","4","","330","","","2021-12-22 11:06:45","2021-12-22 11:06:45");
INSERT INTO sales VALUES("53","posr-20211222-110842","1","9","55","2","1","3","48","0","0","4080","3672","0","0","408","","","","1","4","","3672","","","2021-12-22 11:08:42","2022-09-24 10:22:09");
INSERT INTO sales VALUES("54","posr-20211222-111316","1","9","45","2","1","3","38","0","0","3260","2934","0","0","326","","","","1","4","","2934","","","2021-12-22 11:13:16","2021-12-22 11:13:16");
INSERT INTO sales VALUES("55","posr-20211222-111428","1","9","38","2","1","3","14","0","0","1130","1130","0","0","","","","","1","4","","1130","","","2021-12-22 11:14:28","2022-09-05 09:00:09");
INSERT INTO sales VALUES("56","posr-20211222-111657","1","9","57","2","1","1","7","0","0","630","630","0","0","","","","","1","4","","630","","","2021-12-22 11:16:57","2021-12-22 11:16:57");
INSERT INTO sales VALUES("57","posr-20211222-111846","1","9","45","2","1","3","35","0","0","3530","3177","0","0","353","","","","1","4","","3177","","","2021-12-22 11:18:46","2021-12-22 11:18:46");
INSERT INTO sales VALUES("58","posr-20211222-112030","1","9","49","2","1","3","8","0","0","700","700","0","0","","","","","1","4","","700","","","2021-12-22 11:20:30","2022-08-21 13:47:05");
INSERT INTO sales VALUES("59","posr-20211222-112536","1","9","45","2","1","2","50","0","0","4840","4356","0","0","484","","","","1","4","","4356","","","2021-12-22 11:25:36","2021-12-22 11:25:36");
INSERT INTO sales VALUES("60","posr-20211222-113016","1","9","53","2","1","2","36","0","0","3370","3033","0","0","337","","","","1","4","","3033","","","2021-12-22 11:30:16","2021-12-22 11:30:16");
INSERT INTO sales VALUES("61","posr-20211222-113315","1","9","50","2","1","2","5","0","0","465","465","0","0","","","","","1","4","","465","","","2021-12-22 11:33:15","2021-12-22 11:33:15");
INSERT INTO sales VALUES("62","posr-20211222-113826","1","9","60","2","1","2","2","0","0","400","400","0","0","","","","","1","4","","400","","","2021-12-22 11:38:26","2021-12-22 11:38:26");
INSERT INTO sales VALUES("63","posr-20211222-114029","1","9","59","2","1","3","4","0","0","345","345","0","0","","","","","1","4","","345","","","2021-12-22 11:40:29","2021-12-22 11:40:29");
INSERT INTO sales VALUES("64","posr-20211222-114154","1","9","45","2","1","3","71","0","0","6310","5679","0","0","631","","","","1","4","","5679","","","2021-12-22 11:41:54","2021-12-22 11:41:54");
INSERT INTO sales VALUES("65","posr-20211222-114311","1","9","35","2","1","4","9","0","0","1025","1025","0","0","","","","","1","4","","1025","","","2021-12-22 11:43:11","2021-12-22 11:43:11");
INSERT INTO sales VALUES("66","posr-20211222-114919","1","9","53","2","1","2","20","0","0","1870","1683","0","0","187","","","","1","4","","1683","","","2021-12-22 11:49:19","2022-02-09 12:28:34");
INSERT INTO sales VALUES("67","posr-20211222-122344","1","9","61","2","1","3","14","0","0","1220","1220","0","0","","","","","1","4","","1220","","","2021-12-22 12:23:44","2021-12-22 12:23:44");
INSERT INTO sales VALUES("68","posr-20211222-122458","1","9","61","2","1","1","1","0","0","200","200","0","0","","","","","1","4","","200","","","2021-12-22 12:24:58","2021-12-22 12:24:58");
INSERT INTO sales VALUES("69","posr-20211222-010533","1","9","34","2","1","4","21","0","0","2775","2775","0","0","","","","","1","4","","2775","","","2021-12-22 13:05:33","2021-12-22 13:05:33");
INSERT INTO sales VALUES("70","posr-20211225-121114","1","9","62","2","1","2","6","0","0","560","560","0","0","","","","","1","4","","560","","","2021-12-25 12:11:14","2021-12-25 12:11:14");
INSERT INTO sales VALUES("71","posr-20211225-121529","1","9","26","2","1","4","10","0","0","1080","1080","0","0","","","","","1","4","","1080","","","2021-12-25 12:15:29","2021-12-25 12:15:29");
INSERT INTO sales VALUES("72","posr-20211225-025945","1","9","64","2","1","4","15","0","0","1825","1825","0","0","","","","","1","4","","1825","","","2021-12-25 14:59:45","2021-12-25 14:59:45");
INSERT INTO sales VALUES("73","posr-20211226-114920","1","9","65","2","1","3","4","0","0","355","355","0","0","","","","","1","4","","355","","","2021-12-26 11:49:20","2021-12-26 11:49:20");
INSERT INTO sales VALUES("74","posr-20211226-115107","1","9","66","2","1","2","4","0","0","370","370","0","0","","","","","1","4","","370","","","2021-12-26 11:51:07","2021-12-26 11:51:07");
INSERT INTO sales VALUES("75","posr-20211227-110948","1","9","67","2","1","3","9","0","0","560","560","0","0","","","","","1","4","","560","","","2021-12-27 11:09:48","2021-12-27 11:09:48");
INSERT INTO sales VALUES("76","posr-20211227-063628","1","9","68","2","1","3","3","0","0","240","240","0","0","","","","","1","4","","240","","","2021-12-27 18:36:28","2021-12-27 18:36:28");
INSERT INTO sales VALUES("77","posr-20211227-064327","1","9","69","2","1","4","5","0","0","370","370","0","0","","","","","1","4","","370","","","2021-12-27 18:43:27","2021-12-27 18:43:27");
INSERT INTO sales VALUES("78","posr-20211227-064746","1","9","63","2","1","5","16","0","0","1320","1320","0","0","","","","","1","4","","1320","","","2021-12-27 18:47:46","2021-12-27 18:47:46");
INSERT INTO sales VALUES("79","posr-20211227-073207","1","9","50","2","1","2","4","0","0","340","325","0","0","15","","","","1","4","","325","","","2021-12-27 19:32:07","2021-12-27 19:32:07");
INSERT INTO sales VALUES("80","posr-20211227-073634","1","9","50","2","1","1","2","0","0","80","80","0","0","","","","","1","4","","80","","","2021-12-27 19:36:34","2021-12-27 19:36:34");
INSERT INTO sales VALUES("81","posr-20211227-074937","1","9","70","2","1","5","5","0","0","290","290","0","0","","","","","1","4","","290","","","2021-12-27 19:49:37","2021-12-27 19:49:37");
INSERT INTO sales VALUES("82","posr-20211227-075528","1","9","37","2","1","3","11","0","0","632","632","0","0","","","","","1","4","","632","","","2021-12-27 19:55:28","2021-12-27 19:55:28");
INSERT INTO sales VALUES("83","posr-20211227-075740","1","9","26","2","1","1","1","0","0","65","65","0","0","","","","","1","4","","65","","","2021-12-27 19:57:40","2021-12-27 19:57:40");
INSERT INTO sales VALUES("84","posr-20211227-075902","1","9","26","2","1","1","1","0","0","100","100","0","0","","","","","1","4","","100","","","2021-12-27 19:59:02","2021-12-27 19:59:02");
INSERT INTO sales VALUES("85","posr-20211227-080043","1","9","50","2","1","3","13","0","0","600","600","0","0","","","","","1","4","","600","","","2021-12-27 20:00:43","2021-12-27 20:00:43");
INSERT INTO sales VALUES("86","posr-20211227-081402","1","9","58","2","1","7","26","0","0","1285","1285","0","0","","","","","1","4","","1285","","","2021-12-27 20:14:02","2021-12-27 20:14:02");
INSERT INTO sales VALUES("87","posr-20211227-081611","1","9","48","2","1","2","2","0","0","355","355","0","0","","","","","1","4","","355","","","2021-12-27 20:16:11","2021-12-27 20:16:11");
INSERT INTO sales VALUES("88","posr-20211227-082129","1","9","50","2","1","4","11","0","0","1010","1010","0","0","","","","","1","4","","1010","","","2021-12-27 20:21:29","2021-12-27 20:21:29");
INSERT INTO sales VALUES("89","posr-20211227-082412","1","9","50","2","1","3","22","0","0","1800","1800","0","0","","","","","1","4","","1800","","","2021-12-27 20:24:12","2021-12-27 20:24:12");
INSERT INTO sales VALUES("90","posr-20211227-083430","1","9","71","2","1","7","19","0","0","984","984","0","0","","","","","1","4","","984","","","2021-12-27 20:34:30","2021-12-27 20:34:30");
INSERT INTO sales VALUES("91","posr-20211228-013036","1","9","72","2","1","3","8","0","0","490","490","0","0","","","","","1","4","","490","","","2021-12-28 13:30:36","2021-12-28 13:30:36");
INSERT INTO sales VALUES("92","posr-20211229-102225","1","9","73","2","1","4","11","0","0","645","645","0","0","","","","","1","4","","645","","","2021-12-29 10:22:25","2021-12-29 10:22:25");
INSERT INTO sales VALUES("93","posr-20211230-090449","1","9","33","2","1","1","1","0","0","80","80","0","0","","","","","1","4","","80","","","2021-12-30 21:04:49","2022-02-09 12:27:00");
INSERT INTO sales VALUES("94","posr-20220101-075450","1","9","50","2","1","1","2","0","0","40","40","0","0","","","","","1","4","","40","","","2022-01-01 19:54:50","2022-01-01 19:54:50");
INSERT INTO sales VALUES("95","posr-20220102-092820","1","9","67","2","1","3","12","0","0","690","690","0","0","","","","","1","4","","690","","","2022-01-02 09:28:20","2022-01-02 09:28:20");
INSERT INTO sales VALUES("96","posr-20220103-125733","1","9","75","2","1","4","13","0","0","510","510","0","0","","","","","1","4","","510","","","2022-01-03 12:57:33","2022-01-03 12:57:33");
INSERT INTO sales VALUES("97","posr-20220103-011402","1","9","54","2","1","6","14","0","0","620","620","0","0","","","","","1","4","","620","","","2022-01-03 13:14:02","2022-01-03 13:14:02");
INSERT INTO sales VALUES("98","posr-20220104-032758","1","9","76","2","1","5","22","0","0","1098","1098","0","0","","","","","1","4","","1098","","","2022-01-04 15:27:58","2022-01-04 15:27:58");
INSERT INTO sales VALUES("99","posr-20220104-065217","1","9","77","2","1","4","9","0","0","850","850","0","0","","","","","1","4","","850","","","2022-01-04 18:52:17","2022-01-04 18:52:17");
INSERT INTO sales VALUES("100","posr-20220105-014744","1","9","32","2","1","3","3","0","0","255","255","0","0","","","","","1","4","","255","","","2022-01-05 13:47:44","2022-01-05 13:47:44");
INSERT INTO sales VALUES("101","posr-20220106-093404","1","9","78","2","1","3","40","0","0","3280","2952","0","0","328","","","","1","4","","2952","","","2022-01-06 09:34:04","2022-01-06 09:34:04");
INSERT INTO sales VALUES("102","posr-20220106-065227","1","9","37","2","1","1","1","0","0","40","40","0","0","","","","","1","4","","40","","","2022-01-06 18:52:27","2022-01-06 18:52:27");
INSERT INTO sales VALUES("103","posr-20220110-102946","1","9","26","2","1","1","1","0","0","100","100","0","0","","","","","1","4","","100","","","2022-01-10 10:29:46","2022-01-10 10:29:46");
INSERT INTO sales VALUES("104","posr-20220110-102948","1","9","26","2","1","1","1","0","0","100","100","0","0","","","","","1","4","","100","","","2022-01-10 10:29:48","2022-01-10 10:29:48");
INSERT INTO sales VALUES("105","posr-20220112-105953","1","9","79","2","1","4","17","0","0","1310","1310","0","0","","","","","1","4","","1310","","","2022-01-12 10:59:53","2022-01-12 10:59:53");
INSERT INTO sales VALUES("106","posr-20220112-044141","1","9","69","2","1","2","2","0","0","415","400","0","0","15","","","","1","4","","400","","","2022-01-12 16:41:41","2022-02-09 12:27:51");
INSERT INTO sales VALUES("107","posr-20220113-013955","1","9","80","2","1","4","13","0","0","685","685","0","0","","","","","1","4","","685","","","2022-01-13 13:39:55","2022-01-13 13:39:55");
INSERT INTO sales VALUES("108","posr-20220115-014127","1","9","81","2","1","1","2","0","0","90","90","0","0","","","","","1","4","","90","","","2022-01-15 13:41:27","2022-01-15 13:41:27");
INSERT INTO sales VALUES("109","posr-20220118-125552","1","9","82","2","1","4","17","0","0","1021","1021","0","0","","","","","1","4","","1021","","","2022-01-18 12:55:52","2022-01-18 12:55:52");
INSERT INTO sales VALUES("110","posr-20220123-120844","1","9","56","2","1","4","12","0","0","720","710","0","0","10","","","","1","4","","710","","","2022-01-23 12:08:44","2022-01-23 12:08:44");
INSERT INTO sales VALUES("111","posr-20220125-021345","1","9","37","2","1","1","1","0","0","90","90","0","0","","","","","1","4","","90","","","2022-01-25 14:13:45","2022-01-25 14:13:45");
INSERT INTO sales VALUES("112","posr-20220129-095304","1","9","49","2","1","3","5","0","0","445","445","0","0","","","","","1","4","","445","","","2022-01-29 09:53:04","2022-01-29 09:53:04");
INSERT INTO sales VALUES("113","posr-20220131-104822","1","9","45","2","1","1","30","0","0","3000","2700","0","0","300","","","","1","4","","2700","","","2022-01-31 10:48:22","2022-01-31 10:48:22");
INSERT INTO sales VALUES("114","posr-20220202-120625","1","9","45","2","1","1","6","0","0","540","486","0","0","54","","","","1","4","","486","","","2022-02-02 12:06:25","2022-02-09 12:27:31");
INSERT INTO sales VALUES("115","posr-20220205-060309","1","9","81","2","1","1","10","0","0","900","900","0","0","","","","","1","4","","900","","","2022-02-05 18:03:09","2022-02-05 18:03:09");
INSERT INTO sales VALUES("116","posr-20220207-114828","1","9","45","2","1","1","36","0","0","3240","2916","0","0","324","","","","1","4","","2916","","","2022-02-07 11:48:28","2022-02-07 11:48:28");
INSERT INTO sales VALUES("117","posr-20220207-045000","1","9","32","2","1","1","9","0","0","810","800","0","0","10","","","","1","4","","800","","","2022-02-07 16:50:00","2022-02-07 16:50:00");
INSERT INTO sales VALUES("118","posr-20220207-073040","1","9","70","2","1","1","2","0","0","180","180","0","0","","","","","1","4","","180","","","2022-02-07 19:30:40","2022-02-07 19:30:40");
INSERT INTO sales VALUES("119","posr-20220208-092443","1","9","80","2","1","3","7","0","0","507","507","0","0","","","","","1","4","","507","","","2022-02-08 09:24:43","2022-02-08 09:24:43");
INSERT INTO sales VALUES("120","posr-20220208-093300","1","9","84","2","1","2","7","0","0","605","605","0","0","","","","","1","4","","605","","","2022-02-08 09:33:00","2022-02-08 09:33:00");
INSERT INTO sales VALUES("121","posr-20220208-093414","1","9","84","2","1","1","5","0","0","100","100","0","0","","","","","1","4","","100","","","2022-02-08 09:34:14","2022-02-08 09:34:14");
INSERT INTO sales VALUES("122","posr-20220208-094023","1","9","84","2","1","1","1","0","0","40","40","0","0","","","","","1","4","","40","","","2022-02-08 09:40:23","2022-02-08 09:40:23");
INSERT INTO sales VALUES("123","posr-20220208-094745","1","9","45","2","1","1","30","0","0","2700","2430","0","0","270","","","","1","4","","2430","","","2022-02-08 09:47:45","2022-02-08 09:47:45");
INSERT INTO sales VALUES("124","posr-20220208-043101","1","9","57","2","1","3","11","0","0","970","970","0","0","","","","","1","4","","970","","","2022-02-08 16:31:01","2022-02-08 16:31:01");
INSERT INTO sales VALUES("125","posr-20220208-052351","1","9","69","2","1","1","4","0","0","360","360","0","0","","","","","1","4","","360","","","2022-02-08 17:23:51","2022-08-31 09:45:06");
INSERT INTO sales VALUES("126","posr-20220209-101907","1","9","53","2","1","1","6","0","0","540","480","0","0","60","","","","1","4","","480","","","2022-02-09 10:19:07","2022-02-09 10:19:07");
INSERT INTO sales VALUES("127","posr-20220209-110818","1","9","85","2","1","2","4","0","0","370","370","0","0","","","","","1","4","","370","","","2022-02-09 11:08:18","2022-02-09 11:08:18");
INSERT INTO sales VALUES("128","posr-20220209-121111","1","9","56","2","1","1","6","0","0","540","540","0","0","","","","","1","4","","540","","","2022-02-09 12:11:11","2022-04-02 13:56:04");
INSERT INTO sales VALUES("129","posr-20220209-040205","1","9","47","2","1","2","3","0","0","90","90","0","0","","","","","1","4","","90","","","2022-02-09 16:02:05","2022-02-09 16:02:05");
INSERT INTO sales VALUES("130","posr-20220209-040350","1","9","47","2","1","2","2","0","0","43","43","0","0","","","","","1","4","","43","","","2022-02-09 16:03:50","2022-02-09 16:03:50");
INSERT INTO sales VALUES("131","posr-20220210-032248","1","9","86","2","1","1","5","0","0","450","450","0","0","","","","","1","4","","450","","","2022-02-10 15:22:48","2022-02-10 15:22:48");
INSERT INTO sales VALUES("132","posr-20220210-081347","1","9","86","2","1","1","1","0","0","90","90","0","0","","","","","1","4","","90","","","2022-02-10 20:13:47","2022-02-10 20:13:47");
INSERT INTO sales VALUES("133","posr-20220210-081348","1","9","86","2","1","1","1","0","0","90","90","0","0","","","","","1","4","","90","","","2022-02-10 20:13:48","2022-02-10 20:13:48");
INSERT INTO sales VALUES("134","posr-20220212-113827","1","9","88","2","1","1","13","0","0","1053","1078","0","0","","","","25","1","4","","1078","","","2022-02-12 11:38:27","2022-02-12 11:38:27");
INSERT INTO sales VALUES("135","posr-20220212-114536","1","9","90","2","1","1","5","0","0","450","450","0","0","","","","0","1","4","","450","","","2022-02-12 11:45:36","2022-02-12 11:45:36");
INSERT INTO sales VALUES("136","posr-20220212-121900","1","9","40","2","1","4","8","0","0","253","253","0","0","","","","","1","4","","253","","","2022-02-12 12:19:00","2022-02-12 12:19:00");
INSERT INTO sales VALUES("137","posr-20220212-123516","1","9","34","2","1","1","8","0","0","648","678","0","0","","","","30","1","4","","678","","","2022-02-12 12:35:16","2022-02-12 12:35:16");
INSERT INTO sales VALUES("138","posr-20220212-124230","1","9","91","2","1","1","3","0","0","270","300","0","0","","","","30","1","4","","300","","","2022-02-12 12:42:30","2022-02-12 12:42:30");
INSERT INTO sales VALUES("139","posr-20220212-125922","1","9","89","2","1","1","4","0","0","360","390","0","0","","","","30","1","4","","390","","","2022-02-12 12:59:22","2022-02-12 12:59:22");
INSERT INTO sales VALUES("140","posr-20220212-020614","1","9","36","2","1","1","1","0","0","90","90","0","0","","","","","1","4","","90","","","2022-02-12 14:06:14","2022-02-12 14:06:14");
INSERT INTO sales VALUES("141","posr-20220212-020713","1","9","36","2","1","1","3","0","0","270","270","0","0","","","","","1","4","","270","","","2022-02-12 14:07:13","2022-02-12 14:07:13");
INSERT INTO sales VALUES("142","posr-20220213-105345","1","9","54","2","1","3","8","0","0","241","206","0","0","35","","","","1","4","","206","","","2022-02-13 10:53:45","2022-02-13 10:53:45");
INSERT INTO sales VALUES("143","posr-20220213-112055","1","9","78","2","1","1","32","0","0","2880","2592","0","0","288","","","","1","4","","2592","","","2022-02-13 11:20:55","2022-02-13 11:20:55");
INSERT INTO sales VALUES("144","posr-20220213-011427","1","9","52","2","1","9","28","0","0","1056","1056","0","0","0","","","0","1","4","","1056","","","2022-02-13 13:14:27","2022-06-13 15:19:10");
INSERT INTO sales VALUES("145","posr-20220213-015307","1","9","93","2","1","1","4","0","0","360","390","0","0","","","","30","1","4","","390","","","2022-02-13 13:53:07","2022-02-13 13:53:07");
INSERT INTO sales VALUES("146","posr-20220213-020038","1","9","94","2","1","2","3","0","0","150","295","0","0","","","","145","1","4","","295","","","2022-02-13 14:00:38","2022-02-13 14:00:38");
INSERT INTO sales VALUES("147","posr-20220213-022647","1","9","70","2","1","3","12","0","0","334","334","0","0","","","","","1","4","","334","","","2022-02-13 14:26:47","2022-02-13 14:26:47");
INSERT INTO sales VALUES("148","posr-20220213-045523","1","9","49","2","1","1","4","0","0","360","360","0","0","","","","","1","4","","360","","","2022-02-13 16:55:23","2022-02-13 16:55:23");
INSERT INTO sales VALUES("149","posr-20220213-074627","1","9","95","2","1","1","2","0","0","180","180","0","0","","","","","1","4","","180","","","2022-02-13 19:46:27","2022-02-13 19:46:27");
INSERT INTO sales VALUES("150","posr-20220214-112629","1","9","96","2","1","1","10","0","0","900","810","0","0","90","","","","1","4","","810","","","2022-02-14 11:26:29","2022-02-14 11:26:29");
INSERT INTO sales VALUES("151","posr-20220214-112953","1","9","37","2","1","1","1","0","0","90","90","0","0","","","","","1","4","","90","","","2022-02-14 11:29:53","2022-02-14 11:29:53");
INSERT INTO sales VALUES("152","posr-20220214-023605","1","9","47","2","1","3","4","0","0","130","140","0","0","","","","10","1","4","","140","","","2022-02-14 14:36:05","2022-02-14 14:36:05");
INSERT INTO sales VALUES("153","posr-20220218-074454","1","9","80","2","1","2","2","0","0","77","107","0","0","","","","30","1","4","","107","","","2022-02-18 19:44:54","2022-04-02 14:46:35");
INSERT INTO sales VALUES("154","posr-20220219-112230","1","9","81","2","1","1","3","0","0","270","270","0","0","","","","","1","4","","270","","","2022-02-19 11:22:30","2022-02-19 11:22:30");
INSERT INTO sales VALUES("155","posr-20220219-112350","1","9","96","2","1","1","14","0","0","1134","1134","0","0","","","","","1","4","","1134","","","2022-02-19 11:23:50","2022-02-19 11:23:50");
INSERT INTO sales VALUES("156","posr-20220221-012639","1","9","59","2","1","1","1","0","0","90","90","0","0","","","","","1","4","","90","","","2022-02-21 13:26:39","2022-02-21 13:26:39");
INSERT INTO sales VALUES("157","posr-20220221-040157","1","9","50","2","1","3","4","0","0","117","117","0","0","","","","","1","4","","117","","","2022-02-21 16:01:57","2022-02-21 16:01:57");
INSERT INTO sales VALUES("158","posr-20220221-060912","1","9","29","2","1","1","2","0","0","180","180","0","0","","","","","1","4","","180","","","2022-02-21 18:09:12","2022-02-21 18:09:12");
INSERT INTO sales VALUES("159","posr-20220221-072247","1","9","37","2","1","1","1","0","0","80","80","0","0","","","","","1","4","","80","","","2022-02-21 19:22:47","2022-02-21 19:22:47");
INSERT INTO sales VALUES("160","posr-20220221-080937","1","9","81","2","1","1","5","0","0","450","450","0","0","","","","","1","4","","450","","","2022-02-21 20:09:37","2022-02-21 20:09:37");
INSERT INTO sales VALUES("161","posr-20220222-023506","1","9","81","2","1","2","4","0","0","290","290","0","0","","","","","1","4","","290","","","2022-02-22 14:35:06","2022-02-22 14:35:06");
INSERT INTO sales VALUES("162","posr-20220223-060549","1","9","81","2","1","1","2","0","0","180","180","0","0","","","","","1","4","","180","","","2022-02-23 18:05:49","2022-02-23 18:05:49");
INSERT INTO sales VALUES("163","posr-20220224-041847","1","9","38","2","1","1","2","0","0","180","180","0","0","","","","","1","4","","180","","","2022-02-24 16:18:47","2022-02-24 16:18:47");
INSERT INTO sales VALUES("164","posr-20220226-031644","1","9","97","2","1","1","3","0","0","270","240","0","0","30","","","","1","4","","240","","","2022-02-26 15:16:44","2022-02-26 15:16:44");
INSERT INTO sales VALUES("165","posr-20220308-013227","1","9","53","2","1","3","40","0","0","1704","1704","0","0","","","","","1","4","","1704","","","2022-03-08 13:32:27","2022-04-02 13:55:15");
INSERT INTO sales VALUES("167","posr-20220310-055556","1","9","47","2","1","1","1","0","0","90","90","0","0","","","","","1","4","","90","","","2022-03-10 17:55:56","2022-03-10 17:55:56");
INSERT INTO sales VALUES("168","posr-20220317-054950","1","9","57","2","1","2","15","0","0","414","414","0","0","","","","","1","4","","414","","","2022-03-17 17:49:50","2022-03-17 17:49:50");
INSERT INTO sales VALUES("169","posr-20220321-034116","1","9","81","2","1","1","1","0","0","90","90","0","0","","","","","1","4","","90","","","2022-03-21 15:41:16","2022-03-21 15:41:16");
INSERT INTO sales VALUES("170","posr-20220323-085641","1","9","54","2","1","1","11","0","0","198","198","0","0","","","","","1","4","","198","","","2022-03-23 08:56:41","2022-03-23 08:56:41");
INSERT INTO sales VALUES("171","posr-20220324-015817","1","9","70","2","1","1","15","0","0","285","285","0","0","","","","","1","4","","285","","","2022-03-24 13:58:17","2022-03-24 13:58:17");
INSERT INTO sales VALUES("172","posr-20220326-015538","1","9","47","2","1","2","10","0","0","221","221","0","0","","","","","1","4","","221","","","2022-03-26 13:55:38","2022-03-26 13:55:38");
INSERT INTO sales VALUES("174","posr-20220327-031956","1","9","98","2","1","24","63","0","0","1835","1800","0","0","35","","","","1","4","","1800","","","2022-03-27 15:19:56","2022-03-27 15:19:56");
INSERT INTO sales VALUES("178","posr-20220402-014300","1","9","84","2","1","3","11","0","0","885","885","0","0","","","","","1","4","","885","","","2022-04-02 13:43:00","2022-04-02 13:43:00");
INSERT INTO sales VALUES("179","posr-20220402-024409","1","9","80","2","1","3","13","0","0","1150","1150","0","0","","","","","1","4","","1150","","","2022-04-02 14:44:09","2022-04-02 14:44:09");
INSERT INTO sales VALUES("180","posr-20220402-084159","1","9","45","2","1","3","240","0","0","20600","18540","0","0","2060","","","","1","4","","18540","","","2022-04-02 20:41:59","2022-04-02 20:41:59");
INSERT INTO sales VALUES("181","posr-20220403-020037","1","9","42","2","1","3","22","0","0","1920","1920","0","0","","","","","1","4","","1920","","","2022-04-03 14:00:37","2022-04-03 14:00:37");
INSERT INTO sales VALUES("182","posr-20220403-035741","1","9","77","2","1","4","10","0","0","495","505","0","0","","","","10","1","4","","505","","","2022-04-03 15:57:41","2022-04-03 21:29:31");
INSERT INTO sales VALUES("183","posr-20220403-091901","1","9","99","2","1","3","16","0","0","1380","1380","0","0","","","","","1","4","","1380","","","2022-04-03 21:19:01","2022-04-03 21:19:01");
INSERT INTO sales VALUES("185","posr-20220403-111704","1","9","78","2","1","3","160","0","0","13200","11880","0","0","1320","","","","1","4","","11880","","","2022-04-03 23:17:04","2022-04-03 23:17:04");
INSERT INTO sales VALUES("186","posr-20220404-105644","1","9","100","2","1","2","2","0","0","160","160","0","0","","","","","1","4","","160","","","2022-04-04 10:56:44","2022-04-04 10:56:44");
INSERT INTO sales VALUES("187","posr-20220404-110248","1","9","101","2","1","3","7","0","0","620","620","0","0","","","","","1","4","","620","","","2022-04-04 11:02:48","2022-04-04 11:02:48");
INSERT INTO sales VALUES("188","posr-20220404-014930","1","9","93","2","1","3","9","0","0","800","830","0","0","","","","30","1","4","","830","","","2022-04-04 13:49:30","2022-04-04 13:49:30");
INSERT INTO sales VALUES("189","posr-20220404-015619","1","9","57","2","1","2","14","0","0","1060","1090","0","0","","","","30","1","4","","1090","","","2022-04-04 13:56:19","2022-04-04 13:56:19");
INSERT INTO sales VALUES("190","posr-20220404-093743","1","9","102","2","1","1","6","0","0","420","420","0","0","","","","","1","4","","420","","","2022-04-04 21:37:43","2022-04-04 21:37:43");
INSERT INTO sales VALUES("191","posr-20220405-124243","1","9","59","2","1","3","10","0","0","830","830","0","0","","","","","1","4","","830","","","2022-04-05 12:42:43","2022-04-05 12:42:43");
INSERT INTO sales VALUES("192","posr-20220406-010205","1","9","103","2","1","7","17","0","0","676","670","0","0","6","","","","1","4","","670","","","2022-04-06 13:02:05","2022-04-06 13:02:05");
INSERT INTO sales VALUES("193","posr-20220407-120335","1","9","67","2","1","2","6","0","0","510","510","0","0","","","","","1","4","","510","","","2022-04-07 12:03:35","2022-04-07 12:03:35");
INSERT INTO sales VALUES("194","posr-20220407-122507","1","9","67","2","1","2","5","0","0","155","155","0","0","","","","","1","4","","155","","","2022-04-07 12:25:07","2022-04-07 12:25:07");
INSERT INTO sales VALUES("195","posr-20220407-094045","1","9","104","2","1","3","12","0","0","1020","1020","0","0","","","","","1","4","","1020","","","2022-04-07 21:40:45","2022-04-07 21:40:45");
INSERT INTO sales VALUES("196","posr-20220407-094426","1","9","104","2","1","1","2","0","0","140","140","0","0","","","","","1","4","","140","","","2022-04-07 21:44:26","2022-04-07 21:44:26");
INSERT INTO sales VALUES("197","posr-20220409-024539","1","9","96","2","1","1","22","0","0","2200","1980","0","0","220","","","","1","4","","1980","","","2022-04-09 14:45:39","2022-04-09 14:45:39");
INSERT INTO sales VALUES("198","posr-20220410-032412","1","9","85","2","1","1","5","0","0","450","450","0","0","","","","","1","4","","450","","","2022-04-10 15:24:12","2022-04-10 15:24:12");
INSERT INTO sales VALUES("199","posr-20220411-120522","1","9","45","2","1","1","60","0","0","5400","4860","0","0","540","","","","1","4","","4860","","","2022-04-11 12:05:22","2022-04-11 12:05:22");
INSERT INTO sales VALUES("200","posr-20220411-013333","1","9","105","2","1","2","7","0","0","660","625","0","0","35","","","","1","4","","625","","","2022-04-11 13:33:33","2022-04-11 13:33:33");
INSERT INTO sales VALUES("201","posr-20220411-101411","1","9","70","2","1","2","20","0","0","1870","1870","0","0","","","","","1","4","","1870","","","2022-04-11 22:14:11","2022-04-30 19:13:28");
INSERT INTO sales VALUES("202","posr-20220414-111532","1","9","45","2","1","3","31","0","0","2730","2457","0","0","273","","","","1","4","","2457","","","2022-04-14 11:15:32","2022-04-14 11:15:32");
INSERT INTO sales VALUES("203","posr-20220416-123034","1","9","78","2","1","1","58","0","0","5220","4698","0","0","522","","","","1","4","","4698","","","2022-04-16 12:30:34","2022-04-16 12:30:34");
INSERT INTO sales VALUES("205","posr-20220416-042300","1","9","106","2","1","1","3","0","0","300","300","0","0","","","","","1","4","","300","","","2022-04-16 16:23:00","2022-04-16 16:23:00");
INSERT INTO sales VALUES("206","posr-20220416-081444","1","9","106","2","1","1","1","0","0","100","100","0","0","","","","","1","4","","100","","","2022-04-16 20:14:44","2022-04-16 20:14:44");
INSERT INTO sales VALUES("207","posr-20220417-104356","1","9","107","2","1","1","5","0","0","450","450","0","0","","","","","1","4","","450","","","2022-04-17 10:43:56","2022-04-17 10:43:56");
INSERT INTO sales VALUES("209","posr-20220417-110914","1","9","108","2","1","2","4","0","0","380","380","0","0","","","","","1","4","","380","","","2022-04-17 11:09:14","2022-04-17 11:09:14");
INSERT INTO sales VALUES("210","posr-20220417-111821","1","9","109","2","1","2","10","0","0","940","940","0","0","","","","","1","4","","940","","","2022-04-17 11:18:21","2022-04-17 11:18:21");
INSERT INTO sales VALUES("211","posr-20220417-120046","1","9","110","2","1","1","6","0","0","600","600","0","0","","","","","1","4","","600","","","2022-04-17 12:00:46","2022-04-17 12:00:46");
INSERT INTO sales VALUES("213","posr-20220417-020314","1","9","105","2","1","2","8","0","0","750","700","0","0","50","","","","1","4","","700","","","2022-04-17 14:03:14","2022-04-17 14:03:14");
INSERT INTO sales VALUES("214","posr-20220419-101325","1","9","34","2","1","2","50","0","0","4550","4095","0","0","455","","","","1","4","","4095","","","2022-04-19 22:13:25","2022-05-09 19:42:07");
INSERT INTO sales VALUES("216","posr-20220420-092218","1","9","29","2","1","2","4","0","0","380","380","0","0","","","","","1","4","","380","","","2022-04-20 21:22:18","2022-04-20 21:22:18");
INSERT INTO sales VALUES("217","posr-20220421-041757","1","9","111","2","1","1","2","0","0","200","200","0","0","","","","","1","4","","200","","","2022-04-21 16:17:57","2022-04-21 16:17:57");
INSERT INTO sales VALUES("219","posr-20220422-040958","1","9","112","2","1","3","22","0","0","1930","1930","0","0","","","","","1","4","","1930","","","2022-04-22 16:09:58","2022-06-11 18:54:53");
INSERT INTO sales VALUES("220","posr-20220422-042834","1","9","54","2","1","3","13","0","0","1160","1160","0","0","","","","","1","4","","1160","","","2022-04-22 16:28:34","2022-04-30 22:23:25");
INSERT INTO sales VALUES("221","posr-20220422-114441","1","9","37","2","1","2","5","0","0","470","470","0","0","","","","","1","4","","470","","","2022-04-22 23:44:41","2022-04-29 16:49:31");
INSERT INTO sales VALUES("222","posr-20220424-105107","1","9","113","2","1","2","3","0","0","280","280","0","0","","","","","1","4","","280","","","2022-04-24 10:51:07","2022-08-17 09:45:09");
INSERT INTO sales VALUES("223","posr-20220424-112157","1","9","62","2","1","3","7","0","0","610","610","0","0","","","","","1","4","","610","","","2022-04-24 11:21:57","2022-04-24 11:21:57");
INSERT INTO sales VALUES("224","posr-20220424-010820","1","9","53","2","1","2","8","0","0","1560","1560","0","0","","","","","1","4","","1560","","","2022-04-24 13:08:20","2022-05-09 19:42:52");
INSERT INTO sales VALUES("225","posr-20220424-030942","1","9","80","2","1","3","10","0","0","1145","1145","0","0","","","","","1","4","","1145","","","2022-04-24 15:09:42","2022-04-24 15:09:42");
INSERT INTO sales VALUES("227","posr-20220424-101656","1","9","63","2","1","4","15","0","0","2005","2005","0","0","","","","","1","4","","2005","","","2022-04-24 22:16:56","2022-04-24 22:16:56");
INSERT INTO sales VALUES("228","posr-20220425-095544","1","9","89","2","1","3","7","0","0","500","500","0","0","","","","","1","4","","500","","","2022-04-25 09:55:44","2022-04-25 09:55:44");
INSERT INTO sales VALUES("231","posr-20220425-101203","1","9","35","2","1","2","9","0","0","2220","2220","0","0","","","","","1","4","","2220","","","2022-04-25 10:12:03","2022-04-25 10:12:03");
INSERT INTO sales VALUES("232","posr-20220425-103804","1","9","114","2","1","3","10","0","0","1440","1440","0","0","","","","","1","4","","1440","","","2022-04-25 10:38:04","2022-04-25 10:38:04");
INSERT INTO sales VALUES("233","posr-20220425-020731","1","9","115","2","1","2","5","0","0","390","420","0","0","","","","30","1","4","","420","","","2022-04-25 14:07:31","2022-04-25 14:07:31");
INSERT INTO sales VALUES("234","posr-20220425-051107","1","9","116","2","1","2","8","0","0","700","700","0","0","","","","","1","4","","700","","","2022-04-25 17:11:07","2022-04-25 17:11:07");
INSERT INTO sales VALUES("235","posr-20220426-032755","1","9","27","2","1","4","39","0","0","4240","3816","0","0","424","","","","1","4","","3816","","","2022-04-26 15:27:55","2022-04-26 15:27:55");
INSERT INTO sales VALUES("236","posr-20220426-084056","1","9","39","2","1","3","13","0","0","1880","1880","0","0","","","","","1","2","","1330","","","2022-04-26 20:40:56","2022-04-26 20:40:56");
INSERT INTO sales VALUES("237","posr-20220426-084808","1","9","50","2","1","3","38","0","0","3240","3240","0","0","","","","","1","4","","3240","","","2022-04-26 20:48:08","2022-04-30 01:24:23");
INSERT INTO sales VALUES("240","posr-20220427-105633","1","9","118","2","1","3","13","0","0","846","846","0","0","","","","","1","4","","846","","","2022-04-27 10:56:33","2022-04-27 10:56:33");
INSERT INTO sales VALUES("241","posr-20220427-124336","1","9","119","2","1","2","3","0","0","280","280","0","0","","","","","1","4","","280","","","2022-04-27 12:43:36","2022-04-27 12:43:36");
INSERT INTO sales VALUES("242","posr-20220427-085651","1","9","117","2","1","2","5","0","0","308","308","0","0","","","","","1","4","","308","","","2022-04-27 20:56:51","2022-04-27 20:56:51");
INSERT INTO sales VALUES("243","posr-20220427-104409","1","9","120","2","1","3","15","0","0","986","980","0","0","6","","","","1","4","","980","","","2022-04-27 22:44:09","2022-04-27 22:44:09");
INSERT INTO sales VALUES("246","posr-20220427-114738","1","9","58","2","1","4","7","0","0","470","513","0","0","","","","43","1","4","","513","","","2022-04-27 23:47:38","2022-04-27 23:47:38");
INSERT INTO sales VALUES("247","posr-20220428-100301","1","9","121","2","1","2","8","0","0","580","580","0","0","","","","","1","4","","580","","","2022-04-28 10:03:01","2022-05-09 19:52:00");
INSERT INTO sales VALUES("248","posr-20220428-104527","1","9","113","2","1","5","10","0","0","493","493","0","0","","","","","1","4","","493","","","2022-04-28 10:45:27","2022-08-17 09:44:57");
INSERT INTO sales VALUES("250","posr-20220428-015806","1","9","122","2","1","1","6","0","0","540","540","0","0","","","","","1","4","","540","","","2022-04-28 13:58:06","2022-04-29 16:48:44");
INSERT INTO sales VALUES("251","posr-20220428-030956","1","9","37","2","1","2","2","0","0","70","70","0","0","","","","","1","4","","70","","","2022-04-28 15:09:56","2022-04-28 15:09:56");
INSERT INTO sales VALUES("252","posr-20220429-115508","1","9","123","2","1","2","12","0","0","1550","1550","0","0","","","","","1","4","","1550","","","2022-04-29 11:55:08","2022-04-29 11:55:08");
INSERT INTO sales VALUES("253","posr-20220429-064833","1","9","69","2","1","1","1","0","0","320","320","0","0","","","","","1","4","","320","","","2022-04-29 18:48:33","2022-08-31 09:44:37");
INSERT INTO sales VALUES("255","posr-20220430-071847","1","9","88","2","1","1","2","0","0","140","140","0","0","","","","","1","4","","140","","","2022-04-30 19:18:47","2022-05-09 19:42:25");
INSERT INTO sales VALUES("256","posr-20220501-093929","1","9","113","2","1","2","5","0","0","460","460","0","0","","","","","1","2","","420","","","2022-05-01 09:39:29","2022-08-17 09:44:38");
INSERT INTO sales VALUES("258","posr-20220505-101045","1","9","124","2","1","3","7","0","0","610","610","0","0","","","","","1","4","","610","","","2022-05-05 10:10:45","2022-05-05 10:10:45");
INSERT INTO sales VALUES("259","posr-20220505-103501","1","9","125","2","1","3","6","0","0","450","450","0","0","","","","","1","4","","450","","","2022-05-05 10:35:01","2022-05-05 10:35:01");
INSERT INTO sales VALUES("260","posr-20220505-021726","1","9","126","2","1","2","6","0","0","480","480","0","0","","","","","1","4","","480","","","2022-05-05 14:17:26","2022-05-05 14:17:26");
INSERT INTO sales VALUES("261","posr-20220505-042839","1","9","83","2","1","2","14","0","0","1320","1320","0","0","","","","","1","4","","1320","","","2022-05-05 16:28:39","2022-05-16 16:42:31");
INSERT INTO sales VALUES("262","posr-20220507-092659","1","9","127","2","1","4","10","0","0","1060","1060","0","0","","","","","1","4","","1060","","","2022-05-07 09:26:59","2022-05-07 09:26:59");
INSERT INTO sales VALUES("263","posr-20220507-114055","1","9","98","2","1","2","5","0","0","410","410","0","0","","","","","1","4","","410","","","2022-05-07 11:40:55","2022-05-07 11:40:55");
INSERT INTO sales VALUES("264","posr-20220507-115718","1","9","30","2","1","2","8","0","0","1640","1800","0","0","","","","160","1","4","","1800","","","2022-05-07 11:57:18","2022-05-09 19:40:42");
INSERT INTO sales VALUES("265","posr-20220507-123611","1","9","128","2","1","2","4","0","0","300","300","0","0","","","","","1","4","","300","","","2022-05-07 12:36:11","2022-05-07 12:36:11");
INSERT INTO sales VALUES("266","posr-20220508-113715","1","9","67","2","1","2","6","0","0","480","480","0","0","","","","","1","4","","480","","","2022-05-08 11:37:15","2022-05-08 11:37:15");
INSERT INTO sales VALUES("268","posr-20220508-033246","1","9","129","2","1","4","22","0","0","1480","1480","0","0","","","","","1","4","","1480","","","2022-05-08 15:32:46","2022-05-08 15:32:46");
INSERT INTO sales VALUES("269","posr-20220508-044559","1","9","130","2","1","1","6","0","0","540","540","0","0","","","","","1","4","","540","","","2022-05-08 16:45:59","2022-05-08 16:45:59");
INSERT INTO sales VALUES("270","posr-20220508-070715","1","9","32","2","1","3","10","0","0","1470","1470","0","0","","","","","1","4","","1470","","","2022-05-08 19:07:15","2022-11-03 10:47:31");
INSERT INTO sales VALUES("271","posr-20220509-074603","1","9","131","2","1","1","4","0","0","360","360","0","0","","","","","1","4","","360","","","2022-05-09 19:46:03","2022-05-09 19:46:03");
INSERT INTO sales VALUES("272","posr-20220509-075849","1","9","111","2","1","2","4","0","0","370","370","0","0","","","","","1","4","","370","","","2022-05-09 19:58:49","2022-05-09 19:58:49");
INSERT INTO sales VALUES("273","posr-20220510-122036","1","9","81","2","1","1","4","0","0","80","80","0","0","","","","","1","4","","80","","","2022-05-10 12:20:36","2022-05-10 12:20:36");
INSERT INTO sales VALUES("274","posr-20220510-015421","1","9","57","2","1","2","21","0","0","1710","1710","0","0","","","","","1","4","","1710","","","2022-05-10 13:54:21","2022-05-10 13:54:21");
INSERT INTO sales VALUES("275","posr-20220510-020333","1","9","123","2","1","1","5","0","0","450","450","0","0","","","","","1","4","","450","","","2022-05-10 14:03:33","2022-05-10 14:03:33");
INSERT INTO sales VALUES("277","posr-20220511-013205","1","9","133","2","1","1","4","0","0","360","360","0","0","","","","","1","4","","360","","","2022-05-11 13:32:05","2022-05-11 13:32:05");
INSERT INTO sales VALUES("279","posr-20220512-033228","1","9","132","2","1","2","8","0","0","740","740","0","0","","","","","1","4","","740","","","2022-05-12 15:32:28","2022-05-12 15:32:28");
INSERT INTO sales VALUES("280","posr-20220514-124441","1","9","130","2","1","1","7","0","0","630","630","0","0","","","","","1","4","","630","","","2022-05-14 12:44:41","2022-05-14 12:44:41");
INSERT INTO sales VALUES("283","posr-20220515-052941","1","9","107","2","1","3","14","0","0","862","862","0","0","","","","","1","4","","862","","","2022-05-15 17:29:41","2022-05-22 13:25:37");
INSERT INTO sales VALUES("284","posr-20220515-063001","1","9","116","2","1","2","9","0","0","750","750","0","0","","","","","1","4","","750","","","2022-05-15 18:30:01","2022-05-15 18:30:01");
INSERT INTO sales VALUES("285","posr-20220515-071835","1","9","81","2","1","2","13","0","0","1110","1110","0","0","","","","","1","4","","1110","","","2022-05-15 19:18:35","2022-05-15 19:18:35");
INSERT INTO sales VALUES("286","posr-20220516-044140","1","9","134","2","1","1","9","0","0","720","720","0","0","","","","","1","4","","720","","","2022-05-16 16:41:40","2022-05-16 16:41:40");
INSERT INTO sales VALUES("287","posr-20220518-112348","1","9","135","2","1","4","6","0","0","355","355","0","0","","","","","1","4","","355","","","2022-05-18 11:23:48","2022-05-18 11:23:48");
INSERT INTO sales VALUES("289","posr-20220519-094335","1","9","130","2","1","1","5","0","0","450","425","0","0","25","","","","1","4","","425","","","2022-05-19 09:43:35","2022-05-19 09:43:35");
INSERT INTO sales VALUES("290","posr-20220525-105040","1","9","77","2","1","1","4","0","0","360","360","0","0","","","","","1","4","","360","","","2022-05-25 10:50:40","2022-05-25 10:50:40");
INSERT INTO sales VALUES("291","posr-20220602-094118","1","9","96","2","1","2","100","0","0","7800","6240","0","0","1560","","","","1","4","","6240","","","2022-06-02 09:41:18","2022-06-02 09:41:18");
INSERT INTO sales VALUES("292","posr-20220606-022345","1","9","136","2","1","1","13","0","0","1170","1170","0","0","","","","","1","4","","1170","","","2022-06-06 14:23:45","2022-06-06 14:23:45");
INSERT INTO sales VALUES("293","posr-20220607-054417","1","9","137","2","1","2","10","0","0","298","298","0","0","","","","","1","4","","298","","","2022-06-07 17:44:17","2022-06-07 17:44:17");
INSERT INTO sales VALUES("294","posr-20220613-031410","1","9","52","2","1","1","2","0","0","140","140","0","0","","","","","1","4","","140","","","2022-06-13 15:14:10","2022-06-13 15:14:10");
INSERT INTO sales VALUES("295","posr-20220619-121658","1","9","138","2","1","4","12","0","0","805","805","0","0","","","","","1","4","","805","","","2022-06-19 12:16:58","2022-06-19 12:16:58");
INSERT INTO sales VALUES("296","posr-20220619-022847","1","9","129","2","1","1","4","0","0","360","360","0","0","","","","","1","4","","360","","","2022-06-19 14:28:47","2022-06-19 14:28:47");
INSERT INTO sales VALUES("297","posr-20220620-102603","1","9","122","2","1","2","8","0","0","640","640","0","0","","","","","1","4","","640","","","2022-06-20 10:26:03","2022-06-20 10:26:03");
INSERT INTO sales VALUES("300","posr-20220620-123505","1","9","115","2","1","3","14","0","0","392","392","0","0","","","","","1","4","","392","","","2022-06-20 12:35:05","2022-06-20 12:35:05");
INSERT INTO sales VALUES("301","posr-20220620-125109","1","9","80","2","1","3","15","0","0","740","740","0","0","","","","","1","4","","740","","","2022-06-20 12:51:09","2022-06-27 10:29:56");
INSERT INTO sales VALUES("302","posr-20220621-110626","1","9","77","2","1","2","10","0","0","394","394","0","0","","","","","1","4","","394","","","2022-06-21 11:06:26","2022-06-21 11:06:26");
INSERT INTO sales VALUES("304","posr-20220621-085955","1","9","81","2","1","2","3","0","0","230","230","0","0","","","","","1","4","","230","","","2022-06-21 20:59:55","2022-06-21 20:59:55");
INSERT INTO sales VALUES("305","posr-20220622-014036","1","9","138","2","1","1","5","0","0","350","350","0","0","","","","","1","4","","350","","","2022-06-22 13:40:36","2022-06-22 13:40:36");
INSERT INTO sales VALUES("306","posr-20220623-023553","1","9","123","2","1","1","10","0","0","700","670","0","0","30","","","","1","4","","670","","","2022-06-23 14:35:53","2022-06-23 14:35:53");
INSERT INTO sales VALUES("307","posr-20220627-094531","1","9","31","2","1","1","4","0","0","1200","1200","0","0","","","","","1","4","","1200","","","2022-06-27 09:45:31","2022-07-07 12:28:01");
INSERT INTO sales VALUES("308","posr-20220627-122537","1","9","29","2","1","2","4","0","0","740","740","0","0","","","","","1","4","","740","","","2022-06-27 12:25:37","2022-06-27 12:25:37");
INSERT INTO sales VALUES("311","posr-20220702-074300","1","9","70","2","1","4","31","0","0","1744","1744","0","0","","","","","1","4","","1744","","","2022-07-02 19:43:00","2022-08-21 13:48:09");
INSERT INTO sales VALUES("313","posr-20220706-041004","1","9","70","2","1","1","2","0","0","140","140","0","0","","","","","1","4","","140","","","2022-07-06 16:10:04","2022-08-21 13:48:26");
INSERT INTO sales VALUES("314","posr-20220707-122148","1","9","49","2","1","3","19","0","0","1945","1945","0","0","","","","","1","4","","1945","","","2022-07-07 12:21:48","2022-12-08 13:38:05");
INSERT INTO sales VALUES("315","posr-20220707-122722","1","9","61","2","1","3","13","0","0","2160","2160","0","0","","","","","1","4","","2160","","","2022-07-07 12:27:22","2022-07-07 12:27:22");
INSERT INTO sales VALUES("316","posr-20220713-110902","1","9","139","2","1","1","3","0","0","270","270","0","0","","","","","1","4","","270","","","2022-07-13 11:09:02","2022-07-13 11:09:02");
INSERT INTO sales VALUES("321","posr-20220714-040311","1","9","140","2","1","2","64","0","0","5160","4644","0","0","516","","","","1","4","","4644","","","2022-07-14 16:03:11","2022-07-30 07:15:24");
INSERT INTO sales VALUES("326","posr-20220717-034957","1","9","59","2","1","2","4","0","0","320","320","0","0","","","","","1","4","","320","","","2022-07-17 15:49:57","2022-07-17 15:49:57");
INSERT INTO sales VALUES("327","posr-20220721-042111","1","9","91","2","1","3","4","0","0","257","257","0","0","","","","","1","4","","257","","","2022-07-21 16:21:11","2022-07-21 16:21:11");
INSERT INTO sales VALUES("328","posr-20220721-043159","1","9","34","2","1","1","6","0","0","1800","1800","0","0","","","","","1","4","","1800","","","2022-07-21 16:31:59","2022-07-21 16:31:59");
INSERT INTO sales VALUES("329","posr-20220721-043403","1","9","34","2","1","1","8","0","0","720","720","0","0","","","","","1","4","","720","","","2022-07-21 16:34:03","2022-08-04 19:13:01");
INSERT INTO sales VALUES("330","posr-20220723-095316","1","9","80","2","1","4","10","0","0","978","978","0","0","","","","","1","2","","0","","","2022-07-23 09:53:16","2022-07-23 09:53:16");
INSERT INTO sales VALUES("331","posr-20220725-080907","1","9","81","2","1","1","3","0","0","270","270","0","0","","","","","1","4","","270","","","2022-07-25 08:09:07","2022-07-25 08:09:07");
INSERT INTO sales VALUES("334","posr-20220727-062737","1","9","142","2","1","3","31","0","0","4470","4000","0","0","470","","","","1","4","","4000","","","2022-07-27 06:27:37","2022-07-27 06:27:37");
INSERT INTO sales VALUES("336","posr-20220727-063115","1","9","144","2","1","2","6","0","0","500","500","0","0","","","","","1","4","","500","","","2022-07-27 06:31:15","2022-11-05 10:23:52");
INSERT INTO sales VALUES("337","posr-20220727-063134","1","9","81","2","1","1","1","0","0","90","90","0","0","","","","","1","4","","90","","","2022-07-27 06:31:34","2022-07-27 06:31:34");
INSERT INTO sales VALUES("338","posr-20220727-063215","1","9","143","2","1","2","6","0","0","480","480","0","0","","","","","1","4","","480","","","2022-07-27 06:32:15","2022-07-27 06:32:15");
INSERT INTO sales VALUES("339","posr-20220727-060510","1","9","57","2","1","2","5","0","0","430","430","0","0","","","","","1","4","","430","","","2022-07-27 18:05:10","2022-07-27 18:05:10");
INSERT INTO sales VALUES("340","posr-20220727-061327","1","9","145","2","1","1","5","0","0","450","450","0","0","","","","","1","4","","450","","","2022-07-27 18:13:27","2022-07-27 18:13:27");
INSERT INTO sales VALUES("341","posr-20220727-061417","1","9","56","2","1","2","7","0","0","610","610","0","0","","","","","1","2","","280","","","2022-07-27 18:14:17","2022-12-08 08:36:25");
INSERT INTO sales VALUES("342","posr-20220727-061459","1","9","91","2","1","1","2","0","0","180","180","0","0","","","","","1","2","","150","","","2022-07-27 18:14:59","2022-07-27 18:14:59");
INSERT INTO sales VALUES("343","posr-20220727-061626","1","9","146","2","1","1","1","0","0","90","90","0","0","","","","","1","4","","90","","","2022-07-27 18:16:26","2022-07-27 18:16:26");
INSERT INTO sales VALUES("344","posr-20220727-061825","1","9","147","2","1","1","2","0","0","180","180","0","0","","","","","1","4","","180","","","2022-07-27 18:18:25","2022-08-14 14:23:49");
INSERT INTO sales VALUES("345","posr-20220727-061902","1","9","30","2","1","2","3","0","0","250","250","0","0","","","","","1","4","","250","","","2022-07-27 18:19:02","2022-07-27 18:19:02");
INSERT INTO sales VALUES("346","posr-20220727-062120","1","9","79","2","1","1","2","0","0","140","140","0","0","","","","","1","4","","140","","","2022-07-27 18:21:20","2022-07-27 18:21:20");
INSERT INTO sales VALUES("347","posr-20220727-062233","1","9","88","2","1","2","4","0","0","535","535","0","0","","","","","1","4","","535","","","2022-07-27 18:22:33","2022-07-27 18:22:33");
INSERT INTO sales VALUES("348","posr-20220727-062317","1","9","94","2","1","2","2","0","0","160","160","0","0","","","","","1","4","","160","","","2022-07-27 18:23:17","2022-08-11 12:36:33");
INSERT INTO sales VALUES("349","posr-20220727-062537","1","9","148","2","1","3","16","0","0","2080","2080","0","0","","","","","1","4","","2080","","","2022-07-27 18:25:37","2022-07-27 18:25:37");
INSERT INTO sales VALUES("350","posr-20220727-062736","1","9","149","2","1","2","6","0","0","500","500","0","0","","","","","1","4","","500","","","2022-07-27 18:27:36","2022-08-04 19:09:56");
INSERT INTO sales VALUES("351","posr-20220727-062810","1","9","35","2","1","1","1","0","0","70","70","0","0","","","","","1","4","","70","","","2022-07-27 18:28:10","2022-07-27 18:28:10");
INSERT INTO sales VALUES("352","posr-20220727-062957","1","9","150","2","1","1","4","0","0","360","360","0","0","","","","","1","4","","360","","","2022-07-27 18:29:57","2022-07-27 18:29:57");
INSERT INTO sales VALUES("353","posr-20220727-063213","1","9","151","2","1","1","2","0","0","180","180","0","0","","","","","1","4","","180","","","2022-07-27 18:32:13","2022-07-27 18:32:13");
INSERT INTO sales VALUES("354","posr-20220728-070814","1","9","107","2","1","1","4","0","0","360","324","0","0","36","","","","1","4","","324","","","2022-07-28 19:08:14","2022-07-28 19:08:14");
INSERT INTO sales VALUES("355","posr-20220728-071831","1","9","156","2","1","2","7","0","0","530","530","0","0","","","","","1","4","","530","","","2022-07-28 19:18:31","2022-07-28 19:18:31");
INSERT INTO sales VALUES("356","posr-20220728-071911","1","9","155","2","1","1","4","0","0","280","280","0","0","","","","","1","4","","280","","","2022-07-28 19:19:11","2022-07-28 19:19:11");
INSERT INTO sales VALUES("357","posr-20220728-072019","1","9","109","2","1","2","10","0","0","1740","1700","0","0","40","","","","1","4","","1700","","","2022-07-28 19:20:19","2022-07-28 19:20:19");
INSERT INTO sales VALUES("358","posr-20220728-072124","1","9","154","2","1","2","2","0","0","160","160","0","0","0","","","","1","4","","160","","","2022-07-28 19:21:24","2022-07-28 19:21:24");
INSERT INTO sales VALUES("359","posr-20220728-072208","1","9","152","2","1","1","4","0","0","324","324","0","0","0","","","","1","4","","324","","","2022-07-28 19:22:08","2022-07-28 19:22:08");
INSERT INTO sales VALUES("361","posr-20220728-072909","1","9","45","2","1","2","19","0","0","1550","1395","0","0","155","","","","1","4","","1395","","","2022-07-28 19:29:09","2022-07-28 19:29:09");
INSERT INTO sales VALUES("368","posr-20220731-120438","1","9","110","2","1","2","17","0","0","2375","2190","0","0","185","","","","1","4","","2190","","","2022-07-31 12:04:38","2022-07-31 12:04:38");
INSERT INTO sales VALUES("370","posr-20220731-071223","1","9","164","2","1","2","2","0","0","160","160","0","0","","","","","1","4","","160","","","2022-07-31 19:12:23","2022-07-31 19:12:23");
INSERT INTO sales VALUES("371","posr-20220731-071304","1","9","163","2","1","3","5","0","0","440","440","0","0","","","","","1","4","","440","","","2022-07-31 19:13:04","2022-07-31 19:13:04");
INSERT INTO sales VALUES("372","posr-20220731-071350","1","9","162","2","1","3","6","0","0","470","470","0","0","","","","","1","4","","470","","","2022-07-31 19:13:50","2022-07-31 19:13:50");
INSERT INTO sales VALUES("373","posr-20220731-071425","1","9","161","2","1","1","2","0","0","140","140","0","0","","","","","1","4","","140","","","2022-07-31 19:14:25","2022-07-31 19:14:25");
INSERT INTO sales VALUES("374","posr-20220801-090033","1","9","132","2","1","1","6","0","0","600","600","0","0","","","","","1","4","","600","","","2022-08-01 09:00:33","2022-08-01 09:00:33");
INSERT INTO sales VALUES("375","posr-20220801-090656","1","9","109","2","1","1","12","0","0","1200","1200","0","0","","","","","1","4","","1200","","","2022-08-01 09:06:56","2022-08-21 13:46:09");
INSERT INTO sales VALUES("378","posr-20220803-094411","1","9","166","2","1","2","19","0","0","1810","1720","0","0","90","","","","1","2","","1620","","","2022-08-03 09:44:11","2022-09-06 18:25:28");
INSERT INTO sales VALUES("380","posr-20220803-071201","1","9","169","2","1","2","3","0","0","250","250","0","0","","","","","1","4","","250","","","2022-08-03 19:12:01","2022-08-03 19:12:01");
INSERT INTO sales VALUES("381","posr-20220803-071240","1","9","168","2","1","3","3","0","0","260","260","0","0","","","","","1","4","","260","","","2022-08-03 19:12:40","2022-08-03 19:12:40");
INSERT INTO sales VALUES("382","posr-20220803-071324","1","9","170","2","1","2","3","0","0","290","290","0","0","","","","","1","4","","290","","","2022-08-03 19:13:24","2022-08-03 19:13:24");
INSERT INTO sales VALUES("384","posr-20220804-100511","1","9","165","2","1","2","10","0","0","990","990","0","0","","","","","1","4","","990","","","2022-08-04 10:05:11","2022-08-04 10:05:11");
INSERT INTO sales VALUES("385","posr-20220804-111424","1","9","104","2","1","2","9","0","0","860","860","0","0","","","","","1","4","","860","","","2022-08-04 11:14:24","2022-08-04 11:14:24");
INSERT INTO sales VALUES("386","posr-20220804-124720","1","9","157","2","1","1","120","0","0","12000","10800","0","0","1200","","","","1","4","","10800","","","2022-08-04 12:47:20","2022-08-10 08:39:48");
INSERT INTO sales VALUES("387","posr-20220810-082902","1","9","81","2","1","1","1","0","0","70","70","0","0","","","","","1","4","","70","","","2022-08-10 08:29:02","2022-08-10 08:29:02");
INSERT INTO sales VALUES("388","posr-20220810-082902","1","9","81","2","1","1","1","0","0","70","70","0","0","","","","","1","4","","70","","","2022-08-10 08:29:02","2022-08-10 08:29:02");
INSERT INTO sales VALUES("389","posr-20220810-083451","1","9","172","2","1","1","5","0","0","350","350","0","0","","","","","1","4","","350","","","2022-08-10 08:34:51","2022-08-17 09:47:36");
INSERT INTO sales VALUES("391","posr-20220810-083617","1","9","171","2","1","1","3","0","0","300","300","0","0","","","","","1","4","","300","","","2022-08-10 08:36:17","2022-08-10 08:36:17");
INSERT INTO sales VALUES("393","posr-20220810-025428","1","9","173","2","1","1","14","0","0","980","980","0","0","","","","","1","4","","980","","","2022-08-10 14:54:28","2022-08-10 14:54:28");
INSERT INTO sales VALUES("395","posr-20220811-015127","1","9","94","2","1","1","2","0","0","180","180","0","0","","","","","1","4","","180","","","2022-08-11 13:51:27","2022-10-06 11:56:20");
INSERT INTO sales VALUES("396","posr-20220811-020114","1","9","175","2","1","4","28","0","0","3240","3240","0","0","","","","","1","4","","3240","","","2022-08-11 14:01:14","2022-08-14 14:10:29");
INSERT INTO sales VALUES("397","posr-20220813-011500","1","9","135","2","1","2","5","0","0","397","397","0","0","","","","","1","4","","397","","","2022-08-13 13:15:00","2022-08-13 13:15:00");
INSERT INTO sales VALUES("398","posr-20220813-012015","1","9","176","2","1","4","41","0","0","4410","4410","0","0","","","","","1","4","","4410","","","2022-08-13 13:20:15","2022-08-21 16:59:27");
INSERT INTO sales VALUES("399","posr-20220813-015221","1","9","70","2","1","6","17","0","0","832","832","0","0","","","","","1","4","","832","","","2022-08-13 13:52:21","2022-08-21 13:43:54");
INSERT INTO sales VALUES("400","posr-20220813-051307","1","9","177","2","1","1","10","0","0","1000","1000","0","0","","","","","1","4","","1000","","","2022-08-13 17:13:07","2022-08-15 09:01:27");
INSERT INTO sales VALUES("401","posr-20220813-063904","1","9","81","2","1","1","1","0","0","70","70","0","0","","","","","1","4","","70","","","2022-08-13 18:39:04","2022-08-13 18:39:04");
INSERT INTO sales VALUES("402","posr-20220814-123105","1","9","178","2","1","1","8","0","0","720","720","0","0","","","","","1","4","","720","","","2022-08-14 12:31:05","2022-09-10 12:30:02");
INSERT INTO sales VALUES("403","posr-20220814-020618","1","9","179","2","1","3","28","0","0","2520","2394","0","0","126","","","","1","4","","2394","","","2022-08-14 14:06:18","2022-08-14 14:06:18");
INSERT INTO sales VALUES("404","posr-20220815-105203","1","9","29","2","1","1","5","0","0","500","500","0","0","","","","","1","4","","500","","","2022-08-15 10:52:03","2022-08-15 10:52:03");
INSERT INTO sales VALUES("405","posr-20220816-103650","1","9","180","2","1","3","25","0","0","2250","2250","0","0","","","","","1","4","","2250","","","2022-08-16 10:36:50","2022-08-16 10:36:50");
INSERT INTO sales VALUES("406","posr-20220816-110253","1","9","181","2","1","3","25","0","0","2250","2250","0","0","","","","","1","4","","2250","","","2022-08-16 11:02:53","2022-08-16 11:02:53");
INSERT INTO sales VALUES("407","posr-20220817-094548","1","9","113","2","1","1","5","0","0","450","450","0","0","","","","","1","2","","0","","","2022-08-17 09:45:48","2022-08-17 09:45:48");
INSERT INTO sales VALUES("408","posr-20220817-102944","1","9","182","2","1","1","3","0","0","270","270","0","0","","","","","1","4","","270","","","2022-08-17 10:29:44","2022-08-17 10:29:44");
INSERT INTO sales VALUES("409","posr-20220818-105804","1","9","115","2","1","4","10","0","0","635","635","0","0","","","","","1","4","","635","","","2022-08-18 10:58:04","2022-08-18 10:58:04");
INSERT INTO sales VALUES("410","posr-20220820-121234","1","9","122","2","1","2","22","0","0","2080","2080","0","0","","","","","1","4","","2080","","","2022-08-20 12:12:34","2022-08-20 12:12:34");
INSERT INTO sales VALUES("411","posr-20220821-045648","1","9","160","2","1","1","7","0","0","700","700","0","0","","","","","1","4","","700","","","2022-08-21 16:56:48","2022-08-21 16:56:48");
INSERT INTO sales VALUES("412","posr-20220822-124436","1","9","183","2","1","1","5","0","0","500","500","0","0","","","","","1","4","","500","","","2022-08-22 12:44:36","2022-08-29 15:02:29");
INSERT INTO sales VALUES("414","posr-20220822-023510","1","9","184","2","1","1","6","0","0","540","540","0","0","","","","","1","4","","540","","","2022-08-22 14:35:10","2022-08-29 15:01:44");
INSERT INTO sales VALUES("416","posr-20220822-024251","1","9","186","2","1","1","4","0","0","280","280","0","0","","","","","1","4","","280","","","2022-08-22 14:42:51","2022-08-29 15:01:24");
INSERT INTO sales VALUES("417","posr-20220822-041652","1","9","187","2","1","1","10","0","0","700","630","0","0","70","","","","1","4","","630","","","2022-08-22 16:16:52","2022-08-22 16:16:52");
INSERT INTO sales VALUES("418","posr-20220823-103856","1","9","188","2","1","2","6","0","0","500","500","0","0","","","","","1","4","","500","","","2022-08-23 10:38:56","2022-08-23 10:38:56");
INSERT INTO sales VALUES("419","posr-20220824-101828","1","9","189","2","1","1","6","0","0","540","540","0","0","","","","","1","4","","540","","","2022-08-24 10:18:28","2022-08-29 12:28:10");
INSERT INTO sales VALUES("420","posr-20220824-102553","1","9","190","2","1","1","12","0","0","1080","1080","0","0","","","","","1","4","","1080","","","2022-08-24 10:25:53","2022-08-25 10:38:55");
INSERT INTO sales VALUES("424","posr-20220825-020830","1","9","156","2","1","2","12","0","0","920","920","0","0","","","","","1","4","","920","","","2022-08-25 14:08:30","2022-08-29 15:02:00");
INSERT INTO sales VALUES("426","posr-20220825-033438","1","9","192","2","1","1","3","0","0","210","210","0","0","","","","","1","4","","210","","","2022-08-25 15:34:38","2022-09-05 08:56:20");
INSERT INTO sales VALUES("429","posr-20220828-125900","1","9","193","2","1","1","10","0","0","900","900","0","0","","","","","1","4","","900","","","2022-08-28 12:59:00","2022-09-10 12:29:25");
INSERT INTO sales VALUES("430","posr-20220829-012845","1","9","194","2","1","2","10","0","0","700","700","0","0","","","","","1","4","","700","","","2022-08-29 13:28:45","2022-08-29 13:28:45");
INSERT INTO sales VALUES("432","posr-20220831-095333","1","9","69","2","1","3","7","0","0","620","620","0","0","","","","","1","2","","0","","","2022-08-31 09:53:33","2022-08-31 09:53:33");
INSERT INTO sales VALUES("433","posr-20220903-121554","1","9","191","2","1","1","50","0","0","4500","4050","0","0","450","","","","1","4","","4050","","","2022-09-03 12:15:54","2022-09-03 12:15:54");
INSERT INTO sales VALUES("434","posr-20220906-060003","1","9","34","2","1","1","6","0","0","600","600","0","0","","","","","1","4","","600","","","2022-09-06 18:00:03","2022-09-25 15:52:42");
INSERT INTO sales VALUES("435","posr-20220906-060054","1","9","149","2","1","2","5","0","0","470","470","0","0","","","","","1","4","","470","","","2022-09-06 18:00:54","2022-09-24 10:21:46");
INSERT INTO sales VALUES("436","posr-20220906-061500","1","9","163","2","1","3","7","0","0","590","590","0","0","","","","","1","4","","590","","","2022-09-06 18:15:00","2022-09-06 18:15:00");
INSERT INTO sales VALUES("437","posr-20220906-061530","1","9","30","2","1","3","3","0","0","260","260","0","0","","","","","1","4","","260","","","2022-09-06 18:15:30","2022-09-06 18:15:30");
INSERT INTO sales VALUES("438","posr-20220906-061617","1","9","52","2","1","3","7","0","0","610","610","0","0","","","","","1","4","","610","","","2022-09-06 18:16:17","2022-10-23 16:00:49");
INSERT INTO sales VALUES("439","posr-20220906-061712","1","9","145","2","1","1","1","0","0","100","100","0","0","","","","","1","4","","100","","","2022-09-06 18:17:12","2022-09-06 18:17:12");
INSERT INTO sales VALUES("440","posr-20220910-090220","1","9","195","2","1","2","4","0","0","380","380","0","0","","","","","1","4","","380","","","2022-09-10 09:02:20","2022-09-10 09:02:20");
INSERT INTO sales VALUES("441","posr-20220910-090444","1","9","196","2","1","2","2","0","0","190","190","0","0","","","","","1","4","","190","","","2022-09-10 09:04:44","2022-09-10 09:04:44");
INSERT INTO sales VALUES("442","posr-20220910-093806","1","9","81","2","1","2","4","0","0","320","320","0","0","","","","","1","4","","320","","","2022-09-10 09:38:06","2022-09-10 09:38:06");
INSERT INTO sales VALUES("443","posr-20220910-123240","1","9","153","2","1","1","2","0","0","180","170","0","0","10","","","","1","4","","170","","","2022-09-10 12:32:40","2022-09-10 12:32:40");
INSERT INTO sales VALUES("444","posr-20220911-014404","1","9","197","2","1","2","14","0","0","1330","1330","0","0","","","","","1","4","","1330","","","2022-09-11 13:44:04","2022-09-11 13:44:04");
INSERT INTO sales VALUES("446","posr-20220913-052129","1","9","150","2","1","1","1","0","0","100","100","0","0","","","","","1","4","","100","","","2022-09-13 17:21:29","2022-09-13 17:21:29");
INSERT INTO sales VALUES("447","posr-20220913-052245","1","9","198","2","1","1","5","0","0","450","450","0","0","","","","","1","2","","350","","","2022-09-13 17:22:45","2022-09-13 17:22:45");
INSERT INTO sales VALUES("448","posr-20220914-074436","1","9","118","2","1","3","6","0","0","490","490","0","0","","","","","1","2","","300","","","2022-09-14 07:44:36","2022-09-14 07:44:36");
INSERT INTO sales VALUES("449","posr-20220914-074725","1","9","199","2","1","1","2","0","0","200","180","0","0","20","","","","1","4","","180","","","2022-09-14 07:47:25","2022-09-14 07:47:25");
INSERT INTO sales VALUES("450","posr-20220914-080946","1","9","200","2","1","1","1","0","0","95","95","0","0","","","","","1","4","","95","","","2022-09-14 08:09:46","2022-09-14 08:09:46");
INSERT INTO sales VALUES("451","posr-20220914-081149","1","9","61","2","1","3","5","0","0","420","420","0","0","","","","","1","4","","420","","","2022-09-14 08:11:49","2022-10-04 17:54:48");
INSERT INTO sales VALUES("452","posr-20220914-081402","1","9","88","2","1","2","6","0","0","520","520","0","0","","","","","1","4","","520","","","2022-09-14 08:14:02","2022-10-23 16:01:22");
INSERT INTO sales VALUES("453","posr-20220914-081641","1","9","201","2","1","1","2","0","0","170","170","0","0","","","","","1","4","","170","","","2022-09-14 08:16:41","2022-09-14 08:16:41");
INSERT INTO sales VALUES("454","posr-20220914-054305","1","9","170","2","1","1","2","0","0","200","200","0","0","","","","","1","4","","200","","","2022-09-14 17:43:05","2022-09-14 17:43:05");
INSERT INTO sales VALUES("455","posr-20220914-055106","1","9","205","2","1","1","5","0","0","500","475","0","0","25","","","","1","4","","475","","","2022-09-14 17:51:06","2022-09-14 17:51:06");
INSERT INTO sales VALUES("456","posr-20220914-055324","1","9","204","2","1","3","5","0","0","440","390","0","0","50","","","","1","4","","390","","","2022-09-14 17:53:24","2022-09-14 17:53:24");
INSERT INTO sales VALUES("457","posr-20220914-055422","1","9","203","2","1","2","2","0","0","190","175","0","0","15","","","","1","4","","175","","","2022-09-14 17:54:22","2022-09-14 17:54:22");
INSERT INTO sales VALUES("458","posr-20220914-055715","1","9","202","2","1","2","3","0","0","290","275","0","0","15","","","","1","4","","275","","","2022-09-14 17:57:15","2022-09-14 17:57:15");
INSERT INTO sales VALUES("459","posr-20220914-055955","1","9","87","2","1","1","3","0","0","270","255","0","0","15","","","","1","4","","255","","","2022-09-14 17:59:55","2022-09-14 17:59:55");
INSERT INTO sales VALUES("460","posr-20220915-082645","1","9","156","2","1","3","8","0","0","690","690","0","0","","","","","1","4","","690","","","2022-09-15 20:26:45","2022-11-10 08:18:12");
INSERT INTO sales VALUES("462","posr-20220920-015717","1","9","129","2","1","2","6","0","0","495","495","0","0","","","","","1","4","","495","","","2022-09-20 13:57:17","2022-09-21 15:17:50");
INSERT INTO sales VALUES("463","posr-20220921-103516","1","9","209","2","1","4","6","0","0","705","705","0","0","","","","","1","4","","705","","","2022-09-21 10:35:16","2022-11-10 19:13:55");
INSERT INTO sales VALUES("465","posr-20220921-103645","1","9","207","2","1","1","2","0","0","180","180","0","0","","","","","1","4","","180","","","2022-09-21 10:36:45","2022-09-21 10:36:45");
INSERT INTO sales VALUES("468","posr-20220921-031919","1","9","160","2","1","1","9","0","0","810","810","0","0","","","","","1","4","","810","","","2022-09-21 15:19:19","2022-11-03 11:05:39");
INSERT INTO sales VALUES("469","posr-20220921-032721","1","9","142","2","1","4","32","0","0","2865","2865","0","0","","","","","1","4","","2865","","","2022-09-21 15:27:21","2022-09-28 11:04:32");
INSERT INTO sales VALUES("472","posr-20220922-110900","1","9","53","2","1","1","19","0","0","1520","1520","0","0","","","","","1","2","","1200","","","2022-09-22 11:09:00","2022-09-22 11:09:00");
INSERT INTO sales VALUES("473","posr-20220922-033901","1","9","70","2","1","1","2","0","0","180","180","0","0","","","","","1","4","","180","","","2022-09-22 15:39:01","2022-09-22 15:39:01");
INSERT INTO sales VALUES("474","posr-20220922-034159","1","9","210","2","1","3","8","0","0","530","530","0","0","","","","","1","4","","530","","","2022-09-22 15:41:59","2022-09-28 19:51:54");
INSERT INTO sales VALUES("476","posr-20220924-090747","1","9","53","2","1","5","51","0","0","3970","3970","0","0","","","","","1","2","","3850","","","2022-09-24 09:07:47","2022-10-13 08:54:33");
INSERT INTO sales VALUES("477","posr-20220924-101526","1","9","54","2","1","3","12","0","0","760","760","0","0","","","","","1","4","","760","","","2022-09-24 10:15:26","2022-10-08 08:40:03");
INSERT INTO sales VALUES("478","posr-20220925-115205","1","9","211","2","1","1","1","0","0","90","90","0","0","","","","","1","4","","90","","","2022-09-25 11:52:05","2022-09-25 11:52:05");
INSERT INTO sales VALUES("479","posr-20220925-115435","1","9","212","2","1","3","5","0","0","255","255","0","0","","","","","1","4","","255","","","2022-09-25 11:54:35","2022-09-25 11:54:35");
INSERT INTO sales VALUES("480","posr-20220926-100531","1","9","213","2","1","1","8","0","0","720","720","0","0","","","","","1","4","","720","","","2022-09-26 10:05:31","2022-09-27 15:01:05");
INSERT INTO sales VALUES("481","posr-20220926-101221","1","9","214","2","1","2","2","0","0","190","190","0","0","","","","","1","4","","190","","","2022-09-26 10:12:21","2022-10-20 09:44:52");
INSERT INTO sales VALUES("482","posr-20220929-104618","1","9","73","2","1","5","14","0","0","1175","1175","0","0","","","","","1","4","","1175","","","2022-09-29 10:46:18","2022-10-23 16:01:39");
INSERT INTO sales VALUES("483","posr-20220929-115238","1","9","142","2","1","1","5","0","0","425","425","0","0","","","","","1","4","","425","","","2022-09-29 11:52:38","2022-10-04 10:29:06");
INSERT INTO sales VALUES("484","posr-20220929-020836","1","9","111","2","1","1","4","0","0","380","380","0","0","","","","","1","4","","380","","","2022-09-29 14:08:36","2022-09-29 14:08:36");
INSERT INTO sales VALUES("485","posr-20221003-071349","1","9","215","2","1","2","10","0","0","840","840","0","0","","","","","1","4","","840","","","2022-10-03 19:13:49","2022-10-03 19:13:49");
INSERT INTO sales VALUES("486","posr-20221003-071520","1","9","56","2","1","2","8","0","0","750","750","0","0","","","","","1","4","","750","","","2022-10-03 19:15:20","2022-10-23 16:01:07");
INSERT INTO sales VALUES("487","posr-20221003-072132","1","9","127","2","1","4","13","0","0","1110","1110","0","0","","","","","1","4","","1110","","","2022-10-03 19:21:32","2022-10-03 19:21:32");
INSERT INTO sales VALUES("488","posr-20221003-073333","1","9","141","2","1","2","141","0","0","10161","10161","0","0","","","","","1","4","","10161","","","2022-10-03 19:33:33","2022-10-03 19:33:33");
INSERT INTO sales VALUES("489","posr-20221003-073518","1","9","141","2","1","1","57","0","0","4275","4275","0","0","","","","","1","4","","4275","","","2022-10-03 19:35:18","2022-10-03 19:35:18");
INSERT INTO sales VALUES("490","posr-20221003-074205","1","9","216","2","1","3","6","0","0","525","525","0","0","","","","","1","4","","525","","","2022-10-03 19:42:05","2022-10-03 19:42:05");
INSERT INTO sales VALUES("491","posr-20221004-104717","1","9","149","2","1","2","5","0","0","480","480","0","0","","","","","1","4","","480","","","2022-10-04 10:47:17","2022-11-03 10:49:25");
INSERT INTO sales VALUES("492","posr-20221004-105032","1","9","51","2","1","3","6","0","0","540","540","0","0","","","","","1","4","","540","","","2022-10-04 10:50:32","2022-10-04 10:50:32");
INSERT INTO sales VALUES("494","posr-20221004-105343","1","9","151","2","1","1","2","0","0","600","600","0","0","","","","","1","4","","600","","","2022-10-04 10:53:43","2022-10-04 10:53:43");
INSERT INTO sales VALUES("496","posr-20221004-015543","1","9","217","2","1","2","9","0","0","860","860","0","0","","","","","1","2","","0","","","2022-10-04 13:55:43","2022-10-04 13:55:43");
INSERT INTO sales VALUES("497","posr-20221004-015920","1","9","36","2","1","3","15","0","0","1150","1150","0","0","","","","","1","4","","1150","","","2022-10-04 13:59:20","2022-10-04 13:59:20");
INSERT INTO sales VALUES("498","posr-20221005-092517","1","9","218","2","1","2","3","0","0","290","290","0","0","","","","","1","4","","290","","","2022-10-05 09:25:17","2022-10-05 09:25:17");
INSERT INTO sales VALUES("499","posr-20221005-105741","1","9","66","2","1","2","6","0","0","570","570","0","0","","","","","1","4","","570","","","2022-10-05 10:57:41","2022-10-05 10:57:41");
INSERT INTO sales VALUES("500","posr-20221005-011642","1","9","219","2","1","1","2","0","0","180","180","0","0","","","","","1","4","","180","","","2022-10-05 13:16:42","2022-10-05 13:16:42");
INSERT INTO sales VALUES("503","posr-20221005-022514","1","9","34","2","1","2","7","0","0","900","870","0","0","30","","","","1","4","","870","","","2022-10-05 14:25:14","2022-10-23 15:57:58");
INSERT INTO sales VALUES("504","posr-20221005-022747","1","9","220","2","1","4","21","0","0","2100","2015","0","0","85","","","","1","4","","2015","","","2022-10-05 14:27:47","2022-10-05 14:27:47");
INSERT INTO sales VALUES("505","posr-20221006-085913","1","9","221","2","1","2","12","0","0","1020","1020","0","0","","","","","1","4","","1020","","","2022-10-06 08:59:13","2022-10-06 15:51:22");
INSERT INTO sales VALUES("507","posr-20221006-115942","1","9","94","2","1","1","1","0","0","100","100","0","0","","","","","1","2","","0","","","2022-10-06 11:59:42","2022-10-06 11:59:42");
INSERT INTO sales VALUES("508","posr-20221006-122446","1","9","61","2","1","2","5","0","0","650","650","0","0","","","","","1","4","","650","","","2022-10-06 12:24:46","2022-10-06 15:46:52");
INSERT INTO sales VALUES("509","posr-20221006-021002","1","9","223","2","1","1","4","0","0","360","360","0","0","","","","","1","4","","360","","","2022-10-06 14:10:02","2022-10-06 14:10:02");
INSERT INTO sales VALUES("510","posr-20221006-035943","1","9","88","2","1","3","5","0","0","640","640","0","0","","","","","1","4","","640","","","2022-10-06 15:59:43","2022-10-06 15:59:43");
INSERT INTO sales VALUES("511","posr-20221007-015627","1","9","203","2","1","1","6","0","0","540","510","0","0","30","","","","1","4","","510","","","2022-10-07 13:56:27","2022-10-07 13:56:27");
INSERT INTO sales VALUES("512","posr-20221008-084325","1","9","54","2","1","3","26","0","0","1825","1825","0","0","","","","","1","4","","1825","","","2022-10-08 08:43:25","2022-11-06 12:16:25");
INSERT INTO sales VALUES("513","posr-20221008-014058","1","9","224","2","1","1","5","0","0","450","450","0","0","","","","","1","4","","450","","","2022-10-08 13:40:58","2022-10-13 09:19:47");
INSERT INTO sales VALUES("514","posr-20221008-052905","1","9","86","2","1","1","2","0","0","180","180","0","0","","","","","1","4","","180","","","2022-10-08 17:29:05","2022-10-08 17:29:05");
INSERT INTO sales VALUES("515","posr-20221009-090340","1","9","30","2","1","2","7","0","0","670","670","0","0","","","","","1","4","","670","","","2022-10-09 09:03:40","2022-10-23 15:57:19");
INSERT INTO sales VALUES("516","posr-20221009-125023","1","9","225","2","1","1","1","0","0","90","90","0","0","","","","","1","4","","90","","","2022-10-09 12:50:23","2022-10-09 12:50:23");
INSERT INTO sales VALUES("517","posr-20221010-013128","1","9","226","2","1","1","8","0","0","720","720","0","0","","","","","1","4","","720","","","2022-10-10 13:31:28","2022-10-15 15:23:10");
INSERT INTO sales VALUES("518","posr-20221011-092247","1","9","195","2","1","1","3","0","0","270","270","0","0","","","","","1","4","","270","","","2022-10-11 09:22:47","2022-10-17 13:27:54");
INSERT INTO sales VALUES("519","posr-20221011-101730","1","9","208","2","1","1","8","0","0","680","680","0","0","","","","","1","4","","680","","","2022-10-11 10:17:30","2022-10-11 10:17:30");
INSERT INTO sales VALUES("520","posr-20221012-104210","1","9","129","2","1","1","6","0","0","600","600","0","0","","","","","1","4","","600","","","2022-10-12 10:42:10","2022-10-12 10:42:10");
INSERT INTO sales VALUES("521","posr-20221012-121128","1","9","227","2","1","3","7","0","0","500","500","0","0","","","","","1","4","","500","","","2022-10-12 12:11:28","2022-10-12 12:11:28");
INSERT INTO sales VALUES("523","posr-20221013-091313","1","9","53","2","1","1","28","0","0","2240","2240","0","0","","","","","1","2","","2000","","","2022-10-13 09:13:13","2022-11-03 10:42:51");
INSERT INTO sales VALUES("524","posr-20221013-103547","1","9","190","2","1","1","14","0","0","1260","1260","0","0","","","","","1","4","","1260","","","2022-10-13 10:35:47","2022-10-15 15:23:01");
INSERT INTO sales VALUES("525","posr-20221013-014447","1","9","115","2","1","3","8","0","0","805","805","0","0","","","","","1","4","","805","","","2022-10-13 13:44:47","2022-10-13 13:44:47");
INSERT INTO sales VALUES("526","posr-20221015-031103","1","9","50","2","1","4","9","0","0","559","559","0","0","","","","","1","4","","559","","","2022-10-15 15:11:03","2022-10-15 15:11:03");
INSERT INTO sales VALUES("527","posr-20221016-112234","1","9","229","2","1","2","7","0","0","630","630","0","0","","","","","1","4","","630","","","2022-10-16 11:22:34","2022-10-17 13:26:20");
INSERT INTO sales VALUES("529","posr-20221016-064849","1","9","228","2","1","1","2","0","0","180","180","0","0","","","","","1","4","","180","","","2022-10-16 18:48:49","2022-11-08 09:08:13");
INSERT INTO sales VALUES("530","posr-20221018-101756","1","9","32","2","1","1","1","0","0","85","85","0","0","","","","","1","4","","85","","","2022-10-18 10:17:56","2022-10-18 10:17:56");
INSERT INTO sales VALUES("532","posr-20221021-035033","1","9","230","2","1","3","12","0","0","965","965","0","0","","","","","1","2","","500","","","2022-10-21 15:50:33","2022-10-21 15:50:33");
INSERT INTO sales VALUES("533","posr-20221022-085116","1","9","210","2","1","2","14","0","0","1230","1230","0","0","","","","","1","4","","1230","","","2022-10-22 08:51:16","2022-11-03 10:40:56");
INSERT INTO sales VALUES("534","posr-20221022-021246","1","9","127","2","1","2","4","0","0","305","305","0","0","","","","","1","4","","305","","","2022-10-22 14:12:46","2022-10-22 14:12:46");
INSERT INTO sales VALUES("536","posr-20221023-035125","1","9","57","2","1","3","9","0","0","805","805","0","0","","","","","1","4","","805","","","2022-10-23 15:51:25","2022-10-23 15:51:25");
INSERT INTO sales VALUES("537","posr-20221023-035203","1","9","56","2","1","1","1","0","0","100","100","0","0","","","","","1","4","","100","","","2022-10-23 15:52:03","2022-12-08 08:36:02");
INSERT INTO sales VALUES("538","posr-20221023-035408","1","9","231","2","1","1","5","0","0","460","460","0","0","","","","","1","4","","460","","","2022-10-23 15:54:08","2022-10-23 15:54:08");
INSERT INTO sales VALUES("539","posr-20221023-035447","1","9","88","2","1","1","5","0","0","450","450","0","0","","","","","1","2","","300","","","2022-10-23 15:54:47","2022-12-08 08:34:30");
INSERT INTO sales VALUES("540","posr-20221023-035520","1","9","73","2","1","1","1","0","0","100","100","0","0","","","","","1","2","","0","","","2022-10-23 15:55:20","2022-10-23 15:55:20");
INSERT INTO sales VALUES("541","posr-20221023-035632","1","9","34","2","1","3","8","0","0","665","665","0","0","","","","","1","4","","665","","","2022-10-23 15:56:32","2022-11-13 08:37:41");
INSERT INTO sales VALUES("542","posr-20221025-104020","1","9","99","2","1","1","6","0","0","570","570","0","0","","","","","1","4","","570","","","2022-10-25 10:40:20","2022-10-25 10:40:20");
INSERT INTO sales VALUES("543","posr-20221025-113208","1","9","142","2","1","1","10","0","0","850","850","0","0","","","","","1","4","","850","","","2022-10-25 11:32:08","2022-11-05 10:24:05");
INSERT INTO sales VALUES("544","posr-20221025-070541","1","9","232","2","1","2","3","0","0","225","225","0","0","","","","","1","4","","225","","","2022-10-25 19:05:41","2022-10-25 19:05:41");
INSERT INTO sales VALUES("545","posr-20221031-021547","1","9","140","2","1","1","1","0","0","100","100","0","0","","","","","1","4","","100","","","2022-10-31 14:15:47","2022-10-31 14:15:47");
INSERT INTO sales VALUES("546","posr-20221103-102116","1","9","233","2","1","2","6","0","0","30","30","0","0","","","","","1","4","","30","","","2022-11-03 10:21:16","2022-11-03 10:21:16");
INSERT INTO sales VALUES("547","posr-20221103-102730","1","9","220","2","1","2","17","0","0","1555","1555","0","0","","","","","1","4","","1555","","","2022-11-03 10:27:30","2022-11-30 11:02:54");
INSERT INTO sales VALUES("548","posr-20221103-103947","1","9","163","2","1","2","14","0","0","644","644","0","0","","","","","1","4","","644","","","2022-11-03 10:39:47","2022-11-03 10:39:47");
INSERT INTO sales VALUES("549","posr-20221103-030406","1","9","234","2","1","1","6","0","0","600","600","0","0","","","","","1","4","","600","","","2022-11-03 15:04:06","2022-11-03 15:04:06");
INSERT INTO sales VALUES("551","posr-20221105-091444","1","9","235","2","1","1","2","0","0","180","180","0","0","","","","","1","4","","180","","","2022-11-05 09:14:44","2022-11-05 09:14:44");
INSERT INTO sales VALUES("552","posr-20221105-091539","1","9","236","2","1","1","1","0","0","90","90","0","0","","","","","1","4","","90","","","2022-11-05 09:15:39","2022-11-05 09:15:39");
INSERT INTO sales VALUES("554","posr-20221105-093203","1","9","237","2","1","2","6","0","0","530","530","0","0","","","","","1","4","","530","","","2022-11-05 09:32:03","2022-11-19 16:19:41");
INSERT INTO sales VALUES("555","posr-20221105-102548","1","9","142","2","1","3","10","0","0","1215","1215","0","0","","","","","1","4","","1215","","","2022-11-05 10:25:48","2022-11-05 10:25:48");
INSERT INTO sales VALUES("556","posr-20221107-120012","1","9","238","2","1","3","12","0","0","748","748","0","0","","","","","1","4","","748","","","2022-11-07 12:00:12","2022-11-07 12:00:12");
INSERT INTO sales VALUES("557","posr-20221108-080904","1","9","125","2","1","2","3","0","0","210","210","0","0","","","","","1","4","","210","","","2022-11-08 08:09:04","2022-11-08 08:09:04");
INSERT INTO sales VALUES("558","posr-20221108-061902","1","9","240","2","1","2","7","0","0","650","650","0","0","","","","","1","4","","650","","","2022-11-08 18:19:02","2022-11-24 10:31:03");
INSERT INTO sales VALUES("559","posr-20221109-034200","1","9","241","2","1","2","3","0","0","260","260","0","0","","","","","1","4","","260","","","2022-11-09 15:42:00","2022-11-09 15:42:00");
INSERT INTO sales VALUES("560","posr-20221109-034536","1","9","139","2","1","3","9","0","0","740","740","0","0","","","","","1","4","","740","","","2022-11-09 15:45:36","2022-11-09 15:45:36");
INSERT INTO sales VALUES("561","posr-20221109-035126","1","9","242","2","1","2","2","0","0","185","185","0","0","","","","","1","4","","185","","","2022-11-09 15:51:26","2022-11-09 15:51:26");
INSERT INTO sales VALUES("562","posr-20221109-035315","1","9","156","2","1","2","10","0","0","915","915","0","0","","","","","1","4","","915","","","2022-11-09 15:53:15","2022-12-12 13:03:57");
INSERT INTO sales VALUES("564","posr-20221110-010005","1","9","243","2","1","3","4","0","0","330","330","0","0","","","","","1","4","","330","","","2022-11-10 13:00:05","2022-11-10 13:00:05");
INSERT INTO sales VALUES("565","posr-20221110-024857","1","9","244","2","1","2","6","0","0","381","381","0","0","","","","","1","4","","381","","","2022-11-10 14:48:57","2022-11-10 14:48:57");
INSERT INTO sales VALUES("566","posr-20221110-035638","1","9","152","2","1","1","2","0","0","160","160","0","0","","","","","1","4","","160","","","2022-11-10 15:56:38","2022-11-10 15:56:38");
INSERT INTO sales VALUES("567","posr-20221110-035849","1","9","195","2","1","1","3","0","0","270","270","0","0","","","","","1","4","","270","","","2022-11-10 15:58:49","2022-11-10 15:58:49");
INSERT INTO sales VALUES("568","posr-20221113-083859","1","9","34","2","1","2","9","0","0","840","840","0","0","","","","","1","2","","325","","","2022-11-13 08:38:59","2022-12-15 16:24:18");
INSERT INTO sales VALUES("570","posr-20221114-092213","1","9","205","2","1","2","7","0","0","550","550","0","0","","","","","1","4","","550","","","2022-11-14 09:22:13","2022-11-14 09:22:13");
INSERT INTO sales VALUES("571","posr-20221114-092453","1","9","246","2","1","3","8","0","0","280","280","0","0","","","","","1","4","","280","","","2022-11-14 09:24:53","2022-11-14 09:24:53");
INSERT INTO sales VALUES("572","posr-20221114-092603","1","9","245","2","1","1","6","0","0","510","510","0","0","","","","","1","4","","510","","","2022-11-14 09:26:03","2022-11-14 09:26:03");
INSERT INTO sales VALUES("573","posr-20221114-062033","1","9","249","2","1","1","2","0","0","190","190","0","0","","","","","1","4","","190","","","2022-11-14 18:20:33","2022-11-14 18:20:33");
INSERT INTO sales VALUES("574","posr-20221114-062227","1","9","251","2","1","2","5","0","0","309","309","0","0","","","","","1","4","","309","","","2022-11-14 18:22:27","2022-11-14 18:22:27");
INSERT INTO sales VALUES("575","posr-20221114-062312","1","9","250","2","1","1","1","0","0","85","85","0","0","","","","","1","4","","85","","","2022-11-14 18:23:12","2022-11-14 18:23:12");
INSERT INTO sales VALUES("576","posr-20221114-062433","1","9","247","2","1","2","3","0","0","275","275","0","0","","","","","1","4","","275","","","2022-11-14 18:24:33","2022-11-14 18:24:33");
INSERT INTO sales VALUES("577","posr-20221114-062600","1","9","248","2","1","2","3","0","0","265","265","0","0","","","","","1","4","","265","","","2022-11-14 18:26:00","2022-11-14 18:26:00");
INSERT INTO sales VALUES("578","posr-20221115-063818","1","9","253","2","1","3","16","0","0","870","870","0","0","","","","","1","4","","870","","","2022-11-15 18:38:18","2022-11-15 18:38:18");
INSERT INTO sales VALUES("579","posr-20221115-063939","1","9","254","2","1","2","3","0","0","275","275","0","0","","","","","1","4","","275","","","2022-11-15 18:39:39","2022-11-15 18:39:39");
INSERT INTO sales VALUES("580","posr-20221115-064215","1","9","255","2","1","1","1","0","0","80","80","0","0","","","","","1","4","","80","","","2022-11-15 18:42:15","2022-11-15 18:42:15");
INSERT INTO sales VALUES("581","posr-20221115-072645","1","9","167","2","1","5","6","0","0","440","440","0","0","","","","","1","4","","440","","","2022-11-15 19:26:45","2022-11-15 19:26:45");
INSERT INTO sales VALUES("582","posr-20221117-073038","1","9","255","2","1","2","6","0","0","510","510","0","0","","","","","1","4","","510","","","2022-11-17 07:30:38","2022-11-17 07:30:38");
INSERT INTO sales VALUES("583","posr-20221117-073211","1","9","261","2","1","1","2","0","0","180","180","0","0","","","","","1","4","","180","","","2022-11-17 07:32:11","2022-11-17 07:32:11");
INSERT INTO sales VALUES("585","posr-20221117-073929","1","9","256","2","1","1","5","0","0","450","450","0","0","","","","","1","4","","450","","","2022-11-17 07:39:29","2022-11-17 07:39:29");
INSERT INTO sales VALUES("586","posr-20221117-051344","1","9","127","2","1","3","5","0","0","390","390","0","0","","","","","1","4","","390","","","2022-11-17 17:13:44","2022-11-17 17:13:44");
INSERT INTO sales VALUES("587","posr-20221117-051513","1","9","170","2","1","1","1","0","0","95","95","0","0","","","","","1","4","","95","","","2022-11-17 17:15:13","2022-11-17 17:15:13");
INSERT INTO sales VALUES("588","posr-20221117-053018","1","9","265","2","1","1","5","0","0","425","425","0","0","","","","","1","4","","425","","","2022-11-17 17:30:18","2022-11-17 17:30:18");
INSERT INTO sales VALUES("589","posr-20221117-053224","1","9","121","2","1","2","3","0","0","265","265","0","0","","","","","1","2","","0","","","2022-11-17 17:32:24","2022-11-17 17:32:24");
INSERT INTO sales VALUES("590","posr-20221117-053359","1","9","264","2","1","2","10","0","0","850","850","0","0","","","","","1","2","","500","","","2022-11-17 17:33:59","2022-12-08 17:16:35");
INSERT INTO sales VALUES("591","posr-20221117-053539","1","9","263","2","1","3","6","0","0","505","505","0","0","","","","","1","4","","505","","","2022-11-17 17:35:39","2022-11-17 17:35:39");
INSERT INTO sales VALUES("592","posr-20221117-053657","1","9","262","2","1","2","2","0","0","145","145","0","0","","","","","1","4","","145","","","2022-11-17 17:36:57","2022-11-17 17:36:57");
INSERT INTO sales VALUES("593","posr-20221119-061750","1","9","266","2","1","1","1","0","0","100","100","0","0","","","","","1","4","","100","","","2022-11-19 18:17:50","2022-11-19 18:17:50");
INSERT INTO sales VALUES("594","posr-20221120-123041","1","9","267","2","1","2","11","0","0","995","995","0","0","","","","","1","4","","995","","","2022-11-20 12:30:41","2022-11-20 12:30:41");
INSERT INTO sales VALUES("595","posr-20221122-022923","1","9","63","2","1","1","5","0","0","475","475","0","0","","","","","1","4","","475","","","2022-11-22 14:29:23","2022-12-08 08:34:04");
INSERT INTO sales VALUES("596","posr-20221122-023414","1","9","268","2","1","1","4","0","0","340","340","0","0","","","","","1","4","","340","","","2022-11-22 14:34:14","2022-11-22 14:34:14");
INSERT INTO sales VALUES("597","posr-20221122-031127","1","9","220","2","1","2","8","0","0","710","710","0","0","","","","","1","2","","645","","","2022-11-22 15:11:27","2022-11-30 11:03:25");
INSERT INTO sales VALUES("598","posr-20221122-031216","1","9","56","2","1","1","4","0","0","400","400","0","0","","","","","1","2","","0","","","2022-11-22 15:12:16","2022-11-22 15:12:16");
INSERT INTO sales VALUES("599","posr-20221122-053124","1","9","151","2","1","2","5","0","0","445","445","0","0","","","","","1","2","","375","","","2022-11-22 17:31:24","2022-12-08 08:33:50");
INSERT INTO sales VALUES("600","posr-20221123-083140","1","9","231","2","1","2","2","0","0","180","180","0","0","","","","","1","4","","180","","","2022-11-23 08:31:40","2022-11-23 08:31:40");
INSERT INTO sales VALUES("601","posr-20221123-125858","1","9","269","2","1","1","2","0","0","180","180","0","0","","","","","1","4","","180","","","2022-11-23 12:58:58","2022-11-23 12:58:58");
INSERT INTO sales VALUES("602","posr-20221123-020812","1","9","270","2","1","2","2","0","0","170","170","0","0","","","","","1","4","","170","","","2022-11-23 14:08:12","2022-11-23 14:08:12");
INSERT INTO sales VALUES("603","posr-20221123-021141","1","9","271","2","1","1","1","0","0","80","80","0","0","","","","","1","4","","80","","","2022-11-23 14:11:41","2022-11-23 14:11:41");
INSERT INTO sales VALUES("604","posr-20221123-041416","1","9","272","2","1","2","5","0","0","440","440","0","0","","","","","1","2","","300","","","2022-11-23 16:14:16","2022-11-23 16:14:16");
INSERT INTO sales VALUES("605","posr-20221123-041459","1","9","273","2","1","1","2","0","0","160","160","0","0","","","","","1","4","","160","","","2022-11-23 16:14:59","2022-11-23 16:14:59");
INSERT INTO sales VALUES("606","posr-20221124-084004","1","9","274","2","1","2","2","0","0","145","145","0","0","","","","","1","4","","145","","","2022-11-24 08:40:04","2022-11-24 08:40:04");
INSERT INTO sales VALUES("607","posr-20221124-072616","1","9","81","2","1","1","1","0","0","80","80","0","0","","","","","1","4","","80","","","2022-11-24 19:26:16","2022-11-24 19:26:16");
INSERT INTO sales VALUES("608","posr-20221128-123806","1","9","228","2","1","1","3","0","0","270","270","0","0","","","","","1","4","","270","","","2022-11-28 12:38:06","2022-11-28 12:38:06");
INSERT INTO sales VALUES("609","posr-20221129-084751","1","9","148","2","1","2","12","0","0","1005","1005","0","0","","","","","1","4","","1005","","","2022-11-29 08:47:51","2022-12-08 08:32:54");
INSERT INTO sales VALUES("613","posr-20221129-085149","1","9","61","2","1","1","3","0","0","270","270","0","0","","","","","1","4","","270","","","2022-11-29 08:51:49","2022-12-08 08:33:04");
INSERT INTO sales VALUES("614","posr-20221130-114653","1","9","34","2","1","1","1","0","0","75","75","0","0","","","","","1","4","","75","","","2022-11-30 11:46:53","2022-12-15 16:23:59");
INSERT INTO sales VALUES("616","posr-20221203-061817","1","9","276","2","1","1","1","0","0","80","80","0","0","","","","","1","4","","80","","","2022-12-03 18:18:17","2022-12-03 18:18:17");
INSERT INTO sales VALUES("617","posr-20221208-104449","1","9","245","2","1","1","5","0","0","75","75","0","0","","","","","1","4","","75","","","2022-12-08 10:44:49","2022-12-08 10:44:49");
INSERT INTO sales VALUES("618","posr-20221208-104851","1","9","277","2","1","2","2","0","0","54","54","0","0","","","","","1","4","","54","","","2022-12-08 10:48:51","2022-12-08 10:48:51");
INSERT INTO sales VALUES("619","posr-20221208-105211","1","9","278","2","1","1","1","0","0","24","24","0","0","","","","","1","4","","24","","","2022-12-08 10:52:11","2022-12-08 10:52:11");
INSERT INTO sales VALUES("620","posr-20221208-105731","1","9","261","2","1","1","2","0","0","390","390","0","0","","","","","1","4","","390","","","2022-12-08 10:57:31","2022-12-08 10:57:31");
INSERT INTO sales VALUES("621","posr-20221208-110200","1","9","259","2","1","2","2","0","0","60","60","0","0","","","","","1","4","","60","","","2022-12-08 11:02:00","2022-12-08 11:02:00");
INSERT INTO sales VALUES("622","posr-20221208-112436","1","9","149","2","1","6","17","0","0","1843","1843","0","0","","","","","1","2","","650","","","2022-12-08 11:24:36","2022-12-15 16:23:30");
INSERT INTO sales VALUES("623","posr-20221208-112602","1","9","61","2","1","2","5","0","0","560","560","0","0","","","","","1","4","","560","","","2022-12-08 11:26:02","2022-12-08 11:26:02");
INSERT INTO sales VALUES("624","posr-20221208-122806","1","9","279","2","1","1","4","0","0","80","80","0","0","","","","","1","4","","80","","","2022-12-08 12:28:06","2022-12-08 12:28:06");
INSERT INTO sales VALUES("625","posr-20221208-122902","1","9","63","2","1","2","2","0","0","66","66","0","0","","","","","1","4","","66","","","2022-12-08 12:29:02","2022-12-08 12:29:02");
INSERT INTO sales VALUES("626","posr-20221208-122948","1","9","56","2","1","1","2","0","0","180","180","0","0","","","","","1","2","","0","","","2022-12-08 12:29:48","2022-12-08 12:29:48");
INSERT INTO sales VALUES("627","posr-20221208-123141","1","9","30","2","1","3","3","0","0","365","365","0","0","","","","","1","4","","365","","","2022-12-08 12:31:41","2022-12-08 12:31:41");
INSERT INTO sales VALUES("628","posr-20221208-124118","1","9","280","2","1","2","4","0","0","330","330","0","0","","","","","1","4","","330","","","2022-12-08 12:41:18","2022-12-08 12:41:18");
INSERT INTO sales VALUES("629","posr-20221208-124311","1","9","281","2","1","2","5","0","0","233","233","0","0","","","","","1","4","","233","","","2022-12-08 12:43:11","2022-12-08 12:43:11");
INSERT INTO sales VALUES("630","posr-20221208-124710","1","9","163","2","1","2","10","0","0","195","195","0","0","","","","","1","4","","195","","","2022-12-08 12:47:10","2022-12-08 12:47:10");
INSERT INTO sales VALUES("631","posr-20221208-125300","1","9","282","2","1","2","5","0","0","156","156","0","0","","","","","1","4","","156","","","2022-12-08 12:53:00","2022-12-08 12:53:00");
INSERT INTO sales VALUES("632","posr-20221208-125352","1","9","118","2","1","2","3","0","0","260","260","0","0","","","","","1","4","","260","","","2022-12-08 12:53:52","2022-12-08 12:53:52");
INSERT INTO sales VALUES("633","posr-20221208-010047","1","9","283","2","1","5","7","0","0","377","377","0","0","","","","","1","4","","377","","","2022-12-08 13:00:47","2022-12-08 13:00:47");
INSERT INTO sales VALUES("634","posr-20221208-010305","1","9","272","2","1","1","3","0","0","108","108","0","0","","","","","1","4","","108","","","2022-12-08 13:03:05","2022-12-08 13:03:05");
INSERT INTO sales VALUES("635","posr-20221208-010454","1","9","121","2","1","1","3","0","0","270","270","0","0","","","","","1","2","","0","","","2022-12-08 13:04:54","2022-12-08 13:04:54");
INSERT INTO sales VALUES("636","posr-20221208-010535","1","9","195","2","1","1","2","0","0","400","400","0","0","","","","","1","2","","368","","","2022-12-08 13:05:35","2022-12-13 10:01:54");
INSERT INTO sales VALUES("637","posr-20221208-011219","1","9","284","2","1","2","3","0","0","60","60","0","0","","","","","1","4","","60","","","2022-12-08 13:12:19","2022-12-08 13:12:19");
INSERT INTO sales VALUES("638","posr-20221208-011424","1","9","285","2","1","1","3","0","0","240","240","0","0","","","","","1","4","","240","","","2022-12-08 13:14:24","2022-12-08 13:14:24");
INSERT INTO sales VALUES("639","posr-20221208-011625","1","9","40","2","1","4","8","0","0","290","290","0","0","","","","","1","4","","290","","","2022-12-08 13:16:25","2022-12-08 13:16:25");
INSERT INTO sales VALUES("640","posr-20221208-012031","1","9","286","2","1","5","6","0","0","281","281","0","0","","","","","1","2","","0","","","2022-12-08 13:20:31","2022-12-08 13:20:31");
INSERT INTO sales VALUES("641","posr-20221208-012502","1","9","258","2","1","5","14","0","0","452","452","0","0","","","","","1","2","","278","","","2022-12-08 13:25:02","2022-12-08 13:25:02");
INSERT INTO sales VALUES("642","posr-20221208-012818","1","9","275","2","1","4","9","0","0","708","708","0","0","","","","","1","4","","708","","","2022-12-08 13:28:18","2022-12-08 13:28:18");
INSERT INTO sales VALUES("643","posr-20221208-013043","1","9","287","2","1","3","3","0","0","230","230","0","0","","","","","1","4","","230","","","2022-12-08 13:30:43","2022-12-08 13:30:43");
INSERT INTO sales VALUES("644","posr-20221208-053600","1","9","291","2","1","1","3","0","0","54","54","0","0","","","","","1","4","","54","","","2022-12-08 17:36:00","2022-12-08 17:36:00");
INSERT INTO sales VALUES("645","posr-20221208-053641","1","9","290","2","1","1","1","0","0","24","24","0","0","","","","","1","4","","24","","","2022-12-08 17:36:41","2022-12-08 17:36:41");
INSERT INTO sales VALUES("646","posr-20221208-053747","1","9","289","2","1","1","1","0","0","90","90","0","0","","","","","1","4","","90","","","2022-12-08 17:37:47","2022-12-08 17:37:47");
INSERT INTO sales VALUES("647","posr-20221208-054020","1","9","81","2","1","2","2","0","0","170","170","0","0","","","","","1","4","","170","","","2022-12-08 17:40:20","2022-12-08 17:40:20");
INSERT INTO sales VALUES("648","posr-20221210-011352","1","9","70","2","1","1","7","0","0","630","630","0","0","","","","","1","4","","630","","","2022-12-10 13:13:52","2022-12-10 13:13:52");
INSERT INTO sales VALUES("649","posr-20221211-041616","1","9","292","2","1","1","6","0","0","510","510","0","0","","","","","1","2","","500","","","2022-12-11 16:16:16","2022-12-11 16:16:16");
INSERT INTO sales VALUES("650","posr-20221212-010028","1","9","156","2","1","2","6","0","0","520","520","0","0","","","","","1","2","","0","","","2022-12-12 13:00:28","2022-12-12 13:00:28");
INSERT INTO sales VALUES("651","posr-20221215-111010","1","9","293","2","1","2","35","0","0","3400","3400","0","0","","","","","1","2","","0","","","2022-12-15 11:10:10","2022-12-15 11:10:10");
INSERT INTO sales VALUES("652","posr-20221215-011957","1","9","81","2","1","2","5","0","0","234","234","0","0","","","","","1","4","","234","","","2022-12-15 13:19:57","2022-12-15 13:19:57");
INSERT INTO sales VALUES("653","posr-20221215-042658","1","9","81","2","1","1","1","0","0","25","25","0","0","","","","","1","4","","25","","","2022-12-15 16:26:58","2022-12-15 16:26:58");



CREATE TABLE `stock_counts` (
  `id` int(10) unsigned NOT NULL AUTO_INCREMENT,
  `reference_no` varchar(191) COLLATE utf8mb4_unicode_ci NOT NULL,
  `warehouse_id` int(11) NOT NULL,
  `category_id` varchar(191) COLLATE utf8mb4_unicode_ci DEFAULT NULL,
  `brand_id` varchar(191) COLLATE utf8mb4_unicode_ci DEFAULT NULL,
  `user_id` int(11) NOT NULL,
  `type` varchar(191) COLLATE utf8mb4_unicode_ci NOT NULL,
  `initial_file` varchar(191) COLLATE utf8mb4_unicode_ci DEFAULT NULL,
  `final_file` varchar(191) COLLATE utf8mb4_unicode_ci DEFAULT NULL,
  `note` text COLLATE utf8mb4_unicode_ci DEFAULT NULL,
  `is_adjusted` tinyint(1) NOT NULL,
  `created_at` timestamp NULL DEFAULT NULL,
  `updated_at` timestamp NULL DEFAULT NULL,
  PRIMARY KEY (`id`)
) ENGINE=InnoDB AUTO_INCREMENT=2 DEFAULT CHARSET=utf8mb4 COLLATE=utf8mb4_unicode_ci;

INSERT INTO stock_counts VALUES("1","scr-20190228-124939","2","","","1","full","20190228-124939.csv","","","0","2019-02-28 08:49:39","2019-02-28 08:49:39");



CREATE TABLE `suppliers` (
  `id` int(10) unsigned NOT NULL AUTO_INCREMENT,
  `name` varchar(191) COLLATE utf8mb4_unicode_ci NOT NULL,
  `image` varchar(191) COLLATE utf8mb4_unicode_ci DEFAULT NULL,
  `company_name` varchar(191) COLLATE utf8mb4_unicode_ci NOT NULL,
  `vat_number` varchar(191) COLLATE utf8mb4_unicode_ci DEFAULT NULL,
  `email` varchar(191) COLLATE utf8mb4_unicode_ci NOT NULL,
  `phone_number` varchar(191) COLLATE utf8mb4_unicode_ci NOT NULL,
  `address` varchar(191) COLLATE utf8mb4_unicode_ci NOT NULL,
  `city` varchar(191) COLLATE utf8mb4_unicode_ci NOT NULL,
  `state` varchar(191) COLLATE utf8mb4_unicode_ci DEFAULT NULL,
  `postal_code` varchar(191) COLLATE utf8mb4_unicode_ci DEFAULT NULL,
  `country` varchar(191) COLLATE utf8mb4_unicode_ci DEFAULT NULL,
  `is_active` tinyint(1) DEFAULT NULL,
  `created_at` timestamp NULL DEFAULT NULL,
  `updated_at` timestamp NULL DEFAULT NULL,
  PRIMARY KEY (`id`)
) ENGINE=InnoDB AUTO_INCREMENT=11 DEFAULT CHARSET=utf8mb4 COLLATE=utf8mb4_unicode_ci;

INSERT INTO suppliers VALUES("1","سشيشسي","","شيشسي","0","abdo_sbedo@yahoo.com","0121212","سشي","0","0","0","0","0","2021-10-10 20:52:33","2021-10-10 21:04:46");
INSERT INTO suppliers VALUES("2","حازم فرو","","فرو","","hazm@hazm.com","01228081489","الموسكي","القاهره","","","","0","2021-10-10 21:04:30","2021-11-28 10:47:50");
INSERT INTO suppliers VALUES("3","محمود علي","","مصنع كادو","","alaa@laa.com","01016881514","المعادي","القاهره","","","مصر","1","2021-11-25 17:25:44","2021-11-25 17:25:44");
INSERT INTO suppliers VALUES("4","محمد ضيافضياف","","فين استايل","","hazm@hazm.com","0913004922","البيفيي","تاجوراء","","","","1","2021-12-27 11:06:08","2021-12-27 11:06:08");
INSERT INTO suppliers VALUES("5","خالد العالم","","العالم","","kaaald22@kalddd","0914447372","الكريميه","الكريميه","","","","1","2021-12-27 18:03:29","2021-12-27 18:03:29");
INSERT INTO suppliers VALUES("6","اكرم ابوشاقور","","ابوشاقور","","hhhhh@hhgfg","0926322894","الكريميه","الكريميه","","","","1","2021-12-27 18:04:59","2021-12-27 18:04:59");
INSERT INTO suppliers VALUES("7","سليم","","جوري","","sssss@dddd","0917000441","البيفي","البيفي","","","","1","2021-12-27 18:06:05","2021-12-27 18:06:05");
INSERT INTO suppliers VALUES("8","ايمن هدايا","","ايمن","","ayman@hfjhj","0915153003","تاجوراء","تاجوراء","","","","1","2021-12-30 14:24:28","2021-12-30 14:24:28");
INSERT INTO suppliers VALUES("9","صافي","","صافي","","alaaabo_taleb2000@yahoo.com","0911766116","الكريميه","الكريميه","","","الصين","1","2022-06-20 12:27:05","2022-06-20 12:27:05");
INSERT INTO suppliers VALUES("10","وائل شركه  الاوائل","","الاوائل","","alaaabdalezim22@gmail.com","0919409090","البيفي","طرابس","","","","1","2022-12-08 09:56:30","2022-12-08 09:56:30");



CREATE TABLE `taxes` (
  `id` int(10) unsigned NOT NULL AUTO_INCREMENT,
  `name` varchar(191) COLLATE utf8mb4_unicode_ci NOT NULL,
  `rate` double NOT NULL,
  `is_active` tinyint(1) DEFAULT NULL,
  `created_at` timestamp NULL DEFAULT NULL,
  `updated_at` timestamp NULL DEFAULT NULL,
  PRIMARY KEY (`id`)
) ENGINE=InnoDB AUTO_INCREMENT=6 DEFAULT CHARSET=utf8mb4 COLLATE=utf8mb4_unicode_ci;

INSERT INTO taxes VALUES("1","vat@10","10","0","2018-05-12 12:58:30","2021-11-26 23:35:12");
INSERT INTO taxes VALUES("2","vat@15","15","0","2018-05-12 12:58:43","2021-11-26 23:35:08");
INSERT INTO taxes VALUES("3","test","6","0","2018-05-28 02:32:54","2018-05-28 02:34:44");
INSERT INTO taxes VALUES("4","vat 20","20","0","2018-09-01 03:58:57","2021-11-26 23:34:56");
INSERT INTO taxes VALUES("5","القيمة المضافة","14","0","2021-08-13 18:11:23","2021-11-26 23:35:02");



CREATE TABLE `transfers` (
  `id` int(10) unsigned NOT NULL AUTO_INCREMENT,
  `reference_no` varchar(191) COLLATE utf8mb4_unicode_ci NOT NULL,
  `user_id` int(11) NOT NULL,
  `status` int(11) NOT NULL,
  `from_warehouse_id` int(11) NOT NULL,
  `to_warehouse_id` int(11) NOT NULL,
  `item` int(11) NOT NULL,
  `total_qty` double NOT NULL,
  `total_tax` double NOT NULL,
  `total_cost` double NOT NULL,
  `shipping_cost` double DEFAULT NULL,
  `grand_total` double NOT NULL,
  `document` varchar(191) COLLATE utf8mb4_unicode_ci DEFAULT NULL,
  `note` text COLLATE utf8mb4_unicode_ci DEFAULT NULL,
  `created_at` timestamp NULL DEFAULT NULL,
  `updated_at` timestamp NULL DEFAULT NULL,
  PRIMARY KEY (`id`)
) ENGINE=InnoDB AUTO_INCREMENT=13 DEFAULT CHARSET=utf8mb4 COLLATE=utf8mb4_unicode_ci;

INSERT INTO transfers VALUES("1","tr-20180808-051710","1","1","2","1","1","100","0","100","0","100","","","2018-08-08 14:17:10","2018-12-25 00:16:55");
INSERT INTO transfers VALUES("6","tr-20191205-075504","1","1","1","2","1","1","0","2","0","2","","","2019-12-05 15:55:04","2019-12-05 16:09:42");
INSERT INTO transfers VALUES("8","tr-20200122-123058","1","1","1","2","1","10","0","1000","","1000","","","2020-01-22 08:30:58","2020-01-22 08:30:58");
INSERT INTO transfers VALUES("10","tr-20201008-012735","9","1","1","2","1","1","32","352","0","352","","","2020-10-08 10:27:35","2020-10-08 10:29:35");
INSERT INTO transfers VALUES("11","tr-20201018-061708","9","1","1","2","1","1","0","1","","1","","","2020-10-18 15:17:08","2020-10-18 15:17:08");
INSERT INTO transfers VALUES("12","tr-20201024-090146","1","1","2","1","1","10","4500","34500","","34500","","","2020-10-24 06:01:46","2020-10-24 06:01:46");



CREATE TABLE `units` (
  `id` int(10) unsigned NOT NULL AUTO_INCREMENT,
  `unit_code` varchar(191) COLLATE utf8mb4_unicode_ci NOT NULL,
  `unit_name` varchar(191) COLLATE utf8mb4_unicode_ci NOT NULL,
  `base_unit` int(11) DEFAULT NULL,
  `operator` varchar(191) COLLATE utf8mb4_unicode_ci DEFAULT NULL,
  `operation_value` double DEFAULT NULL,
  `is_active` tinyint(1) DEFAULT NULL,
  `created_at` timestamp NULL DEFAULT NULL,
  `updated_at` timestamp NULL DEFAULT NULL,
  PRIMARY KEY (`id`)
) ENGINE=InnoDB AUTO_INCREMENT=12 DEFAULT CHARSET=utf8mb4 COLLATE=utf8mb4_unicode_ci;

INSERT INTO units VALUES("1","pc","قطعه","","*","1","1","2018-05-12 05:27:46","2021-08-18 22:53:50");
INSERT INTO units VALUES("2","علبة 12","علبة 12","1","*","12","1","2018-05-12 12:57:05","2018-05-12 12:57:05");
INSERT INTO units VALUES("3","علبة 24","علبة 24","1","*","24","1","2018-05-12 12:57:45","2020-03-11 12:36:59");
INSERT INTO units VALUES("4","m","meter","","*","1","1","2018-05-12 12:58:07","2018-05-28 02:20:57");
INSERT INTO units VALUES("6","test","test","","*","1","0","2018-05-28 02:20:20","2018-05-28 02:20:25");
INSERT INTO units VALUES("7","kg","kilogram","","*","1","1","2018-06-25 03:49:26","2018-06-25 03:49:26");
INSERT INTO units VALUES("8","20","ni33","8","*","1","0","2018-08-01 01:35:51","2018-08-01 01:40:54");
INSERT INTO units VALUES("9","gm","gram","7","/","1000","1","2018-09-01 03:06:28","2018-09-01 03:06:28");
INSERT INTO units VALUES("10","gz","goz","","*","1","0","2018-11-29 05:40:29","2019-03-02 13:53:29");



CREATE TABLE `users` (
  `id` int(10) unsigned NOT NULL AUTO_INCREMENT,
  `name` varchar(191) COLLATE utf8mb4_unicode_ci NOT NULL,
  `email` varchar(191) COLLATE utf8mb4_unicode_ci NOT NULL,
  `password` varchar(191) COLLATE utf8mb4_unicode_ci NOT NULL,
  `remember_token` varchar(100) COLLATE utf8mb4_unicode_ci DEFAULT NULL,
  `phone` varchar(191) COLLATE utf8mb4_unicode_ci NOT NULL,
  `company_name` varchar(191) COLLATE utf8mb4_unicode_ci DEFAULT NULL,
  `role_id` int(11) NOT NULL,
  `biller_id` int(11) DEFAULT NULL,
  `warehouse_id` int(11) DEFAULT NULL,
  `is_active` tinyint(1) NOT NULL,
  `is_deleted` tinyint(1) NOT NULL,
  `created_at` timestamp NULL DEFAULT NULL,
  `updated_at` timestamp NULL DEFAULT NULL,
  PRIMARY KEY (`id`)
) ENGINE=InnoDB AUTO_INCREMENT=30 DEFAULT CHARSET=utf8mb4 COLLATE=utf8mb4_unicode_ci;

INSERT INTO users VALUES("1","admin","admin@admin.com","$2y$10$iWiwhT8BEpooZgCEj9qZkOyXYsJ73KD9nN8iOhMUuURCdlKugGWPu","LayuLPCTQWzyn921Zqzi0I0uujP4Z4jO4CtDcFPOwT9GBkuPdDsaAlpBFfhL","12112","lioncoders","1","","","1","0","2018-06-02 06:24:15","2021-12-22 00:12:05");



CREATE TABLE `variants` (
  `id` int(10) unsigned NOT NULL AUTO_INCREMENT,
  `name` varchar(191) COLLATE utf8mb4_unicode_ci NOT NULL,
  `created_at` timestamp NULL DEFAULT NULL,
  `updated_at` timestamp NULL DEFAULT NULL,
  PRIMARY KEY (`id`)
) ENGINE=InnoDB AUTO_INCREMENT=19 DEFAULT CHARSET=utf8mb4 COLLATE=utf8mb4_unicode_ci;

INSERT INTO variants VALUES("2","Medium","2019-11-21 09:03:04","2019-11-24 10:43:52");
INSERT INTO variants VALUES("3","Small","2019-11-21 09:03:04","2019-11-24 10:43:52");
INSERT INTO variants VALUES("5","Large","2019-11-24 08:07:20","2019-11-24 10:44:56");
INSERT INTO variants VALUES("9","a","2020-05-18 19:44:14","2020-05-18 19:44:14");
INSERT INTO variants VALUES("11","b","2020-05-18 19:53:49","2020-05-18 19:53:49");
INSERT INTO variants VALUES("12","variant 1","2020-09-27 09:08:27","2020-09-27 09:08:27");
INSERT INTO variants VALUES("13","variant 2","2020-09-27 09:08:27","2020-09-27 09:08:27");
INSERT INTO variants VALUES("15","S","2020-11-16 08:09:33","2020-11-16 08:09:33");
INSERT INTO variants VALUES("16","M","2020-11-16 08:09:33","2020-11-16 08:09:33");
INSERT INTO variants VALUES("17","L","2020-11-16 08:09:33","2020-11-16 08:09:33");
INSERT INTO variants VALUES("18"," ","2021-09-01 05:57:11","2021-09-01 05:57:11");



CREATE TABLE `warehouses` (
  `id` int(10) unsigned NOT NULL AUTO_INCREMENT,
  `name` varchar(191) COLLATE utf8mb4_unicode_ci NOT NULL,
  `phone` varchar(191) COLLATE utf8mb4_unicode_ci DEFAULT NULL,
  `email` varchar(191) COLLATE utf8mb4_unicode_ci DEFAULT NULL,
  `address` text COLLATE utf8mb4_unicode_ci NOT NULL,
  `is_active` tinyint(1) DEFAULT NULL,
  `created_at` timestamp NULL DEFAULT NULL,
  `updated_at` timestamp NULL DEFAULT NULL,
  PRIMARY KEY (`id`)
) ENGINE=InnoDB AUTO_INCREMENT=7 DEFAULT CHARSET=utf8mb4 COLLATE=utf8mb4_unicode_ci;

INSERT INTO warehouses VALUES("1","warehouse 1","2312121","war1@lion.com","khatungonj, chittagong","1","2018-05-12 10:51:44","2021-08-13 17:58:34");
INSERT INTO warehouses VALUES("2","توب جفت","0910926785-0943402781","info@top.com","باب بن غشير أمام بوابه نادي الاتحاد الرياضي","1","2018-05-12 11:09:03","2021-11-25 18:36:34");
INSERT INTO warehouses VALUES("3","test","","","dqwdeqw","1","2018-05-30 03:14:23","2018-05-30 03:14:47");
INSERT INTO warehouses VALUES("6","gudam","2121","","gazipur","1","2018-09-01 01:53:26","2018-09-01 01:54:48");

